timestamp,cross_track_error,current_velocity,goal_velocity,x_m,y_m
1740802682.536788700,1.2941666256553805,0.1062311543216658,5.0,0.001869241063179878,-1.1417166570033367e-06
1740802682.545840217,0.8567252472166851,4.806947023269184,5.0,3.1840992622037607,-0.8377848880455481
1740802682.555027605,0.8535791997773559,4.819956447637516,5.0,3.2299267212356844,-0.8533541968832807
1740802682.565477091,0.8504912654580552,4.854154525135021,5.0,3.275923908436601,-0.8690705482728374
1740802682.571336223,0.8474305871237985,4.892198993571926,5.0,3.3222465648287596,-0.8849747020020817
1740802682.582184799,0.8444025313916692,4.930975378464262,5.0,3.3689051370987255,-0.9010660147955375
1740802682.590043008,0.8413892940656483,4.970775852282349,5.0,3.4159093580798032,-0.9173410520147086
1740802682.601855072,0.838391510734397,5.012090867998559,5.0,3.4632721706651157,-0.9337940580808151
1740802682.610564210,0.8353745488553864,5.055858111983071,5.0,3.5110178260469533,-0.950409148185617
1740802682.621129876,0.8322748518330734,5.087495655277746,5.0,3.5591415037907423,-0.9671050334151197
1740802682.632216021,0.8289750008791642,5.106273104560377,5.0,3.6075060587246495,-0.983706379464482
1740802682.641069229,0.825440413067848,5.124993931269366,5.0,3.6560858373514367,-1.0001574262608832
1740802682.651404326,0.8216526880150752,5.143793172419999,5.0,3.7048882050518546,-1.0164465429181975
1740802682.661309742,0.817597542613814,5.162602067802805,5.0,3.753921142611961,-1.0325579464787549
1740802682.671249519,0.8132526973568627,5.1816628933182,5.0,3.803193809133541,-1.0484724181631366
1740802682.682712603,0.8085986445905002,5.2008923704831735,5.0,3.852715980399389,-1.0641734020851306
1740802682.691962401,0.8036294541054326,5.2207474856024,5.0,3.902495923255488,-1.0796545809765257
1740802682.702222247,0.7983348179020993,5.240933217436141,5.0,3.952542261121877,-1.094913672283293
1740802682.711849704,0.7927234267317728,5.261739903222274,5.0,4.002860731350812,-1.109954413458364
1740802682.722058750,0.7867903884935363,5.282924525645779,5.0,4.053456697987694,-1.1247836356608378
1740802682.731545647,0.7805552168774543,5.304601761663695,5.0,4.104333229058133,-1.139410850933025
1740802682.742164863,0.7740060144002479,5.326493366223877,5.0,4.155494178251161,-1.153839898499238
1740802682.752246140,0.7671569793595902,5.348774532442836,5.0,4.206943445968403,-1.1680696656733789
1740802682.762506646,0.7599856681303309,5.371278124615109,5.0,4.2586857510242275,-1.1820979034368848
1740802682.772619232,0.7525074255087965,5.394229594503008,5.0,4.310725474768849,-1.195921654431101
1740802682.782604589,0.7446988824259986,5.417754604863096,5.0,4.363069082903255,-1.2095379861268907
1740802682.792619936,0.736570534791414,5.441732660435056,5.0,4.415723086310603,-1.222943219430909
1740802682.802040023,0.7281023275475282,5.466812861605774,5.0,4.468696096159248,-1.2361327585032649
1740802682.812208949,0.7192922512560469,5.493491371579065,5.0,4.522003418597952,-1.249100532978858
1740802682.821538326,0.7101109022390416,5.524976535473844,5.0,4.575678165858939,-1.261834624030188
1740802682.833850610,0.7004906498221936,5.52438682145061,5.0,4.629664299388432,-1.274234957487996
1740802682.842214999,0.6903954700040646,5.511592778287207,5.0,4.683683228105564,-1.2861431657475413
1740802682.852640795,0.6798539676516485,5.499167646821954,5.0,4.737709561363529,-1.2975831323315206
1740802682.863033561,0.6689298030556539,5.48800173089227,5.0,4.791732875384327,-1.3086119491318682
1740802682.871614709,0.657679620579665,5.47815797067098,5.0,4.845743696706418,-1.3192962428694226
1740802682.882628744,0.6461788098438966,5.4697355174873055,5.0,4.899733286635479,-1.329701831858491
1740802682.893021320,0.6344793742581744,5.462284257480273,5.0,4.953691872816059,-1.3398944762234302
1740802682.901690099,0.6226548835323101,5.455700740150332,5.0,5.007608355755372,-1.3499353607239961
1740802682.912923353,0.6107459774710344,5.450482564368948,5.0,5.061477176485409,-1.3598765943772204
1740802682.921132112,0.5988000345904888,5.445641723538088,5.0,5.115295534580913,-1.3697595911787994
1740802682.932608747,0.5868389423613132,5.4410987673506215,5.0,5.169058481135998,-1.3796119114092467
1740802682.942381974,0.5748851626126205,5.436360711431397,5.0,5.222762249411382,-1.3894514579221984
1740802682.952904540,0.5629479600522288,5.431942970660035,5.0,5.276404480666408,-1.3992896105416512
1740802682.960376350,0.5510377078169708,5.427520484767234,5.0,5.3299853527529315,-1.4091359970455113
1740802682.974922940,0.5391633664503724,5.423149445970558,5.0,5.383503326006663,-1.4189993272824633
1740802682.981049072,0.5273359937692401,5.41880722575257,5.0,5.436956550493536,-1.4288912841225934
1740802682.992562227,0.5155704063123807,5.4147296388477955,5.0,5.490343627533359,-1.438825154726115
1740802683.2515013,0.5038785723191258,5.410501387409866,5.0,5.5436626416866295,-1.4488152775332015
1740802683.13348088,0.4922766064751417,5.406624863284405,5.0,5.596911692609363,-1.4588749515313286
1740802683.20869798,0.4807727783062143,5.40270416379113,5.0,5.650090935657061,-1.4690158073630388
1740802683.34535420,0.469378649813515,5.398908455319704,5.0,5.703199508794064,-1.4792464629408364
1740802683.43072588,0.45810422604526346,5.395070924888841,5.0,5.756236013414274,-1.4895800495783809
1740802683.52340576,0.4469665413775372,5.39126305305251,5.0,5.809197864487129,-1.500030733552299
1740802683.62931852,0.43596584478940703,5.3876534758386105,5.0,5.862086782318328,-1.510601219981539
1740802683.70448431,0.42510258842994336,5.383953808440426,5.0,5.91490473674114,-1.5212909719377978
1740802683.83737834,0.414375851175937,5.380257416949402,5.0,5.967652640426262,-1.5320997179011069
1740802683.91993113,0.4037863449270903,5.376480917358289,5.0,6.020331183893546,-1.5430277605138996
1740802683.103763837,0.3933347799174262,5.372748642969883,5.0,6.072940801735356,-1.5540756043936759
1740802683.110186818,0.3830215913040076,5.368942329490933,5.0,6.125482129014767,-1.5652438421669839
1740802683.123358600,0.37284749382614313,5.3651431335718796,5.0,6.177955500557744,-1.5765329109392523
1740802683.130066471,0.36281328226465176,5.361282893263328,5.0,6.230361345438872,-1.5879432540739977
1740802683.143804643,0.35291912490717553,5.357445916911869,5.0,6.282699931153944,-1.5994751575394985
1740802683.149944835,0.343166479852443,5.353562503560424,5.0,6.334971429271681,-1.6111289667878657
1740802683.164181855,0.3335544044046239,5.3496682574789585,5.0,6.387176248728578,-1.6229049394842814
1740802683.170419847,0.3240856174845967,5.345739442669724,5.0,6.439314385087202,-1.634803428919429
1740802683.183665139,0.31475799299440577,5.341820105217245,5.0,6.491385825997954,-1.646824873528027
1740802683.190371630,0.3055765530814336,5.337862052370045,5.0,6.543390522618144,-1.6589699558788056
1740802683.206307899,0.29653742418325546,5.33390530222931,5.0,6.59532826197443,-1.671239481755954
1740802683.212149061,0.28764841026370264,5.329911560733452,5.0,6.647198724813716,-1.6836346552546495
1740802683.222937126,0.2789038410940857,5.325713210462533,5.0,6.699000551480114,-1.696156578734937
1740802683.230308356,0.27031541625286576,5.321449844855661,5.0,6.750731869095106,-1.708806750218992
1740802683.243866298,0.26187569475956046,5.317197870184918,5.0,6.8023920115736365,-1.7215870164544431
1740802683.251228828,0.25359697675219406,5.312902228580495,5.0,6.853980174001547,-1.7344998509090475
1740802683.263507751,0.24547342877956851,5.308609925526975,5.0,6.905495493176438,-1.7475476525240907
1740802683.270593432,0.23751813864938565,5.304279555633996,5.0,6.956936263234069,-1.7607347342665376
1740802683.283468515,0.2297247577742539,5.29993037134521,5.0,7.008302622418324,-1.7740616935037017
1740802683.290629425,0.22210644674803257,5.295548402751702,5.0,7.059591930503755,-1.7875346551851619
1740802683.303215188,0.21465946749190354,5.291134112191168,5.0,7.110804162259472,-1.8011545868879806
1740802683.311061137,0.2073938323807208,5.286673790329684,5.0,7.1619370298799,-1.814926939382547
1740802683.323115791,0.20031197078174023,5.282191352399193,5.0,7.212988911341988,-1.8288557893261712
1740802683.329820432,0.19342150474433548,5.277653326876852,5.0,7.26395735600444,-1.842947009640652
1740802683.343020734,0.18672604958200756,5.272901560180626,5.0,7.314840865923709,-1.8572027038611008
1740802683.350188025,0.18023058480647394,5.268065719336562,5.0,7.3656356271202394,-1.8716289232891397
1740802683.362803218,0.1739444800803495,5.263205750887187,5.0,7.416339752533781,-1.8862300765742772
1740802683.373584673,0.16786763934475704,5.258597562709026,5.0,7.466952397756331,-1.901012044969273
1740802683.380133585,0.162014585520564,5.253937018066923,5.0,7.517472829229041,-1.9159808887844407
1740802683.391757429,0.156375209340921,5.249716336662695,5.0,7.567901406233377,-1.9311367334839562
1740802683.402232895,0.15093544648114007,5.245474584606704,5.0,7.618246413347768,-1.9464535759631585
1740802683.412451311,0.14566829894896088,5.241837793047181,5.0,7.668510256350739,-1.9619191724738483
1740802683.422680217,0.14056431960967458,5.2386834219067,5.0,7.718704364618711,-1.9775086048728456
1740802683.433122253,0.13556804408324774,5.235942722019789,5.0,7.768839880565946,-1.993187922965617
1740802683.442015461,0.13070845750130994,5.2328231829041565,5.0,7.818915284015378,-2.0089625974163985
1740802683.452494057,0.12598167558838444,5.2298622110162025,5.0,7.8689245585005825,-2.024851052149217
1740802683.462753923,0.12139372221486089,5.227720938933541,5.0,7.918876101995921,-2.0408392140963922
1740802683.473339009,0.11689490671717517,5.225704168147565,5.0,7.968780609574402,-2.056899201208266
1740802683.480635129,0.11247875117977689,5.223917266021026,5.0,8.01864476461328,-2.073006719953899
1740802683.492610273,0.10811343502254495,5.22210904008427,5.0,8.068473587994854,-2.0891464601067176
1740802683.502960459,0.10382761921742299,5.22052636256814,5.0,8.11826387834864,-2.105332222782414
1740802683.513327105,0.09960355522501176,5.219254073396314,5.0,8.168020734290732,-2.1215598594248095
1740802683.523382622,0.09543436277096062,5.217679089338899,5.0,8.217748610282111,-2.1378127943452387
1740802683.533711288,0.09133414650982562,5.21589877456366,5.0,8.267439807161102,-2.1541107126742887
1740802683.543486865,0.08734004298094088,5.213828668607173,5.0,8.317084799483531,-2.1704840103336145
1740802683.553364691,0.08344786795891555,5.212015557829481,5.0,8.366684607144107,-2.1869309540417694
1740802683.563134928,0.0796674435396859,5.209914548234826,5.0,8.41623588438291,-2.2034604955001105
1740802683.573409024,0.07599189039404884,5.208552830852676,5.0,8.465743046644745,-2.22006369303616
1740802683.583095151,0.07239317071385837,5.2068535047547,5.0,8.515214274253449,-2.2367192431399534
1740802683.593123188,0.06888777199896282,5.205495019980693,5.0,8.564645931449327,-2.253434003524281
1740802683.603123974,0.06545316307762737,5.204231906821854,5.0,8.614044092358613,-2.2701980813922935
1740802683.613190671,0.06208183871378632,5.203155166438919,5.0,8.66341549077994,-2.2869901301777698
1740802683.623136578,0.05876823842781344,5.201718778165939,5.0,8.712756043232623,-2.303821119190994
1740802683.632994704,0.05553111464192018,5.200673731852972,5.0,8.762067084259387,-2.320688871043268
1740802683.642896091,0.05234295651577158,5.1993842021714425,5.0,8.81135026713956,-2.3375901391038387
1740802683.652887807,0.049226117370025316,5.198256609863079,5.0,8.860606992241433,-2.354519591863654
1740802683.662994864,0.04616634110127355,5.196645157388336,5.0,8.909831258634295,-2.3714924821902157
1740802683.672941000,0.04319461528502801,5.195623323792981,5.0,8.959024633500391,-2.3885051454869317
1740802683.682865197,0.04025769506304075,5.194189299716928,5.0,9.008193369242761,-2.4055419483937275
1740802683.693298733,0.03740711968273246,5.1931932081032715,5.0,9.057332418946093,-2.422616025487931
1740802683.702793310,0.03460127816807109,5.192501958526293,5.0,9.106448044093906,-2.4397236561942033
1740802683.713020786,0.0318508031222339,5.19202757227519,5.0,9.15554862295154,-2.4568430855172636
1740802683.721791595,0.029105078090643843,5.191676101531949,5.0,9.204641268508073,-2.473955499299569
1740802683.732963919,0.02638113668092577,5.191169706354607,5.0,9.253729594276708,-2.491050159940683
1740802683.742052557,0.0236803739903162,5.190238314933027,5.0,9.302803945416995,-2.5081513762140344
1740802683.751655254,0.021060415280456702,5.189253823936537,5.0,9.351852387879925,-2.525292317297741
1740802683.762476200,0.018499123871193866,5.188165446310998,5.0,9.400875789904013,-2.542469671453329
1740802683.773178595,0.015991760231341055,5.1875140476884924,5.0,9.449880973236738,-2.5596637394222332
1740802683.781130705,0.013507398568933964,5.187030569077118,5.0,9.49887637534043,-2.5768575968478364
1740802683.792535609,0.011037922329175975,5.186663918632865,5.0,9.547868354851285,-2.594034684692337
1740802683.802878985,0.008559623454324794,5.186085774276989,5.0,9.596862003479803,-2.6111776463185983
1740802683.813117302,0.006057085297175176,5.185521731449214,5.0,9.645861651260507,-2.6282686666285198
1740802683.823067778,0.0035179247782294626,5.185231492308349,5.0,9.694873248406797,-2.6452951558187423
1740802683.833176985,0.0009532462425920431,5.184550453476102,5.0,9.743892400275875,-2.6622720661660804
1740802683.843008642,0.0016272551204591192,5.184184705864157,5.0,9.79291849780922,-2.6792003551793453
1740802683.853053638,0.004238616940031246,5.183373072082429,5.0,9.841952903360946,-2.696077044136138
1740802683.862405105,0.006836041645436597,5.182778016943124,5.0,9.890985483225467,-2.7129288254730937
1740802683.872408402,0.009432929927363878,5.182191728283234,5.0,9.94001639235141,-2.7297622774587205
1740802683.883685547,0.012020342002738913,5.181339999611389,5.0,9.98904894528922,-2.7465624442982746
1740802683.889999928,0.014643036043229592,5.1804780463302835,5.0,10.038086993537448,-2.763312193505426
1740802683.902389891,0.01728167612884504,5.179624112016491,5.0,10.087134655378703,-2.7799995472974546
1740802683.912621948,0.019988673029318536,5.179060112093702,5.0,10.136198658219728,-2.7966090156668395
1740802683.923168234,0.02273754011672152,5.178175610678768,5.0,10.185283692848037,-2.8131276899279203
1740802683.930952453,0.025583000117856438,5.177186308922087,5.0,10.234391080920965,-2.8295444043634395
1740802683.942392298,0.02848368829400099,5.176137137293142,5.0,10.28352285214686,-2.8458518460402744
1740802683.953828782,0.03149624063226839,5.1753245470559115,5.0,10.332681638334396,-2.862045566378408
1740802683.960487583,0.03456997449564369,5.174472710554246,5.0,10.381869930506694,-2.8781228576493545
1740802683.972643837,0.03776066190013315,5.1735452560157285,5.0,10.431088221082543,-2.894080876639113
1740802683.983732002,0.041021750966785106,5.172841262353476,5.0,10.480338390869488,-2.9099166312316203
1740802683.990302413,0.04440387381112299,5.172096044534644,5.0,10.529623111545845,-2.9256261803104757
1740802684.2956346,0.04786883977310501,5.171226798234967,5.0,10.578943376581991,-2.941204327916496
1740802684.10933465,0.051462149749405335,5.1702776055647135,5.0,10.6283002659809,-2.9566448623025128
1740802684.22780700,0.05515357735312926,5.169198522772851,5.0,10.677694825289798,-2.971941815227308
1740802684.34138874,0.05898079671712033,5.167720265591955,5.0,10.727126540248921,-2.9870889443827235
1740802684.40794925,0.06292006295788038,5.166127703399082,5.0,10.776594347513294,-3.002080405623075
1740802684.52919789,0.06699986038822331,5.164290816526345,5.0,10.826098056308357,-3.016911931098696
1740802684.60793698,0.07120283614557366,5.162366672656399,5.0,10.875637150639045,-3.031578932651666
1740802684.72584013,0.0755442574772889,5.160630786362868,5.0,10.925211021765953,-3.046083195088691
1740802684.82706769,0.07998014186116788,5.159367738629258,5.0,10.974813367540145,-3.0604544184200386
1740802684.92790865,0.0845115338111455,5.157701290956718,5.0,11.024441297391723,-3.0747008261825917
1740802684.103430891,0.08914277763196245,5.156169484518921,5.0,11.07409645852087,-3.0888115065610053
1740802684.110725211,0.0938866520888227,5.154535392632595,5.0,11.123782565811885,-3.102776559038352
1740802684.122372865,0.09875422881777993,5.152699363968742,5.0,11.173501167789471,-3.1165860265372203
1740802684.133262621,0.10375020832222748,5.150388285074143,5.0,11.223252302336613,-3.130228778338264
1740802684.140031412,0.10889360032559071,5.147909870607751,5.0,11.273035559452268,-3.1436938965120587
1740802684.154159933,0.11417978533018375,5.145246617355162,5.0,11.322851991613264,-3.1569726053604357
1740802684.160632844,0.11963276296199861,5.142510496071359,5.0,11.372702250534036,-3.170057278007201
1740802684.172723638,0.12523651612084402,5.139492281829734,5.0,11.422585934413922,-3.1829424230436136
1740802684.183543383,0.13101920147824955,5.1366835184570405,5.0,11.472503122134231,-3.1956239652254426
1740802684.190673643,0.1369561588561408,5.133850092082411,5.0,11.52245534742223,-3.2080990801255287
1740802684.203115777,0.1430816179948233,5.1309008946251815,5.0,11.57244216709578,-3.220364592136326
1740802684.210482757,0.1493637379673487,5.127866899514272,5.0,11.622462965503965,-3.2324164789885645
1740802684.222998830,0.15584492075183654,5.124672672591064,5.0,11.672517273903535,-3.2442505229632825
1740802684.230587670,0.1624863344863538,5.121373482958604,5.0,11.722604505750628,-3.2558611300053735
1740802684.243000863,0.16933911219883518,5.117901085107631,5.0,11.772724220401638,-3.2672433877958165
1740802684.250432673,0.17634580322547852,5.114331429376817,5.0,11.822875788794487,-3.278391406114157
1740802684.263848015,0.18357493686469514,5.110591231248414,5.0,11.873058650608646,-3.2892999640348104
1740802684.269919867,0.1908139316711404,5.106776476787078,5.0,11.923271847824806,-3.2999628136777286
1740802684.283072769,0.19827081309033467,5.102802345039218,5.0,11.973514911393497,-3.310377754478384
1740802684.290521909,0.20546387323639276,5.098754027702601,5.0,12.023786689574791,-3.320538975993669
1740802684.302589263,0.21285232250144898,5.094556475495675,5.0,12.074086229571611,-3.330442233800773
1740802684.313575598,0.2197269493519313,5.090521954374106,5.0,12.124413475187628,-3.340083276999023
1740802684.320282419,0.22669530274441915,5.086432315214641,5.0,12.174769004739364,-3.3494569767980353
1740802684.332998822,0.23301750864044662,5.082142922149196,5.0,12.225151977581016,-3.358560284080678
1740802684.340800162,0.239227027690113,5.077759441639286,5.0,12.275560629230696,-3.3673872766785746
1740802684.353131105,0.24479294823209405,5.073179909025806,5.0,12.325993604747978,-3.3759333521498966
1740802684.361312814,0.2500521001079768,5.068506196592723,5.0,12.376449133026886,-3.384193355140945
1740802684.373653997,0.25487900472749514,5.063638494870229,5.0,12.426925687649337,-3.3921628676325493
1740802684.380911948,0.25923683529374303,5.05867854576954,5.0,12.477421314146207,-3.399837004835351
1740802684.392975671,0.26340184905149644,5.053537929302113,5.0,12.527934306127355,-3.4072115714283004
1740802684.400655981,0.266975129292626,5.048304247113118,5.0,12.57846251909102,-3.4142818911050568
1740802684.412976834,0.2705788315966131,5.0428794399255095,5.0,12.6290040735448,-3.421043892106184
1740802684.420316494,0.2735191501251466,5.037361214762765,5.0,12.67955662147541,-3.42749300548392
1740802684.432936738,0.2766271274270586,5.031647163739389,5.0,12.730118064296315,-3.433625110412232
1740802684.441079187,0.27912965457847827,5.025833194968424,5.0,12.780685877745217,-3.439435761313454
1740802684.453025441,0.28177297199929174,5.019829185460014,5.0,12.831257744299775,-3.4449208343303894
1740802684.461810559,0.28398006419935623,5.013720810416624,5.0,12.881830993755884,-3.4500760744232326
1740802684.473059054,0.28621832962579163,5.00742638589798,5.0,12.932403078893364,-3.4548974154297802
1740802684.481878852,0.28816950130326435,5.001027710615702,5.0,12.982971163960496,-3.4593808143264235
1740802684.493091267,0.2900416933369405,4.994444303568423,5.0,13.033532517020072,-3.4635223660686036
1740802684.502075945,0.29175816186713893,4.987757223870614,5.0,13.084084120382153,-3.467318197659124
1740802684.513087550,0.29327890530896134,4.980334249539012,5.0,13.134620559662293,-3.4707642055703043
1740802684.522422667,0.29476733483777257,4.972744016974689,5.0,13.185135016659949,-3.473856467431773
1740802684.533170813,0.29594217219242275,4.964994696381552,5.0,13.235624403535496,-3.476591550040695
1740802684.541836071,0.29721022035286354,4.957142728925069,5.0,13.286085481527007,-3.4789659640389803
1740802684.552953206,0.29805232074794713,4.949129845292962,5.0,13.336515087575767,-3.4809763029981826
1740802684.561522895,0.2991147688701147,4.9410170111109615,5.0,13.386909785204262,-3.482619146444272
1740802684.573447539,0.2996425115540618,4.932732878518731,5.0,13.437266258182612,-3.483891215964291
1740802684.581060428,0.3004283694725685,4.924355672017564,5.0,13.487580864139453,-3.4847892108174268
1740802684.593126352,0.3007517492515761,4.916336122889137,5.0,13.537852555091023,-3.485310231496727
1740802684.601509471,0.30125836626400104,4.908279967964241,5.0,13.588081038886845,-3.4854511268142323
1740802684.612916015,0.3014275892720905,4.900035703928235,5.0,13.63826260170121,-3.4852086884837483
1740802684.620876215,0.3016832151049186,4.891690464119891,5.0,13.688393093627592,-3.484579835797465
1740802684.632897879,0.3017195010106747,4.883144313674482,5.0,13.738468595836881,-3.483561686713633
1740802684.641359787,0.30174724550629994,4.874497695531167,5.0,13.78848476196269,-3.4821513488466214
1740802684.653002452,0.30166537411088523,4.865659862257448,5.0,13.838437448934586,-3.480346068033191
1740802684.661612330,0.30148220192227654,4.856712568246098,5.0,13.888322168400496,-3.4781431294797924
1740802684.672972555,0.30129484455318156,4.84745835514186,5.0,13.938134067723352,-3.4755398899259378
1740802684.681860342,0.3009152937632893,4.838078259650549,5.0,13.987867729404654,-3.4725338353050033
1740802684.692869738,0.30063323947698917,4.828509999672922,5.0,14.03751865458997,-3.4691225353394586
1740802684.703662733,0.30006881145439734,4.8184271417519025,5.0,14.087080241675679,-3.4653036071023706
1740802684.711706312,0.29970017492916107,4.808195546362766,5.0,14.136545519756526,-3.4610750287077843
1740802684.723037057,0.29896061257797646,4.797799189915943,5.0,14.18590984675802,-3.4564348012202446
1740802684.731412586,0.2985120964361819,4.787293570487413,5.0,14.235168360073036,-3.451380932792219
1740802684.742977200,0.2976016195643678,4.776518062346229,5.0,14.284315859619618,-3.4459115452098894
1740802684.751208949,0.29703499450610316,4.76562002599957,5.0,14.333346642002086,-3.440024934471612
1740802684.763174303,0.29599437855181676,4.755017900321198,5.0,14.382257922034778,-3.433719389363679
1740802684.770951123,0.2952648597662767,4.7443578617971065,5.0,14.431047639008145,-3.4269928685584574
1740802684.784073075,0.29413826977801716,4.733425932719773,5.0,14.479710338567077,-3.419843700221937
1740802684.791219575,0.2932465186782999,4.722374651242915,5.0,14.528239921342067,-3.412270545385063
1740802684.802262781,0.29203230344217485,4.711135696621557,5.0,14.576631377083837,-3.404272254588254
1740802684.813284816,0.29097771252439036,4.6994655606865745,5.0,14.624877600361573,-3.3958478340639866
1740802684.821385495,0.2896725521122035,4.6876598819252,5.0,14.672971404157282,-3.386996739887649
1740802684.832984089,0.28845131761711224,4.675694176692958,5.0,14.720907481428837,-3.3777182870097042
1740802684.841055478,0.28704560835029225,4.663621536203352,5.0,14.768680271661806,-3.3680118438718276
1740802684.852881112,0.2856484571625292,4.6512420341711,5.0,14.816283760400584,-3.357876926270501
1740802684.863781978,0.2841302157798886,4.638909810164758,5.0,14.863712141713348,-3.34731326527158
1740802684.872148946,0.28254541454487053,4.626495398218752,5.0,14.910961264398404,-3.33632029005482
1740802684.882928672,0.28090056650808837,4.613921889083796,5.0,14.95802560736655,-3.324897729332141
1740802684.891650310,0.27911400319179946,4.601243665129884,5.0,15.00489941500831,-3.3130455794129228
1740802684.903153305,0.2773252945416197,4.58841722901879,5.0,15.051577165111667,-3.300763956293696
1740802684.911876543,0.2753198356811067,4.575492524419609,5.0,15.098053084719568,-3.2880531806128115
1740802684.923407267,0.2733675207402509,4.562348654448168,5.0,15.14432129218556,-3.2749137365606407
1740802684.931753866,0.271121049227284,4.549098759586718,5.0,15.190375459591529,-3.2613464166887565
1740802684.943281771,0.2689788533089791,4.535669392865061,5.0,15.236209862313345,-3.247352005301945
1740802684.951884109,0.266465309724515,4.522137396401112,5.0,15.281818386700966,-3.2329315153825875
1740802684.964648772,0.2641046301682028,4.5084920301693,5.0,15.327195534177456,-3.21808593398945
1740802684.974498719,0.2612932056439439,4.494750830643423,5.0,15.372335633574373,-3.2028163911451517
1740802684.987991790,0.25867850482078114,4.481884692731687,5.0,15.417237513886448,-3.18712311406479
1740802685.1431742,0.2555321756115673,4.468961053858055,5.0,15.46190156877829,-3.1710049746849687
1740802685.15424293,0.25262421681531194,4.455755493702462,5.0,15.506321013904873,-3.1544631239512264
1740802685.29503005,0.24585874629610416,4.429341054157663,5.0,15.594402908025362,-3.1201146156366146
1740802685.43541226,0.24191789288327048,4.416904759112867,5.0,15.638059069237263,-3.1023097669987383
1740802685.57503487,0.23828617928795537,4.4032279762554385,5.0,15.68145270599886,-3.084085459581642
1740802685.74425044,0.22980207724347707,4.376595281690728,5.0,15.767411558818278,-3.046394877663283
1740802685.110446396,0.22027606066719796,4.350575162888111,5.0,15.852261967965793,-3.007049070080152
1740802685.123773518,0.2033853891044818,4.309983168488265,5.0,15.977351734246318,-2.944964606400419
1740802685.137697909,0.19755995575881224,4.297298792470293,5.0,16.01844498166585,-2.9234618441903266
1740802685.155269635,0.18406616624330935,4.270447413245766,5.0,16.099712257217153,-2.8792487679565726
1740802685.171831503,0.16892143484251665,4.241404112483016,5.0,16.179672855192926,-2.8334665855969896
1740802685.188251131,0.160326979546202,4.2268136537052365,5.0,16.219146201129,-2.8099983144321024
1740802685.204848279,0.14242636809050294,4.194595629498925,5.0,16.29702904381795,-2.7619371814936273
1740802685.220094398,0.12247826619942803,4.164962817634369,5.0,16.373464861922475,-2.71240433110224
1740802685.234257109,0.1118240059522554,4.149737049890686,5.0,16.41113775920414,-2.687087898687155
1740802685.249061729,0.08833605511870508,4.116282883949399,5.0,16.48533725403995,-2.6353928624667526
1740802685.262056542,0.07586385310096896,4.1008169991384165,5.0,16.521852739936342,-2.609026973202922
1740802685.276069153,0.06238525685246774,4.083929242198947,5.0,16.557976535562624,-2.5823179903665174
1740802685.289953914,0.0339157535491577,4.049867929969764,5.0,16.629007084415505,-2.5279080764609945
1740802685.304504595,0.019333594165682456,4.0340608997793055,5.0,16.66391127518423,-2.5002140707307725
1740802685.323810569,0.002941460907065829,4.016822262385087,5.0,16.698405256188053,-2.4721967579537165
1740802685.337530290,0.030396515395564535,3.9832201550353297,5.0,16.76612553859209,-2.415229758521774
1740802685.352698770,0.06640217321712734,3.9523242698762115,5.0,16.83217140458256,-2.3570214013816373
1740802685.368391179,0.08612004120727317,3.9359001281596884,5.0,16.864563853682025,-2.3274550819599336
1740802685.386115714,0.12533993802340493,3.899894070686465,5.0,16.92802112731442,-2.2674633060875546
1740802685.404203790,0.1684955564663525,3.8670254434000113,5.0,16.98969519167565,-2.206366377749846
1740802685.417983172,0.1896087812265419,3.8502066645410213,5.0,17.019864625718345,-2.175406064184625
1740802685.434673389,0.23596938072838602,3.816288472507936,5.0,17.078842213293665,-2.112695166230974
1740802685.448180921,0.2828183463149406,3.7821021744217633,5.0,17.135981318004283,-2.0489695894477316
1740802685.466434007,0.3074207097585402,3.7649894481257986,5.0,17.16385362143846,-2.0167401780660814
1740802685.481908546,0.35569698470921685,3.7279508488511177,5.0,17.21816987361823,-1.9515981814512064
1740802685.500755240,0.38165602627832557,3.710861662225262,5.0,17.24460821387449,-1.9187022995862115
1740802685.514637732,0.4324972997049073,3.6734658131694182,5.0,17.29603524747291,-1.8522830439877709
1740802685.537423641,0.48445633356993434,3.6390767140602676,5.0,17.34551667452881,-1.785071115677046
1740802685.551266822,0.5372786427831665,3.604096940184152,5.0,17.39305363615096,-1.7170838774574158
1740802685.570777226,0.563055024821233,3.586695212741073,5.0,17.41608622880867,-1.682816500369061
1740802685.583574429,0.6170989282490279,3.5490929458290807,5.0,17.46065468305196,-1.6137878535818742
1740802685.600944566,0.6441317678839646,3.5317662979800195,5.0,17.482187854531553,-1.579045006280119
1740802685.616110255,0.696931835434496,3.4970773695516884,5.0,17.523765888595676,-1.5090997821461982
1740802685.638924715,0.7513696381461186,3.4619856193099086,5.0,17.563343166800085,-1.4385874220967225
1740802685.652757956,0.8055164607280053,3.4267662707878515,5.0,17.60090690097822,-1.3675654377695505
1740802685.670909401,0.8319022185362176,3.409371443285199,5.0,17.618931783486122,-1.3318795065909743
1740802685.685580612,0.8854553985936753,3.3717423135851723,5.0,17.653451310794857,-1.2602126672701497
1740802685.704033307,0.9397312071723178,3.3371277947984375,5.0,17.68593513481692,-1.1882003706373638
1740802685.720420265,0.9922712819786693,3.3019239042498185,5.0,17.716391426582742,-1.115861039055044
1740802685.739670319,1.0184409882675154,3.284569111494911,5.0,17.73085726267932,-1.0795867455344321
1740802685.757637055,1.0717277161420853,3.247158147795504,5.0,17.758254058230037,-1.0068825662599454
1740802685.779118496,1.1241436465768198,3.2127367479442905,5.0,17.783614785652038,-0.9340192831054465
1740802685.796471982,1.175057897514717,3.178309552855212,5.0,17.806953419878045,-0.8610105426075979
1740802685.827734120,1.2264976494386253,3.1438762153465802,5.0,17.82827039441503,-0.7879098624662081
1740802685.849169032,1.2776611933577804,3.109504643319199,5.0,17.84757052982339,-0.7147713235914748
1740802685.869633664,1.3515565275379653,3.0588969737269376,5.0,17.872757391403205,-0.6051024587003562
1740802685.887880239,1.4009313003218022,3.0254151880383526,5.0,17.887052534174174,-0.5320713791458741
1740802685.910371839,1.4497160180466373,2.991171894149389,5.0,17.899357577004622,-0.45917530714677324
1740802685.926344658,1.4967472218414526,2.956861446600995,5.0,17.909684670357088,-0.3864818481592607
1740802685.945447102,1.5433742582402294,2.9224008139260045,5.0,17.918046675063497,-0.3140461029445946
1740802685.962337739,1.5900463252435093,2.887708630190606,5.0,17.924456900746545,-0.24192384659503682
1740802685.981399833,1.61287517892712,2.8703292415867026,5.0,17.926934825223807,-0.20599769019598788
1740802686.131698,1.6571936833949357,2.835041524640654,5.0,17.930447196260538,-0.13445439102209206
1740802686.26663983,1.7008816250877237,2.8003160031050887,5.0,17.93205378245491,-0.06336678973326815
1740802686.44396979,1.7658623978944035,2.74795958415605,5.0,17.930932200832693,0.04231451011406574
1740802686.63659303,1.7867629542424217,2.7307810898838407,5.0,17.92962831065535,0.07726277832473429
1740802686.79566672,1.8274546795938431,2.696215008805041,5.0,17.925641548813626,0.14671321241795113
1740802686.97509497,1.8678720168462157,2.661672556390996,5.0,17.91983947754742,0.21551867033828181
1740802686.114476115,1.9077412660897943,2.6268267190995283,5.0,17.91224974834447,0.2836330801630552
1740802686.133589749,1.9270335195627266,2.609366588367925,5.0,17.90779437831636,0.3174127703008278
1740802686.152526873,1.9644105783209032,2.5744597180710858,5.0,17.897582382627803,0.3843866997042904
1740802686.169502670,2.001330345852891,2.5398558208423587,5.0,17.885660028705352,0.45054644217751005
1740802686.186931647,2.037685938447851,2.5049657129693217,5.0,17.872055852252963,0.5158533718550783
1740802686.205709202,2.072330404097708,2.4700835732521087,5.0,17.85680758707751,0.5802552258902618
1740802686.223362418,2.0890847056817963,2.4527628418227105,5.0,17.8485785195986,0.6121037449758218
1740802686.244305610,2.1223598038658187,2.418068788660166,5.0,17.830931565012406,0.6750734193019015
1740802686.261146007,2.15500189205534,2.386304617220838,5.0,17.81173624576585,0.7370479605885184
1740802686.280477761,2.1860813773178536,2.3648613240844423,5.0,17.791117917467965,0.7981009073523414
1740802686.296164990,2.21619250743839,2.341903747736724,5.0,17.769196230333545,0.8582381364060091
1740802686.315023064,2.2312015835345966,2.331443366841438,5.0,17.757760729100877,0.887950749095091
1740802686.363041310,2.1912905310975908,2.3124720512977754,5.0,17.733989241768317,0.9466729672395467
1740802686.372645977,2.0563771728043156,2.27350121309067,5.0,17.66968097499231,1.0894235383582538
1740802686.382307244,2.0300346854053064,2.2666428443603417,5.0,17.656035862188673,1.1172845541160836
1740802686.391879161,2.0036639659962496,2.260667719723553,5.0,17.642143833640564,1.144917064129442
1740802686.401395828,1.977511651414745,2.2565488571492818,5.0,17.628019753198632,1.1723298257380763
1740802686.410863846,1.9515853396824072,2.2540316488939265,5.0,17.613678369990982,1.199533821803705
1740802686.419823363,1.925855635338433,2.2527428120922517,5.0,17.59913157510167,1.2265385923428973
1740802686.430464019,1.9000447076677578,2.2524396767668327,5.0,17.584389838664684,1.2533515395957184
1740802686.440628795,1.874430594953903,2.253013567268789,5.0,17.569462148054182,1.2799792310032894
1740802686.450102723,1.8490070015894722,2.2542250905377994,5.0,17.554355727980493,1.3064275102827756
1740802686.458771521,1.8237250122194462,2.255942082726905,5.0,17.539077075411345,1.3327007408517604
1740802686.467338739,1.7983570482078735,2.2580707767262864,5.0,17.523631774323547,1.358802680285806
1740802686.476050888,1.7731638289755982,2.260621507236285,5.0,17.508024219531194,1.384737122870267
1740802686.485676395,1.7481414546106662,2.2634572680546836,5.0,17.492257457654798,1.4105078330720893
1740802686.496289301,1.72323935392474,2.266524637806771,5.0,17.476334268395593,1.4361176750867417
1740802686.505982997,1.698235928481609,2.269783859942437,5.0,17.460257035481746,1.4615692447468012
1740802686.515867954,1.6733921366917155,2.273276194138034,5.0,17.44402752500318,1.4868652777502613
1740802686.526055400,1.6487052868497238,2.276886734910355,5.0,17.427646738619583,1.5120084394644382
1740802686.535912047,1.6241491614258512,2.280576852572001,5.0,17.411115879972975,1.5370004858703248
1740802686.545624094,1.5994569854006455,2.2843217471192987,5.0,17.394436090709107,1.561842892247878
1740802686.555698201,1.5749141381461638,2.2881768525854853,5.0,17.37760811824818,1.586537289742675
1740802686.566131467,1.550518975545944,2.29205327376467,5.0,17.36063210456625,1.6110853212666618
1740802686.576069403,1.5262706399923014,2.295915214334571,5.0,17.34350849519537,1.6354878404754647
1740802686.585762760,1.5018800459929293,2.299777877714967,5.0,17.32623781481802,1.6597455497545077
1740802686.596186106,1.4776064056700304,2.3036380346748055,5.0,17.308820332146926,1.6838592323902868
1740802686.606148173,1.4534744079158504,2.307558690885793,5.0,17.291256000264223,1.7078299090387328
1740802686.615885000,1.4294829833725538,2.311468833255796,5.0,17.273544372172697,1.731658644971642
1740802686.628706442,1.405415169086421,2.3153625071501795,5.0,17.25568540183842,1.755345933397538
1740802686.637936940,1.3813845820163206,2.319243338207595,5.0,17.237679177312224,1.7788922072857278
1740802686.646792538,1.3574902477279087,2.3231749474673533,5.0,17.219525652679135,1.8022981415671662
1740802686.656341095,1.3337313954085015,2.32710434067066,5.0,17.20122451812044,1.8255644988554378
1740802686.666553562,1.3099821118599297,2.331035091410303,5.0,17.182775865328225,1.8486916324506886
1740802686.676334148,1.2861705892134567,2.334977122409426,5.0,17.16417992166374,1.8716799176899377
1740802686.686943384,1.262490447410532,2.3389869817659372,5.0,17.145436818363496,1.894529975031687
1740802686.696615501,1.2389410327333545,2.343009915211705,5.0,17.126546542060712,1.9172424582635228
1740802686.706378148,1.2155051718392809,2.347067067680881,5.0,17.107509511548088,1.939817712715335
1740802686.717052023,1.1918892156158791,2.351169914159194,5.0,17.088326190805144,1.962256233388414
1740802686.726510551,1.168399714699258,2.355363360475816,5.0,17.068996985163146,1.9845587206585216
1740802686.736222488,1.1450358990205713,2.359620227091519,5.0,17.049522207616842,2.0067259661610746
1740802686.747506373,1.1217971898765395,2.363949482754831,5.0,17.029902484151798,2.028758589772112
1740802686.758379568,1.0984593397247286,2.368363386059146,5.0,17.01013856600614,2.0506572963799816
1740802686.769140703,1.0751335760043272,2.3728733203730066,5.0,16.99023126478396,2.0724228783858623
1740802686.784037923,1.0519278448419458,2.3775064965643886,5.0,16.970181391774315,2.0940562826481686
1740802686.798259204,1.0288411845358925,2.3822524220434347,5.0,16.949989734931197,2.1155585390011025
1740802686.812434665,0.9825946018702996,2.391973020688325,5.0,16.909185823900955,2.1581727525974324
1740802686.826563666,0.9595175031438978,2.3969833645016285,5.0,16.8885767239826,2.1792860422983082
1740802686.841542076,0.9137022414002264,2.4074306684479794,5.0,16.846950645504716,2.221130773237794
1740802686.862804987,0.8906825971455684,2.4127412032120295,5.0,16.825936438221284,2.241864094681835
1740802686.880286604,0.8448311541313385,2.4237528833987962,5.0,16.78351487958882,2.282956971631969
1740802686.901678505,0.7992944615915585,2.435002309706928,5.0,16.740579581258483,2.3235584115603114
1740802686.919406231,0.7535743433186423,2.44650949883414,5.0,16.697149060467193,2.363672886759023
1740802686.935244900,0.7082625200333164,2.458267169505471,5.0,16.653237227430502,2.4033081179723452
1740802686.953511605,0.6626999717150509,2.4702100215824014,5.0,16.608857704822093,2.442470711846599
1740802686.968832995,0.6400247017615301,2.476217967921231,5.0,16.58649661206089,2.461876642404989
1740802686.984675723,0.5948929465816887,2.4883479426930015,5.0,16.54143947673788,2.5003413061665456
1740802687.5892145,0.5494621866193846,2.500538752585211,5.0,16.495944952542835,2.538347125289659
1740802687.23674021,0.5044032805395274,2.5127333874860924,5.0,16.45002253541227,2.5758985412316524
1740802687.41587257,0.4818052735077706,2.5187909086411975,5.0,16.426903604585856,2.594504850560724
1740802687.60525271,0.43652731698666136,2.5308540592149695,5.0,16.380355735691996,2.6313800066563156
1740802687.77965928,0.3916094607346167,2.5428233729113607,5.0,16.33340075340179,2.6678066363894453
1740802687.94600785,0.3463305881865242,2.554645789678387,5.0,16.28604478758324,2.703786315307321
1740802687.116327716,0.32378722712669433,2.560483534646871,5.0,16.262218374991292,2.721608775893924
1740802687.131022716,0.2789534750876122,2.5720855132508653,5.0,16.214272415139682,2.7569193317548115
1740802687.148167883,0.23366523699742725,2.583483800083872,5.0,16.165939938802254,2.7917846559841006
1740802687.164457892,0.18871955249164507,2.594863068830059,5.0,16.11722733074544,2.8262051342262726
1740802687.181108839,0.16631288902481173,2.6004807582727385,5.0,16.092729419262557,2.8432493211627374
1740802687.196973528,0.12103772260821544,2.6116844992896655,5.0,16.043454022015684,2.8770063298233026
1740802687.213915735,0.07609338953259748,2.622868258296157,5.0,15.993810708098726,2.9103233122765806
1740802687.231250921,0.030967697861055354,2.6340086060390138,5.0,15.943804713594202,2.9432035204963136
1740802687.250109346,0.00834720693636045,2.639558764801614,5.0,15.918667690606737,2.9594809156261963
1740802687.267899972,0.036658407416037785,2.6509086509765405,5.0,15.868128445088205,2.991713990142367
1740802687.285466438,0.08184828820831079,2.662158940779916,5.0,15.817240203922552,3.0235224255713
1740802687.309396956,0.12713642454349325,2.673493890957812,5.0,15.76601199049786,3.054911497224173
1740802687.330396718,0.17213193031667534,2.684998376723051,5.0,15.714450597114155,3.085888757225315
1740802687.345837457,0.2177295478262894,2.6965849036037204,5.0,15.662563058093125,3.116462162869824
1740802687.363933373,0.24044471539865386,2.7024438857858155,5.0,15.63649937923603,3.1316000984873735
1740802687.382099638,0.28567484348615146,2.714296562586679,5.0,15.584136244204846,3.161584460915765
1740802687.398941376,0.3314097419565533,2.7261951192544442,5.0,15.531465488321281,3.1911877024150637
1740802687.417005951,0.37709043957411176,2.73829349246424,5.0,15.478496412006674,3.220418944616198
1740802687.436369295,0.42260089367861947,2.7505741765474516,5.0,15.425234045441131,3.2492893268472556
1740802687.455582679,0.4687997050026883,2.762920135938159,5.0,15.371684619386986,3.2778088044004967
1740802687.471364598,0.5147953208001617,2.7754286033723807,5.0,15.317854486276131,3.3059872978536076
1740802687.488044056,0.5377151481612239,2.78166447757708,5.0,15.290835876651586,3.319951756918735
1740802687.503885944,0.5841498859751091,2.7944065619948275,5.0,15.236594343022455,3.3476375615927223
1740802687.518673805,0.6074404373026002,2.8006626154789718,5.0,15.209372487327506,3.36136112968068
1740802687.541093965,0.653882991515853,2.8132547476181853,5.0,15.154732495019806,3.3885741127446907
1740802687.557359863,0.7004391338282532,2.8258607698322202,5.0,15.099834471622096,3.4154824882208317
1740802687.579590233,0.7476060236771697,2.838421184774261,5.0,15.04468339288047,3.4420945395721585
1740802687.597307369,0.7946148433657937,2.8510405322579317,5.0,14.98928353932408,3.468418727393301
1740802687.619109009,0.8416964100713552,2.863576079949762,5.0,14.933638942986443,3.494463278613666
1740802687.633646630,0.889512465485885,2.8760462694219395,5.0,14.877754919150163,3.5202360620487676
1740802687.655601330,0.9133764195005117,2.882287724355482,5.0,14.8497244613135,3.5330232076997263
1740802687.670839510,0.9610085908309107,2.894749931289987,5.0,14.793488692956725,3.558404554486845
1740802687.691897672,1.0090378221271659,2.9070230770742795,5.0,14.73702444660181,3.583535218195248
1740802687.708274489,1.0575889548033937,2.9193140801518767,5.0,14.680338511785271,3.608423214869161
1740802687.732554367,1.1060378027793059,2.931644482119435,5.0,14.623432841208421,3.633078854124757
1740802687.748582695,1.1545417443856387,2.9438708454154616,5.0,14.566311360724088,3.6575114952124754
1740802687.766529871,1.2038790480316333,2.9559949757065307,5.0,14.508979553000886,3.6817303617274892
1740802687.785655395,1.2532744005634877,2.968143478673274,5.0,14.45144172742944,3.705745619431194
1740802687.806630507,1.2779462948027456,2.9741498935413655,5.0,14.422596757359367,3.717680100201249
1740802687.822997855,1.3273367788997115,2.986101055797324,5.0,14.364758395260063,3.741408776942233
1740802687.841978729,1.3775293757522684,2.99780782455947,5.0,14.306727364894325,3.7649583783135974
1740802687.858294797,1.427969221274601,3.0093251625952653,5.0,14.24851234585045,3.7883377834009972
1740802687.883526363,1.4783690007578725,3.020959958631059,5.0,14.19011618548062,3.8115585358981803
1740802687.906645842,1.5288881759461996,3.032251631703799,5.0,14.131543265031308,3.834630857652479
1740802687.932290158,1.5801909730260233,3.0433003075165126,5.0,14.072800577827207,3.8575641365099536
1740802687.957191254,1.657608707705402,3.0594542967937186,5.0,13.98438802484871,3.8917240746840385
1740802687.983933848,1.7350611328476653,3.075233072944872,5.0,13.895631385980556,3.925627712845785
1740802688.3972551,1.7873265743763787,3.0854094582526033,5.0,13.836278829165437,3.948104784604122
1740802688.29485517,1.8401978817762445,3.0954619092973696,5.0,13.776787933455367,3.970493497504547
1740802688.51791187,1.8931680816435459,3.1052791004514417,5.0,13.717107062626887,3.992788578665494
1740802688.75278625,1.9727195716374577,3.11948167222363,5.0,13.62731359411482,4.026129319761266
1740802688.91960263,2.0262454365833613,3.1285939745916314,5.0,13.567331901908528,4.048313403970299
1740802688.107870602,2.0803602394473115,3.137576618910747,5.0,13.50730347953067,4.0704610804289985
1740802688.123937100,2.1075870440133126,3.1420213919343323,5.0,13.47724892204216,4.081522841414023
1740802688.143641714,2.16213784390295,3.150683562667887,5.0,13.41700237990799,4.103660232702361
1740802688.161359310,2.216721123791738,3.1591296427039293,5.0,13.356680431422832,4.125779888701368
1740802688.179533705,2.2440142935218796,3.163060561760801,5.0,13.326506769728418,4.136831737213744
1740802688.196364943,2.29889412080458,3.1708149234333542,5.0,13.266087914047267,4.158939154168139
1740802688.215794566,2.326533277926408,3.174568953188168,5.0,13.235854830246584,4.169996163335955
1740802688.231981064,2.4102266541438735,3.1857479474161217,5.0,13.145045102126849,4.203201446788611
1740802688.251224579,2.4664380707990747,3.192934916817886,5.0,13.084426351070894,4.225391715754598
1740802688.267172817,2.522727817668304,3.1997443614366627,5.0,13.023756410780628,4.247641276614985
1740802688.287532770,2.5791014072502545,3.206170335304066,5.0,12.963044491312864,4.269965223365827
1740802688.304427777,2.635699145427969,3.2122951029035915,5.0,12.902300038809992,4.292375750610125
1740802688.322816032,2.6641696373609713,3.2152447463565883,5.0,12.871918346806972,4.303618779657442
1740802688.339039331,2.7214443639333057,3.2209206540664885,5.0,12.811140635759717,4.326186664051886
1740802688.357466386,2.7502428540912405,3.2236531756608646,5.0,12.780744936597484,4.337512105203106
1740802688.375667771,2.8372316517209066,3.231050072940176,5.0,12.689539827612,4.371659970020812
1740802688.396605963,2.8954784101595408,3.235469636978079,5.0,12.628729991799387,4.39457463123689
1740802688.410712904,2.953817130443727,3.23956925922424,5.0,12.567924156516304,4.4176188334991
1740802688.429940918,2.9830220690587823,3.2414554303850562,5.0,12.537525390632306,4.429193482819149
1740802688.448098484,3.041519522141275,3.2450373938346284,5.0,12.47674227527103,4.452454883944815
1740802688.467097518,3.1003189788299137,3.2482314221326134,5.0,12.415985568067292,4.475875630533221
1740802688.482707877,3.1594639887693545,3.251188158933875,5.0,12.355263068433146,4.499466270527875
1740802688.501409512,3.189161512712533,3.252503888498989,5.0,12.324916971352629,4.511328807856408
1740802688.517734330,3.248795369495404,3.254850969794494,5.0,12.264261601538013,4.535193637109314
1740802688.534378528,3.3087360783049116,3.2568578751814212,5.0,12.203663133713075,4.559255114179854
1740802688.550361436,3.338817256030833,3.2577044986613224,5.0,12.173388353413651,4.571363573234648
1740802688.567887592,3.399164824110266,3.2591583001867046,5.0,12.112893771202753,4.595742300112848
1740802688.591683771,3.4596289322978264,3.260238561313465,5.0,12.05248137748882,4.620346344831337
1740802688.614035240,3.5201920188948406,3.260952364582445,5.0,11.992160928717391,4.645186921451203
1740802688.635851281,3.5808510904428283,3.260936855357925,5.0,11.931945932404627,4.67027362700538
1740802688.654094177,3.6416172607464783,3.260509360109783,5.0,11.871850123333893,4.695616722421085
1740802688.670179945,3.702596821505819,3.259451574479997,5.0,11.811887665769154,4.7212256490126805
1740802688.687692981,3.7637990005539246,3.2579807795957403,5.0,11.752073536624525,4.7471098980113355
1740802688.705581647,3.825207890520139,3.2556982565093184,5.0,11.69242174865851,4.773278843407961
1740802688.723332103,3.8559837288487167,3.254290126847261,5.0,11.66266252091502,4.78647265291137
1740802688.740611750,3.9176674683522803,3.2511039736276848,5.0,11.603286523897516,4.813083367495192
1740802688.758255946,3.9795146133283827,3.247585523224652,5.0,11.544112668428783,4.839999391910047
1740802688.785010650,4.041510261552025,3.2431535645514997,5.0,11.485155195532995,4.8672296450358665
1740802688.804930373,4.10363541514422,3.2382669281335894,5.0,11.426432003344617,4.894780384333512
1740802688.823637088,4.165879176851819,3.233241315520209,5.0,11.367953605649538,4.92266115995857
1740802688.841240055,4.228234083873746,3.227882171712277,5.0,11.309727933227192,4.950883150711066
1740802688.857316563,4.2906562388108025,3.2219242635212892,5.0,11.25177058241287,4.979453630695947
1740802688.873010002,4.321873483687167,3.218344392928844,5.0,11.222899365165215,4.993870808114957
1740802688.888746351,4.384308943028423,3.210905121944733,5.0,11.165387019491122,5.022969311549759
1740802688.903699401,4.415526150986903,3.207069996685368,5.0,11.136748400329298,5.037651974679723
1740802688.917764522,4.477961602537239,3.1993068187131573,5.0,11.079711824044983,5.067293620509605
1740802688.934928878,4.509175348060452,3.1950368702490453,5.0,11.051319223841668,5.082251892256711
1740802688.949294669,4.571595103713838,3.186577460109708,5.0,10.994791116553811,5.112450202052913
1740802688.970263801,4.602797278706705,3.1819875919196505,5.0,10.966660849254273,5.12769040153691
1740802688.985848470,4.6651900910584025,3.1728797565605955,5.0,10.910672249137994,5.1584584307189285
1740802689.4187055,4.727582205573772,3.163367750739992,5.0,10.855062936874619,5.18961156820828
1740802689.18909255,4.789981426709721,3.154095609001218,5.0,10.799833663898507,5.221160984766482
1740802689.39612768,4.8211814255324175,3.1493590503219764,5.0,10.772364147163607,5.237086503013928
1740802689.57459143,4.914750123363049,3.133173870819025,5.0,10.690571815721805,5.285469460648438
1740802689.74342741,4.977082045605134,3.122840486928327,5.0,10.636577293519128,5.318230519752293
1740802689.91612828,5.008231489801407,3.1168425586229604,5.0,10.609743641098976,5.334765864700369
1740802689.109827613,5.070474874010242,3.10463586316638,5.0,10.556423572126166,5.368139061936929
1740802689.126826090,5.132636471896736,3.0921723342766447,5.0,10.50357613010152,5.401919921085998
1740802689.144478757,5.194704165047901,3.0793136934885417,5.0,10.451214465812416,5.436110729365097
1740802689.161209824,5.225698665302072,3.072736588720555,5.0,10.425220503136927,5.453360607307109
1740802689.181149837,5.287601477110694,3.0593501283394353,5.0,10.37361351456071,5.4881690898260524
1740802689.196549117,5.349378454270153,3.045621203302704,5.0,10.322526750340373,5.523390337383443
1740802689.214651852,5.380215954493178,3.0386241924640305,5.0,10.297182768152176,5.541156156630226
1740802689.233196197,5.441669334130204,3.0243087068200256,5.0,10.247271787379008,5.57726642790805
1740802689.252945601,5.503080409465746,3.010497898597682,5.0,10.19754506337968,5.613526325212571
1740802689.268920059,5.564348842070811,2.997001555297886,5.0,10.148363574729466,5.6502134127776005
1740802689.287678454,5.594925809702681,2.9900606555383846,5.0,10.123981340518043,5.668716785267555
1740802689.306315939,5.686392429049994,2.9673578264043283,5.0,10.051704022438743,5.724855937485186
1740802689.322096287,5.716783928256185,2.9602299252510167,5.0,10.027909600063992,5.743774550341506
1740802689.337827276,5.777426785963868,2.9450074553956593,5.0,9.980764862268641,5.781926498429475
1740802689.353265236,5.837848345321776,2.928719417206785,5.0,9.934243286462982,5.820481854524205
1740802689.370158093,5.8679715188182415,2.9205694892050764,5.0,9.911220847874006,5.839909226723454
1740802689.396729367,5.928037936799202,2.904088658808927,5.0,9.865657090199553,5.8790611412331515
1740802689.415102972,5.987854665572706,2.887370682463786,5.0,9.820745407355732,5.918606209047642
1740802689.431812310,6.047413859837714,2.8711989471739163,5.0,9.776494779728003,5.95854202656807
1740802689.447869708,6.1067297453349525,2.85551774921132,5.0,9.732896803331663,5.99887943184084
1740802689.464996055,6.121380318515019,2.837904806191669,5.0,9.689975760978665,6.03960419609863
1740802689.475396431,6.095108229143873,2.829175854815573,5.0,9.668777016010164,6.060105534209598
1740802689.485936417,6.069005863158552,2.820395378365982,5.0,9.647752425210927,6.080698518542533
1740802689.498874830,6.04299408992359,2.8303171666373466,5.0,9.626835539609278,6.1014416166083265
1740802689.513003551,5.990980557193155,2.849868491435678,5.0,9.585123065246783,6.14364204436878
1740802689.526912932,5.965000044278193,2.8591606616145007,5.0,9.564345348323894,6.165100086867813
1740802689.536902059,5.913118989670117,2.877758984062346,5.0,9.522963420580243,6.208730897993647
1740802689.546750525,5.887228534981246,2.88700574110295,5.0,9.502364147770972,6.230901635491293
1740802689.556572832,5.861377660714552,2.896308799178447,5.0,9.48182897386431,6.253309138040254
1740802689.566835428,5.8355719568629985,2.905440803047231,5.0,9.46136132151635,6.275954468220946
1740802689.576832395,5.8098188694554915,2.914312517595001,5.0,9.440966396239904,6.298838542097211
1740802689.587134121,5.784126678862429,2.9228865078132094,5.0,9.420650222084623,6.321962504830987
1740802689.596892888,5.758504012753692,2.931173975522369,5.0,9.400419075606418,6.345327535990734
1740802689.606803714,5.732959408338512,2.939220726413342,5.0,9.380278982734549,6.368934677246471
1740802689.617740450,5.70750101912114,2.94708442919243,5.0,9.360235389765327,6.392784732931758
1740802689.628364836,5.682132616746036,2.95595544277851,5.0,9.34028893363194,6.416877868925583
1740802689.638966931,5.656841028365173,2.966842148653651,5.0,9.320420367273405,6.441205220986675
1740802689.650402406,5.631609613386948,2.9794784680456075,5.0,9.30060540008331,6.465751721974778
1740802689.660839581,5.606423977996023,2.993613700919329,5.0,9.280822751729902,6.490504309406125
1740802689.671524437,5.581272078026744,3.0089675634939783,5.0,9.261054197085057,6.5154518280143146
1740802689.682207563,5.5561445077760325,3.0252385284960774,5.0,9.241284701758214,6.540584517431325
1740802689.692338949,5.531034563096982,3.0421642096445893,5.0,9.221502458248517,6.565894027167463
1740802689.702279976,5.505938157952136,3.0594966790832117,5.0,9.201698786193237,6.591373504077038
1740802689.713000321,5.480853397497684,3.0770860153253046,5.0,9.181867626033586,6.6170174559822605
1740802689.723584137,5.455779660401299,3.0948614621112336,5.0,9.162004540462476,6.64282164495593
1740802689.734233063,5.43070538128049,3.11282101458622,5.0,9.14210566295981,6.668782594481957
1740802689.745063208,5.405570728462965,3.1304222865184914,5.0,9.122169691978394,6.69489628479869
1740802689.756396913,5.380365852146819,3.14821110968667,5.0,9.102194613260599,6.721157452004584
1740802689.768928796,5.329732829934214,3.1843098951225857,5.0,9.06211242819918,6.7741141467637265
1740802689.780757350,5.304330447201039,3.202515903726024,5.0,9.04199906341153,6.800806117190831
1740802689.791016456,5.278935223404097,3.2211092493326956,5.0,9.02183327508827,6.82763990230557
1740802689.801578242,5.253548799399076,3.2396228905183833,5.0,9.001612755807443,6.854616281520623
1740802689.811607939,5.228174215184551,3.2580332509382735,5.0,8.98133737891919,6.881734294852908
1740802689.821385005,5.202814763178154,3.2763299993487536,5.0,8.961007318327303,6.90899347264069
1740802689.831243012,5.1774739924765365,3.294523291148564,5.0,8.940623010785842,6.936393688699202
1740802689.841183669,5.15215493027723,3.312704547339602,5.0,8.920184296384583,6.963934866185256
1740802689.851312375,5.126860347191185,3.3308265215838118,5.0,8.899690630586063,6.991616669501456
1740802689.863878728,5.101593764498881,3.3488664121498446,5.0,8.87914229801804,7.019439511857288
1740802689.874020055,5.076358988925937,3.366817318423771,5.0,8.858539785802156,7.047403815363986
1740802689.883439092,5.051160009001067,3.3846776712973354,5.0,8.83788368662602,7.075510076998739
1740802689.892513480,5.026002871292918,3.4019258082350374,5.0,8.817176287884907,7.103757027921475
1740802689.903423555,5.000894147074673,3.4190332415153537,5.0,8.79642020221011,7.132142553270376
1740802689.912388333,4.975836579450425,3.436536807970586,5.0,8.775614830352879,7.160669083983343
1740802689.922779199,4.950832846261062,3.4539778412995084,5.0,8.75475953010635,7.18934008740913
1740802689.932388046,4.925887944990703,3.4712987552720076,5.0,8.733855446773687,7.2181563339950365
1740802689.941960703,4.901006832382506,3.4885473578710577,5.0,8.712903545378214,7.247118415694659
1740802689.952970878,4.876194485671574,3.5056573573205188,5.0,8.691904661894691,7.276226646414823
1740802689.968327658,4.851442728145936,3.5226414601844307,5.0,8.670859687234485,7.305480845555467
1740802689.983243498,4.801792416796893,3.555899934088769,5.0,8.628634360141307,7.364425128915557
1740802690.883614,4.776876018526641,3.5720015942796137,5.0,8.607457983236106,7.394109648539243
1740802690.16434213,4.727073711158863,3.603817217450576,5.0,8.564980750707994,7.4538962449206405
1740802690.34979678,4.677659381557666,3.634963592704344,5.0,8.522340711179218,7.514229327040673
1740802690.51064356,4.628682761844397,3.665299451521859,5.0,8.47953898754748,7.575096691079804
1740802690.71065369,4.604371488086306,3.68018997529335,5.0,8.458077525930959,7.605725678372545
1740802690.87796607,4.556123755102173,3.710215481952773,5.0,8.415028154697408,7.667367535285965
1740802690.109794057,4.508406670864172,3.7389676959781624,5.0,8.371805217465612,7.729507074956919
1740802690.128260852,4.461260831479613,3.7671456577253766,5.0,8.328405040700485,7.792118658349593
1740802690.150578103,4.414696760015222,3.794467574748794,5.0,8.28482355421838,7.855184863167453
1740802690.168218549,4.3681569001403595,3.8211887197644883,5.0,8.241060022304293,7.918691154372243
1740802690.185586055,4.3215842726700116,3.847330343484221,5.0,8.197100866918229,7.982614308313685
1740802690.203786791,4.275635203257682,3.8728978630577036,5.0,8.152931292051505,8.046930432756922
1740802690.230081715,4.252926139992933,3.885329866788855,5.0,8.130763195936266,8.079228335246135
1740802690.248082321,4.185899205430367,3.9221189527695355,5.0,8.063893471505722,8.176637409918893
1740802690.267755905,4.142174974907218,3.945093170813083,5.0,8.018993843942281,8.241972409090145
1740802690.284176173,4.099268085007325,3.9678201736865524,5.0,7.97383216404914,8.30760093491018
1740802690.340405797,4.014151486586702,4.011100415273237,5.0,7.882675166764856,8.439671469608532
1740802690.356286406,3.9472859178092405,4.027671547210792,5.0,7.813559284089415,8.539300734733821
1740802690.366366032,3.8824652997526354,4.046675532578994,5.0,7.767232443775463,8.605759386310055
1740802690.377138857,3.8500360641319507,4.05859708181963,5.0,7.743934860745868,8.6390673543897
1740802690.387777983,3.817546469515545,4.070751010081844,5.0,7.720537322172953,8.672439398308859
1740802690.398907648,3.7849963715107564,4.082707252046733,5.0,7.697039334094452,8.705875680724128
1740802690.409387424,3.7524306280224993,4.094460876214924,5.0,7.673440918696658,8.739374383864691
1740802690.419998920,3.7199694376084977,4.106018489307596,5.0,7.649741677704509,8.772933451423803
1740802690.430431316,3.687627822440126,4.117384007188316,5.0,7.6259408908728235,8.806550595497423
1740802690.441600281,3.655327438656401,4.12855944542755,5.0,7.602037581722092,8.840223334042923
1740802690.455188822,3.6229799180420823,4.139545090025391,5.0,7.5780306013359295,8.873949042707165
1740802690.470826471,3.558152813442398,4.161441294903939,5.0,7.529698260755964,8.941551727975602
1740802690.486969650,3.525797241334118,4.171791519206049,5.0,7.50537006435649,8.975423795339546
1740802690.498698664,3.4615402440587792,4.192564504241443,5.0,7.456384202562823,9.043293763803657
1740802690.508561081,3.4294573649196805,4.202412768861809,5.0,7.431723222942213,9.0772872316009
1740802690.517827838,3.397348241642607,4.212415764808446,5.0,7.406948646975888,9.111315412674626
1740802690.527628005,3.365214236203263,4.222270009284215,5.0,7.382057772871724,9.145377141060747
1740802690.536857423,3.333167974624004,4.231923404663657,5.0,7.357049083151281,9.17946941223705
1740802690.547303868,3.3013356725608087,4.241375470523384,5.0,7.331921083077678,9.213589012275271
1740802690.560287401,3.2696552667135994,4.250626393017058,5.0,7.3066722210286335,9.247732674946953
1740802690.569373989,3.2379710845311482,4.259676203189099,5.0,7.281300903482478,9.28189708339372
1740802690.577914597,3.2062804118828816,4.268697192044366,5.0,7.255805027171954,9.31607952337878
1740802690.590053271,3.174595596110846,4.277523143332741,5.0,7.230182345526106,9.350277409322949
1740802690.599661368,3.1431044623794153,4.286144374269647,5.0,7.204431224911807,9.38448726814813
1740802690.611536282,3.111877924616433,4.294562054658256,5.0,7.178549980515602,9.418705589636922
1740802690.619840851,3.080725917339878,4.30287860462472,5.0,7.152540777104975,9.452932230429413
1740802690.630714256,3.0495568694809454,4.3112533636672845,5.0,7.126430318338703,9.4871872428021
1740802690.637535127,3.0183406388912,4.319514292405326,5.0,7.1002541369078775,9.521497013958063
1740802690.644151638,2.9871811750566004,4.327623935978447,5.0,7.074042827126267,9.555882726615874
1740802690.652634227,2.956230953940832,4.335555923103276,5.0,7.047822028486324,9.59036157748032
1740802690.664419451,2.9252888282839518,4.343600529747274,5.0,7.021611782698013,9.624948179423248
1740802690.672611630,2.8942250079893705,4.351592274311865,5.0,6.995426646889022,9.6596542430005
1740802690.684587564,2.8630319749246476,4.359252700381102,5.0,6.9692776437174695,9.694485924396611
1740802690.691179465,2.831821600536428,4.366825418487481,5.0,6.943172881999141,9.729446674920347
1740802690.703767618,2.800794228662566,4.374053393802893,5.0,6.917120562867731,9.764540469503954
1740802690.713248855,2.7697385068180864,4.381201298311671,5.0,6.891125770693422,9.799768509501332
1740802690.722956172,2.7385390213432363,4.38802584911815,5.0,6.8651937354794255,9.835132609100578
1740802690.732100360,2.7071915412507606,4.3946101811245395,5.0,6.839333013383688,9.87063578249334
1740802690.743348965,2.675842275288136,4.401044474742083,5.0,6.813553283947238,9.90628502114267
1740802690.752731042,2.6446757669313805,4.407349020644223,5.0,6.7878580690646135,9.942077726907442
1740802690.763293368,2.613426346232215,4.41345315074077,5.0,6.762255221120783,9.978019937543595
1740802690.771527987,2.582012445059662,4.419465678679832,5.0,6.73674884054213,10.014112831757734
1740802690.783660061,2.5504359264229506,4.425134201833639,5.0,6.711342728186777,10.050356788555263
1740802690.790972171,2.5189277346915553,4.430723327898244,5.0,6.6860404110495075,10.08675148994032
1740802690.804248693,2.4875825361329063,4.436017615116619,5.0,6.660844564580386,10.123296718378468
1740802690.811107154,2.4561100866017367,4.441237736238938,5.0,6.635758119825975,10.159991891964363
1740802690.823377407,2.4244697041406815,4.446253009822038,5.0,6.610783403874254,10.196837052862547
1740802690.829670559,2.392686313163071,4.451193939823254,5.0,6.585924247073959,10.233832547409824
1740802690.843019881,2.361063600730615,4.456207581132015,5.0,6.561178147158099,10.270975884895384
1740802690.853738766,2.3295885033804153,4.461876074554101,5.0,6.536516960287364,10.308249006718162
1740802690.862849614,2.298011321077658,4.4677600574525895,5.0,6.511902763538662,10.345626692982398
1740802690.873314350,2.2663508693871597,4.474026640221613,5.0,6.4873033301585075,10.383086360412442
1740802690.883076117,2.2347211567064567,4.480457001941025,5.0,6.462690818282907,10.420609464427613
1740802690.892893963,2.2034826763593993,4.486924614284856,5.0,6.438042695576005,10.458179602776086
1740802690.903368099,2.1724529215008546,4.493327152452917,5.0,6.413341704479916,10.495783461254366
1740802690.913037146,2.141414581577863,4.499710266917094,5.0,6.388575406221927,10.533411325082481
1740802690.922666163,2.11037608799872,4.505923268955431,5.0,6.363735627201866,10.57105643901606
1740802690.932657370,2.0795780411894818,4.512079808077772,5.0,6.338816927371853,10.608713777610058
1740802690.943297436,2.049294235366421,4.51805666044039,5.0,6.313815077176576,10.646379459048365
1740802690.951295875,2.019149784679837,4.523958725165484,5.0,6.288725804926626,10.684049284414732
1740802690.963306069,1.9890288322856504,4.529718729593818,5.0,6.263544101811905,10.721718862105131
1740802690.970488619,1.9589794610663522,4.535387748240334,5.0,6.238263922445702,10.759382983130175
1740802690.983510182,1.929451797397574,4.540820481740847,5.0,6.2128793022473126,10.797035862509928
1740802690.994032727,1.9003359368026922,4.54615862230056,5.0,6.187381737821519,10.834670450922388
1740802691.3121355,1.8712805004957438,4.551138071839169,5.0,6.16176533310612,10.872279078588122
1740802691.13347501,1.8422952907935672,4.556033965663878,5.0,6.136019748309221,10.909852812587772
1740802691.22701429,1.813765697453923,4.560715363308248,5.0,6.110137534908611,10.947385421816456
1740802691.33285305,1.7857912203211435,4.5652144407112925,5.0,6.084119035561505,10.984875445723818
1740802691.39958125,1.7579120335487322,4.569625321244335,5.0,6.0579650656911905,11.022322324255343
1740802691.53443617,1.7301156567146294,4.5738071338598685,5.0,6.031676082032051,11.059725556003784
1740802691.63209994,1.702822672970778,4.577910454181918,5.0,6.005252670164175,11.097084136751755
1740802691.73537530,1.6759733032755437,4.581714034052048,5.0,5.978695304463641,11.134396654928912
1740802691.83135647,1.6492122078192955,4.585437529579427,5.0,5.952004189344719,11.171661183706952
1740802691.93341634,1.6225970750323513,4.588976349773438,5.0,5.925178645120505,11.208876171450438
1740802691.103467810,1.5965534661089675,4.592322903640675,5.0,5.89821814223225,11.246039210866462
1740802691.113673706,1.5706457058571226,4.595479240202675,5.0,5.871122070725215,11.283147801728614
1740802691.122678634,1.544838877499668,4.598572298378981,5.0,5.8438895935366615,11.320199956984158
1740802691.134035169,1.5194353874864432,4.601490922671117,5.0,5.81651999065634,11.357193967618109
1740802691.140514460,1.4941778164394417,4.60434866049427,5.0,5.789012925169499,11.394128027172695
1740802691.153698702,1.4690307225722867,4.607051061414712,5.0,5.761368045778607,11.431000798131333
1740802691.160963493,1.4441069710858223,4.609702320591601,5.0,5.733585104123876,11.46781072872092
1740802691.173364646,1.4192916090845666,4.612193741385285,5.0,5.7056638138626345,11.50455627647361
1740802691.180759686,1.3945378074590755,4.614620912714429,5.0,5.67760377765592,11.541235494747017
1740802691.193372439,1.3698393223828664,4.616890758448647,5.0,5.649404398947384,11.577846550829616
1740802691.200648609,1.3452206062459622,4.619094665183035,5.0,5.621064838616466,11.614387070653288
1740802691.213501452,1.3204128266524588,4.6211442963427976,5.0,5.592584170507745,11.650854919158443
1740802691.220419842,1.2957237927632834,4.6231274354549425,5.0,5.563961198039491,11.687247370376976
1740802691.233826484,1.2706137975451786,4.624833204618329,5.0,5.5351951641574,11.723561642398828
1740802691.240609866,1.2455924158402167,4.6264610099895345,5.0,5.506285147937096,11.759794180911472
1740802691.253186968,1.2199655383397585,4.627940461541259,5.0,5.477229819601969,11.795942399003687
1740802691.260584989,1.1943742057825437,4.62935338545237,5.0,5.448027559405149,11.832003117033807
1740802691.273714471,1.1680293285288508,4.630738899706966,5.0,5.418676407343277,11.867973966539454
1740802691.280785221,1.1415922547724835,4.632063061958448,5.0,5.389173937483502,11.903852052597214
1740802691.293359524,1.114482091180565,4.633239245698037,5.0,5.359518187894239,11.939634131218773
1740802691.300609535,1.0871676621499773,4.634338626211582,5.0,5.329706901999853,11.975316355589182
1740802691.313275898,1.059367810717471,4.63527792002011,5.0,5.299737913368086,12.010895230415407
1740802691.319803449,1.0313913404146184,4.6361438455710795,5.0,5.269608292337958,12.046365966833218
1740802691.333836000,1.0030194287559837,4.636843412003611,5.0,5.239316570485207,12.081726055867932
1740802691.340361871,0.9745860735126076,4.637461807097917,5.0,5.208859705372749,12.116970509504094
1740802691.353711543,0.945736840630141,4.637928951392597,5.0,5.178235270281204,12.152095390639658
1740802691.361540503,0.9169924821020335,4.638303999791712,5.0,5.147440573738015,12.187096147220853
1740802691.373494277,0.8877374567987155,4.638526841222755,5.0,5.116473170087215,12.221968703626402
1740802691.380727067,0.8586434270576087,4.638659231184396,5.0,5.085329862047733,12.25670758121525
1740802691.394238699,0.8291883009749794,4.638500125658096,5.0,5.054009562286249,12.291309628057537
1740802691.401050610,0.7997566718634465,4.638238615657862,5.0,5.022509704678001,12.325768716474828
1740802691.414481721,0.770211166644618,4.637820856414759,5.0,4.990827884585467,12.360080455403702
1740802691.422816900,0.7404711522276997,4.6373130535835125,5.0,4.958961600703367,12.39423998802884
1740802691.439482908,0.7108846376489475,4.636711080294506,5.0,4.926908362619014,12.428243206499642
1740802691.450621593,0.6808545062012269,4.635937554178206,5.0,4.8946658557853775,12.462085402631027
1740802691.465173503,0.6510104327879302,4.635102029643976,5.0,4.862231942498174,12.495761877949926
1740802691.479637724,0.5908526841211111,4.632980766438967,5.0,4.796781643156171,12.562599144315564
1740802691.498524328,0.5608619502118748,4.6316696726677735,5.0,4.763761861702962,12.595750573569267
1740802691.513624858,0.5003214388461256,4.6286130805052546,5.0,4.6971259110613435,12.661493119352434
1740802691.532316853,0.43956103349116327,4.625219659052329,5.0,4.629685436794187,12.726461281474485
1740802691.548495711,0.409353706617014,4.623180909457071,5.0,4.59566049879021,12.75864404846598
1740802691.563892970,0.3482962861958347,4.618613376808828,5.0,4.526999892170315,12.82237973053184
1740802691.584030513,0.28722310577341026,4.613783548516736,5.0,4.457519763733173,12.885248128322113
1740802691.603510437,0.25683102620103676,4.611031784060216,5.0,4.422470876536614,12.916346277200795
1740802691.619780645,0.19562457641226993,4.605188917761814,5.0,4.351756708112703,12.977846425240717
1740802691.633677517,0.13453802146078986,4.598885931244574,5.0,4.280220678548142,13.0383895866371
1740802691.651509252,0.1040442521755367,4.595456738636263,5.0,4.2441451044808804,13.06829125872616
1740802691.667534021,0.04298553992290853,4.588231147572463,5.0,4.171382103970066,13.127331891191227
1740802691.681726662,0.01783502286566604,4.580379660148015,5.0,4.097808621430398,13.185325153041777
1740802691.699705557,0.04834792704948649,4.576247842369042,5.0,4.0607199276592105,13.213918266906523
1740802691.715220517,0.10899833812902385,4.567399925289044,5.0,3.9859451241328676,13.270272806268387
1740802691.730705276,0.16944534691523613,4.558194603241257,5.0,3.9103804232487165,13.325489590538147
1740802691.744692957,0.19976663995409905,4.553347927733621,5.0,3.8723039914199617,13.352660955581934
1740802691.760830555,0.25985497817376596,4.542842153258196,5.0,3.7955737785583814,13.406102917186844
1740802691.775817955,0.29004585489015977,4.537556763041057,5.0,3.756923102469188,13.432364505500399
1740802691.793191342,0.34972865108607765,4.526150134144747,5.0,3.679058400433099,13.483945396602458
1740802691.811044098,0.37974131636694186,4.520413084926131,5.0,3.6398479731445716,13.509255440789127
1740802691.825321529,0.4389789086180842,4.508499308195413,5.0,3.560875672754457,13.558893652962812
1740802691.844204653,0.498301037873157,4.496009057459778,5.0,3.481182271934606,13.607190224201666
1740802691.860051642,0.5570404849635626,4.482791715239451,5.0,3.4007845100922953,13.654107414157355
1740802691.874966592,0.5863186948966559,4.475924588315465,5.0,3.360327677999374,13.677036725992949
1740802691.890298861,0.6444650245336827,4.460770327451296,5.0,3.2789191998752503,13.72180792963195
1740802691.903965813,0.673462302515418,4.453412883676647,5.0,3.2379736766002685,13.743640636566456
1740802691.922251608,0.7021202604936727,4.44520332131395,5.0,3.196870552091439,13.765098605921679
1740802691.935752220,0.7596311003487672,4.428787902270643,5.0,3.114213686234233,13.806867229812587
1740802691.954153755,0.8163596815331486,4.41207700541902,5.0,3.0309641834419514,13.84708392892962
1740802691.967483917,0.8727685216610271,4.394581408506814,5.0,2.947149840621649,13.885713017126191
1740802691.983035286,0.9006599233459374,4.385550426524776,5.0,2.9050405340814778,13.904421492693361
1740802691.998317236,0.9287181207890666,4.375351525563645,5.0,2.8628060837355642,13.922718021461451
1740802692.16993841,0.9837706527261344,4.355401801514772,5.0,2.7779925927904476,13.958055534482675
1740802692.33037579,1.0387787083435274,4.335750103012686,5.0,2.692720797284239,13.991707676181326
1740802692.50580895,1.0657303994877805,4.325408582510625,5.0,2.6499234567521235,14.00789235334698
1740802692.64160597,1.1198514059409483,4.3043607173879135,5.0,2.564034836072585,14.03895967689601
1740802692.85818448,1.1728988559741742,4.282566760790817,5.0,2.4777870015980956,14.068270368404205
1740802692.101363197,1.2257711303604664,4.260369589064877,5.0,2.3912209962903805,14.095801560867631
1740802692.118189644,1.2516323544604668,4.248927769694418,5.0,2.3478314416521595,14.108893159249037
1740802692.132826225,1.3036273105740168,4.223850530234861,5.0,2.2608860609252988,14.13370888634331
1740802692.146138597,1.3290833943462597,4.212118399996215,5.0,2.2173425373945426,14.145429594932738
1740802692.158942299,1.3544125168901646,4.200399896398496,5.0,2.173750768069831,14.156691963063041
1740802692.177172275,1.4050446136632186,4.176276514942479,5.0,2.0864456406900893,14.177831775078978
1740802692.191700165,1.454638743395215,4.151636755518336,5.0,1.9990202010755287,14.197111993502045
1740802692.207105715,1.479418532099194,4.139205892328231,5.0,1.9552762323197375,14.206051076962769
1740802692.221518355,1.527792881427322,4.112042315961764,5.0,1.8677732127618563,14.22251561931205
1740802692.238933052,1.552101948295119,4.099463715142048,5.0,1.8240274369718459,14.230040129339733
1740802692.254637621,1.5997046614187498,4.071605798005277,5.0,1.7365716549502548,14.24366776566691
1740802692.272577097,1.6230789611386438,4.058810013773724,5.0,1.69287621513149,14.249769822892834
1740802692.290684202,1.6700049516836892,4.032944406224775,5.0,1.605546283952933,14.260550764775644
1740802692.304193234,1.7155482999366183,4.006398746350374,5.0,1.5183455518944566,14.269426163067097
1740802692.317237186,1.738489725845727,3.993128572685991,5.0,1.4748076996946058,14.273148335037495
1740802692.330112429,1.7831968685415323,3.9663400737918137,5.0,1.3878848779959092,14.279160306312873
1740802692.344834489,1.8051625830014262,3.9527881215065337,5.0,1.3445122464847665,14.281449567369913
1740802692.363518904,1.8492672987230414,3.9231337317278925,5.0,1.257997702774288,14.284591372011802
1740802692.380878761,1.870698303859614,3.9094192485651575,5.0,1.214870232888887,14.28544591822499
1740802692.396455470,1.9132742970381762,3.8818573203069233,5.0,1.1288717214185262,14.285723597827179
1740802692.409061833,1.95530447879456,3.853833941858756,5.0,1.0432577279762627,14.284091745407494
1740802692.423531394,1.9756852003023497,3.8398447765120967,5.0,1.0006096870498498,14.282560887531643
1740802692.437474245,1.9961844777249562,3.8247361821911188,5.0,0.9580794964873863,14.280553793119976
1740802692.453058364,2.0369425861002135,3.795414214194805,5.0,0.8734147059584411,14.275118426679628
1740802692.467311884,2.0566442235028197,3.7813441795712284,5.0,0.8312772195593311,14.271692520613739
1740802692.482205144,2.0958995507779847,3.7528643923343634,5.0,0.7474148858087285,14.263425572759253
1740802692.497838693,2.11551988648992,3.738540521557764,5.0,0.7057022199875504,14.258586588488503
1740802692.512505394,2.1533505592559212,3.70749131546471,5.0,0.6227662794689314,14.247505383128553
1740802692.525575216,2.172026227399951,3.69326630652987,5.0,0.5815565463519522,14.241269142893533
1740802692.540573736,2.2095013497505755,3.6622748374905947,5.0,0.4996719427622244,14.227410738406967
1740802692.558141632,2.2276630966073507,3.6479323692702788,5.0,0.4590122538935279,14.219794277241656
1740802692.578681985,2.263100886782176,3.6168835386680445,5.0,0.37827736497359005,14.203192780610882
1740802692.597455809,2.2986799646744385,3.5882394127074395,5.0,0.2983565229435774,14.18478395692417
1740802692.618046912,2.332725257071966,3.559214206489715,5.0,0.21926618883596674,14.164577764513107
1740802692.637262406,2.3662140980175543,3.530382907972189,5.0,0.1410503559028781,14.142592928109728
1740802692.656556790,2.399501677496053,3.5014671002351467,5.0,0.06375138043828876,14.118850332350107
1740802692.671088820,2.4310907596928706,3.472295470177108,5.0,-0.012584865132773782,14.093372697668975
1740802692.686270940,2.446765523072826,3.4576520124364207,5.0,-0.050377364031008315,14.079990745176568
1740802692.702870317,2.478194770553073,3.426571119748601,5.0,-0.125167098081302,14.051960580974779
1740802692.719539155,2.49343128164077,3.411710972924572,5.0,-0.1621509267064627,14.037321908136162
1740802692.734929064,2.522662196168113,3.381911779870844,5.0,-0.23528884047076315,14.006806351481586
1740802692.755718907,2.55175320041547,3.3518590266120323,5.0,-0.3072833918782296,13.974661850842582
1740802692.774911981,2.5804155167636322,3.3216335143016575,5.0,-0.37809040029482915,13.940919517089728
1740802692.794557854,2.60732342161739,3.2912607973825074,5.0,-0.44766785474735915,13.905612379862037
1740802692.817391124,2.633896841048383,3.260757852711986,5.0,-0.5159750022566242,13.868774350162672
1740802692.841297871,2.660315572507196,3.2300399281922436,5.0,-0.5829715055439144,13.830440054102661
1740802692.861090125,2.685077640218835,3.199117440777906,5.0,-0.6486170445082711,13.790646268179747
1740802692.880375729,2.708958794485257,3.1681154321856297,5.0,-0.7128736511567937,13.749430843775297
1740802692.900259112,2.7327931672554127,3.1369412940590293,5.0,-0.7757048727207021,13.706832391533217
1740802692.921065174,2.7557872172863624,3.1056122771305263,5.0,-0.8370744122574824,13.662891814685175
1740802692.941033257,2.7770546007181736,3.074083597883268,5.0,-0.8969469712990081,13.617651396228423
1740802692.958768743,2.797974514825588,3.0425200447241805,5.0,-0.9552895249650997,13.571154080983048
1740802692.976843929,2.818736083323029,3.010818940334032,5.0,-1.0120710691263124,13.523442554380923
1740802692.995454913,2.8382783728953727,2.97899988965884,5.0,-1.0672608435861026,13.474562165730982
1740802693.16199316,2.8562584305927223,2.947187448814597,5.0,-1.1208307489187426,13.4245584003222
1740802693.31581435,2.873936725042327,2.9151542608435626,5.0,-1.17275320530729,13.373477892926445
1740802693.47294464,2.882688719188769,2.8991121880737345,5.0,-1.1980880027457763,13.347549588003014
1740802693.64647391,2.8998101906711002,2.866391857688502,5.0,-1.2474851553965098,13.294952160617937
1740802693.85189103,2.907753928293999,2.8502698084624623,5.0,-1.271541286599866,13.268297557557235
1740802693.102580629,2.922426294683127,2.817993492790673,5.0,-1.3183600715753885,13.21429965170678
1740802693.121429714,2.936641581286481,2.7859210047258,5.0,-1.3634381250508611,13.159421615309334
1740802693.139512790,2.950551343979201,2.7535598422132974,5.0,-1.40675810216562,13.103709597585254
1740802693.156761807,2.963915021388579,2.721194374623809,5.0,-1.4482993974339669,13.04722294446871
1740802693.174865202,2.975533046308719,2.688792332122204,5.0,-1.488047058024305,12.990015172734887
1740802693.191975749,2.9808719493367266,2.6726284823070987,5.0,-1.5072438674470667,12.961157265426564
1740802693.209443696,2.991286018807182,2.640205991968035,5.0,-1.5442756301136698,12.902964815688003
1740802693.226301283,3.0013341803504403,2.6077554596881845,5.0,-1.5794816534322114,12.844181861764724
1740802693.243800069,3.010963752884193,2.575288787877024,5.0,-1.6128521511465306,12.784863600209729
1740802693.260388237,3.0152961309472164,2.5590795027098556,5.0,-1.6288466733222333,12.755021024365059
1740802693.278894492,3.022587318666852,2.5266867107672124,5.0,-1.6594505563494724,12.695002468739446
1740802693.295224150,3.029041671806237,2.4943178351820277,5.0,-1.6882040583710891,12.634582039333184
1740802693.377843399,3.0492659621082345,2.3842597011732782,5.0,-1.7849799090787872,12.389943230754199
1740802693.396292604,3.051843261745055,2.320055263057069,5.0,-1.8047450734483097,12.328807214228704
1740802693.410813045,3.0531153438487677,2.3124328686071283,5.0,-1.8139945678986915,12.298602240991334
1740802693.429447550,3.0556189222628705,2.297815980368015,5.0,-1.8314544145956366,12.23816156313377
1740802693.444870529,3.057981235410118,2.281435871361359,5.0,-1.8474579453112892,12.177677624373729
1740802693.463217724,3.059121697712447,2.2749819241435474,5.0,-1.8549284871699387,12.14743952951709
1740802693.479034833,3.0607965104121364,2.265988717322278,5.0,-1.8688638651588247,12.086963748829168
1740802693.499468275,3.061276727038772,2.2590156923792786,5.0,-1.8815095500059067,12.02648011450736
1740802693.515085965,3.0614683110654983,2.250637811817255,5.0,-1.892876092837017,11.966005150063856
1740802693.535817386,3.0615525257724747,2.245811113279403,5.0,-1.8980750144747778,11.935783970889004
1740802693.552141054,3.061688630761995,2.235872055832275,5.0,-1.9075014368447973,11.875397815523023
1740802693.572490637,3.061779592158363,2.226693640260356,5.0,-1.915642373793971,11.815101085301563
1740802693.587008648,3.061682836190554,2.217937211487869,5.0,-1.9225103061713633,11.754898541609649
1740802693.607693610,3.0604968543280227,2.2088254377041965,5.0,-1.9281086375251058,11.694804235857838
1740802693.624086688,3.058465222538353,2.199293909267902,5.0,-1.932435856024528,11.634838388540759
1740802693.641148745,3.057413355900246,2.1944364254347373,5.0,-1.9341229614520052,11.60491051374841
1740802693.657305243,3.0552525408193234,2.1847865147153147,5.0,-1.9365486071833895,11.545179074183643
1740802693.679714363,3.053014495850143,2.175417315276158,5.0,-1.9377182524218333,11.485628635224952
1740802693.695191412,3.05069785440681,2.166242136871821,5.0,-1.9376422543267808,11.426276835082874
1740802693.714747066,3.0479430218544232,2.157128431681681,5.0,-1.9363304555200047,11.367142749583353
1740802693.730892114,3.0440009860695403,2.148165582088549,5.0,-1.9337952956000837,11.30824898799545
1740802693.745779684,3.0417701032141906,2.143912886011041,5.0,-1.9320738928289398,11.278898729884764
1740802693.764457559,3.0372581220093013,2.13560380093382,5.0,-1.9277334682020077,11.220401305852393
1740802693.783865343,3.0349789499149926,2.1316973237093513,5.0,-1.9251191599198751,11.191259125989598
1740802693.797593544,3.0303779601645155,2.1241756420451794,5.0,-1.919012961264837,11.133196221102336
1740802693.817897077,3.0257260095634284,2.117083094384465,5.0,-1.911751755640166,11.075444183326097
1740802693.832313207,3.0209113024574563,2.1103264174702097,5.0,-1.903353685137046,11.018019727374805
1740802693.852156851,3.0181558039432814,2.1070996168645433,5.0,-1.8987343628975122,10.98943651842677
1740802693.869735437,3.0118281179287307,2.1009928338889847,5.0,-1.8886664666817252,10.932537201928682
1740802693.890008530,3.0051494938084935,2.095299743211226,5.0,-1.8775064124415795,10.876005248204624
1740802693.905994258,2.9984516347145322,2.08985963368476,5.0,-1.8652695053112132,10.81985485699192
1740802693.924850283,2.995097024907305,2.087225245357647,5.0,-1.8587520608838581,10.791927813433505
1740802693.939734283,2.9883789299336256,2.0820572570310287,5.0,-1.8449283245161945,10.736380061019043
1740802693.960352765,2.981646487480653,2.0770254728236766,5.0,-1.8300642436977919,10.681254174643426
1740802693.977447162,2.9742715073345747,2.071994118619337,5.0,-1.8141720696108212,10.626565546322995
1740802693.996964716,2.965878214180863,2.0671673446668217,5.0,-1.7972636428855955,10.572329476590847
1740802694.13580724,2.9615566528815087,2.064754690671213,5.0,-1.7884311577950582,10.545384969426406
1740802694.33788246,2.952908180135655,2.0599047887839754,5.0,-1.7700165387631959,10.491853300480036
1740802694.52681851,2.9442531057414856,2.0550700680436997,5.0,-1.7506118237580006,10.438811529513407
1740802694.74378932,2.9355912317633597,2.0502319045282396,5.0,-1.7302273089946552,10.386274225638578
1740802694.91053079,2.9268777637380214,2.0452651723923783,5.0,-1.7088742987736572,10.334258316618179
1740802694.107692607,2.9173726893259895,2.040297504370088,5.0,-1.686566052029232,10.282781790318213
1740802694.123608935,2.906939660649203,2.0354881891752434,5.0,-1.6633131436436581,10.231856761966178
1740802694.142379220,2.9016508290503538,2.0330887466537213,5.0,-1.6513356530634056,10.206605075582441
1740802694.161373434,2.891069700152239,2.0283250179116425,5.0,-1.6266870719205029,10.156532800054434
1740802694.181906047,2.8804867351718024,2.0236439163796196,5.0,-1.6011255145512326,10.107047073876496
1740802694.198312305,2.869905635825193,2.0190428710463144,5.0,-1.5746656916399666,10.058161887383788
1740802694.217402309,2.859119139038741,2.0145260223725847,5.0,-1.5473227564710872,10.009890916384418
1740802694.235131425,2.8473789653497823,2.0101162352040745,5.0,-1.5191123378701368,9.96224735189131
1740802694.251345294,2.8411731317805,2.0080601112667686,5.0,-1.5046866177051,9.938664289134977
1740802694.269556459,2.8287274634265445,2.004056015270006,5.0,-1.4752014874414185,9.891980153318622
1740802694.291027920,2.8162994783500763,2.000211116131059,5.0,-1.4448845650080444,9.84594829410321
1740802694.309299825,2.803895422248098,1.996528686976669,5.0,-1.4137523653610922,9.800579827212285
1740802694.327365431,2.7915031944437723,1.9929770642886475,5.0,-1.3818212140706374,9.755885626713091
1740802694.343256500,2.7784621206696323,1.9893320069630265,5.0,-1.349108930524182,9.711878765588644
1740802694.366040629,2.7715755825576855,1.987647107771426,5.0,-1.332465918726768,9.690136990502397
1740802694.383117146,2.7574032278803795,1.9843355736218538,5.0,-1.2986131644766212,9.647180632374077
1740802694.400526033,2.743255567468288,1.981137470008341,5.0,-1.26401741628534,9.604935924734772
1740802694.416996221,2.729156546896393,1.9780704377844756,5.0,-1.2286932625788782,9.563411783959497
1740802694.438946291,2.722126902400461,1.9765364668600167,5.0,-1.2107628013910363,9.542923037825965
1740802694.456486588,2.700647884249049,1.971992091919135,5.0,-1.1559231821227784,9.482566570653033
1740802694.477588089,2.685237082074803,1.9690392578450355,5.0,-1.1185083693207403,9.443266103960232
1740802694.497875662,2.669438861701027,1.9662247002816287,5.0,-1.0804252658797027,9.404724750159268
1740802694.518891573,2.6537048236973737,1.9634343230313094,5.0,-1.0416868507378827,9.366951565699566
1740802694.536382760,2.6380399818955103,1.9606666626008074,5.0,-1.0023078227988103,9.329955756440972
1740802694.558221090,2.622325156045838,1.957907983359672,5.0,-0.9623040533301558,9.293746997490063
1740802694.577560624,2.6058060464482122,1.9551235876162163,5.0,-0.9216906102542868,9.258334541152607
1740802694.599443055,2.5885103536657748,1.9525116548925816,5.0,-0.880481342544872,9.223726291171383
1740802694.617583430,2.5711900636182343,1.9498957130523098,5.0,-0.8386888423939473,9.189929890053538
1740802694.640119910,2.5539547479788838,1.9473106647764074,5.0,-0.7963293674034307,9.156953969826047
1740802694.657953506,2.536775872122326,1.9447416844148533,5.0,-0.7534193082499967,9.124806563890724
1740802694.679727177,2.518956079210048,1.9421614722893166,5.0,-0.7099753515427223,9.09349578128896
1740802694.699095361,2.5002681569952636,1.9397617345906033,5.0,-0.6660124249833361,9.063028197195722
1740802694.721332921,2.4814194681671475,1.9373711565346086,5.0,-0.6215439599607153,9.033410050785738
1740802694.740397945,2.4626774725587803,1.935025077133699,5.0,-0.5765873264270079,9.00464827891177
1740802694.763203115,2.444013757539288,1.9327074406438294,5.0,-0.531159905856483,8.97674918304398
1740802694.781578500,2.424727221215454,1.930386747051724,5.0,-0.485279261502735,8.949719123499497
1740802694.804045520,2.404588305633369,1.9281822086652554,5.0,-0.438962963408175,8.923564058075213
1740802694.821495396,2.3842928205643674,1.9260443637218714,5.0,-0.392223350927651,8.898287885018096
1740802694.845340474,2.3641311802347826,1.9239689204229533,5.0,-0.34507776849691574,8.873896127945487
1740802694.864107679,2.3439729091240227,1.9218832436436892,5.0,-0.29754362875498347,8.850393558154313
1740802694.886030200,2.323061131289254,1.919821911053979,5.0,-0.2496392719876957,8.827785044928532
1740802694.906001643,2.301399623432269,1.917840377262275,5.0,-0.20138111368533565,8.80607490214963
1740802694.925593656,2.2797497678641316,1.9159291265263014,5.0,-0.15278257971668832,8.785266638415214
1740802694.945723559,2.2582628940319758,1.9140194735922436,5.0,-0.1038604915627521,8.765364591792016
1740802694.967332720,2.225134861401946,1.9111518480556753,5.0,-0.029910120841999614,8.73721868323044
1740802694.987028644,2.2021010357218245,1.909363493269029,5.0,0.019744309488712978,8.719597488360169
1740802695.6800217,2.179096766064203,1.907464180819928,5.0,0.06966420477586789,8.702894706230959
1740802695.24791653,2.1562384415638944,1.9055503023027922,5.0,0.11982990991588943,8.687113624966518
1740802695.49102700,2.1446221265447716,1.904581714733022,5.0,0.14499928564734335,8.67956950116253
1740802695.67470485,2.1085523154315067,1.9017976462635269,5.0,0.2208285149674325,8.65832624829706
1740802695.88335347,2.0841613358262845,1.8999944162937306,5.0,0.2716314943979769,8.645323650153557
1740802695.104583435,2.059954776708899,1.8981131759979335,5.0,0.32261429429084626,8.633251369480282
1740802695.126996465,2.047690481346541,1.8971658445880535,5.0,0.3481669402807697,8.627564448750757
1740802695.143668773,2.0096945036535003,1.8944483732874267,5.0,0.4250447723326121,8.611902190594352
1740802695.166993411,1.996799588145081,1.8935635228412009,5.0,0.450738234905919,8.607147535674905
1740802695.184300178,1.9584374259363668,1.8908264155669419,5.0,0.5279914703788862,8.594284227558724
1740802695.204754471,1.9455075370072807,1.8899229245563596,5.0,0.5537920521204791,8.590463259503496
1740802695.222426597,1.9190591228843452,1.888150752880505,5.0,0.6054551838330595,8.583521107737443
1740802695.245627195,1.8920029703930572,1.886405868839229,5.0,0.6571883215922516,8.577512888044259
1740802695.264058460,1.8651260236683829,1.8845857572715492,5.0,0.7089739654539298,8.572437298045976
1740802695.286350460,1.8381500814330736,1.8827790346484592,5.0,0.7607935816662671,8.568292971937522
1740802695.305221135,1.7962781079035377,1.8800314542971934,5.0,0.8385495970061831,8.563818860958726
1740802695.325550278,1.7680389541565091,1.8782808872472594,5.0,0.8903803057710272,8.561995781503018
1740802695.344690942,1.7400364161820578,1.8764143837906966,5.0,0.9421869675374706,8.561098325118788
1740802695.365371574,1.725852769523928,1.8754629201357484,5.0,0.968075049041569,8.560996288806175
1740802695.387049695,1.682202312054048,1.8726974007451185,5.0,1.0456533908728514,8.562068107077623
1740802695.409471075,1.6528062311238478,1.8708817873983523,5.0,1.097282811172832,8.563930006457692
1740802695.429375558,1.6236773380954097,1.8689561172790234,5.0,1.1488205578514128,8.566706054002973
1740802695.453332976,1.5940080007906974,1.8669655683717326,5.0,1.2002474001162944,8.570392019150725
1740802695.472890910,1.5636297130490375,1.8650413025740142,5.0,1.2515474365954533,8.574983040521737
1740802695.496460908,1.5331498983031047,1.8630846038245046,5.0,1.3027059001133892,8.580477109359988
1740802695.517041730,1.4874932187974266,1.8600871669227816,5.0,1.3791425940267212,8.590397340252437
1740802695.538085302,1.4562390065870918,1.8580144353302348,5.0,1.4298744376300287,8.598124525134931
1740802695.557937365,1.4245783832119125,1.8559018462430459,5.0,1.4804059317640907,8.606735584105673
1740802695.580351835,1.3931236767105306,1.853700234644416,5.0,1.5307203419776623,8.616224811098666
1740802695.596615583,1.361091120392194,1.8514082802600984,5.0,1.5808001888315395,8.626585683372843
1740802695.616242946,1.3284071322814552,1.8491442496241097,5.0,1.6306296341692588,8.6378113990158
1740802695.635529071,1.312014283873094,1.8479826620165545,5.0,1.6554457264888511,8.643747498118872
1740802695.662718514,1.2792267171236031,1.8456149684373098,5.0,1.704871198909888,8.65625825576976
1740802695.672046231,1.228884023773732,1.8420275490427205,5.0,1.7784621155397937,8.676609784603658
1740802695.681481559,1.2118209094292725,1.8416453006856925,5.0,1.8028416344544607,8.68381133675725
1740802695.689996927,1.1948113745165658,1.8426006107208632,5.0,1.8271511599852346,8.691212485845606
1740802695.698438686,1.1776904255760656,1.8446965342858563,5.0,1.8513954087646658,8.698800618557003
1740802695.706306596,1.160435340750844,1.8477829522218097,5.0,1.8755787654516498,8.70656513077141
1740802695.714523174,1.1430512454623494,1.8516207907656976,5.0,1.8997045582849337,8.714498816047413
1740802695.725405700,1.1255433693469306,1.856060466532005,5.0,1.9237752791645877,8.72259474282826
1740802695.734079928,1.1079201700937493,1.8609757951464474,5.0,1.9477927357657556,8.730846941006412
1740802695.745782212,1.0902815018629954,1.8662707193156096,5.0,1.9717582731321157,8.739250347046799
1740802695.754409741,1.0725368812430278,1.8718824168964654,5.0,1.9956730115186259,8.747800709009976
1740802695.765236246,1.0546825088094611,1.8778021650916652,5.0,2.01953822763061,8.756494547354704
1740802695.773512795,1.0367202631958083,1.8839626184059128,5.0,2.0433553509105282,8.765329139244017
1740802695.784256711,1.0186518519400245,1.8903363404167937,5.0,2.0671255135533433,8.774302086476412
1740802695.794836226,1.0004751410347166,1.8968967173678868,5.0,2.0908498051398556,8.783411277567925
1740802695.804565983,0.9821850738164019,1.9036121679357279,5.0,2.114529215851044,8.792654895841538
1740802695.818122695,0.9637920912326139,1.9104902911984436,5.0,2.138164599273765,8.80203202790346
1740802695.825088946,0.9452976675782391,1.9174562533155508,5.0,2.1617573324319825,8.811540417995655
1740802695.834268253,0.9267020511925412,1.9244763029853562,5.0,2.185307667224138,8.821179676974834
1740802695.844351960,0.9080059073060037,1.93152451061443,5.0,2.208815849770629,8.830948959511822
1740802695.854776845,0.8891062193078468,1.93858048394623,5.0,2.232281936277075,8.840847830505192
1740802695.868340647,0.870075895819661,1.9456280677751265,5.0,2.2557059617220148,8.850875868637326
1740802695.877359875,0.8509465510037377,1.9527045754497288,5.0,2.27908815826456,8.861032925140433
1740802695.884385526,0.8317184274203637,1.9597544312173278,5.0,2.3024291151375453,8.871318455506646
1740802695.894229822,0.8123906577109036,1.9667645859806404,5.0,2.325728432590874,8.881733605504634
1740802695.905558757,0.7928570804294887,1.9737264360477516,5.0,2.3489860458748955,8.892278175867842
1740802695.914972765,0.7730711796789196,1.9806314231925315,5.0,2.3722016848825502,8.902952407891757
1740802695.928399187,0.7531867700885128,1.9875294665638188,5.0,2.3953752259609145,8.913756870883615
1740802695.936129646,0.7332035476188882,1.9943637417899405,5.0,2.4185068337727302,8.92469182277119
1740802695.946310543,0.7131211635460994,2.00112798390204,5.0,2.4415960065492572,8.935757897021167
1740802695.956982428,0.6929100392678128,2.0078226004503934,5.0,2.464642239634935,8.946955438042657
1740802695.971722748,0.6722566948436043,2.01451475928763,5.0,2.48764527082894,8.958285083965945
1740802695.981614505,0.6515052955034878,2.0212097333572463,5.0,2.5106054515082215,8.969747450710782
1740802695.991014342,0.6306555885603893,2.0278530198442835,5.0,2.533522966782612,8.981342726891976
1740802696.896739,0.6097069721114201,2.0344478532290204,5.0,2.5563971754051535,8.993071923528445
1740802696.11606785,0.5886594204215018,2.0410011098382816,5.0,2.579227628496737,9.004935302619383
1740802696.22282570,0.5672350646422962,2.0475178317716702,5.0,2.602013892426857,9.016933057015821
1740802696.34178514,0.5455242788219585,2.0540018809484897,5.0,2.624755537364993,9.029065307227025
1740802696.44881930,0.5237178889901213,2.0605398233024568,5.0,2.6474525343543083,9.041332252532428
1740802696.54966886,0.5018153418337169,2.0670771984517278,5.0,2.670105120126982,9.05373439457112
1740802696.64074674,0.4798171146176195,2.073481156408552,5.0,2.6927124879894353,9.066271638828209
1740802696.73503681,0.4577244758379257,2.079883427964456,5.0,2.7152735153041756,9.07894316077657
1740802696.82566469,0.43520265261766383,2.0862945414063674,5.0,2.737787958596894,9.091748555691934
1740802696.92655945,0.41240638992559314,2.0927164485329732,5.0,2.760255625034566,9.10468749845976
1740802696.102673132,0.3895205203010226,2.099354150851842,5.0,2.782677283617665,9.117759983539367
1740802696.113057278,0.36654379367471607,2.1060202028026755,5.0,2.80505412300178,9.13096674716962
1740802696.124442782,0.3434765007595965,2.1127187046353573,5.0,2.8273860262998602,9.144307519925984
1740802696.136646336,0.32031910815532655,2.119480919217527,5.0,2.8496730483287895,9.15778172015436
1740802696.147074902,0.29707252010890156,2.1261789626419576,5.0,2.8719147829113947,9.171388536050328
1740802696.156360710,0.24956486467853004,2.1397700930414505,5.0,2.916260777767341,9.19899470473758
1740802696.166656476,0.22559918556568245,2.1466636839031383,5.0,2.9383655348077666,9.21299234374321
1740802696.176030843,0.20155115422966774,2.1538444817813946,5.0,2.9604261467965185,9.227119097281896
1740802696.186353879,0.17741929570491305,2.161118214192964,5.0,2.982444355186799,9.24137556982209
1740802696.197136115,0.15320372382607925,2.1684621532404083,5.0,3.0044205308929874,9.25576137385217
1740802696.207405891,0.12890490230801063,2.1758883154054525,5.0,3.0263549977047757,9.270275731608857
1740802696.221585272,0.10452312501026245,2.1834345072353987,5.0,3.048248322287871,9.284917906383539
1740802696.235756093,0.08005850091102618,2.191075735751077,5.0,3.070101189012136,9.2996873050818
1740802696.250624173,0.030287919030513883,2.206626686828258,5.0,3.1136875820295375,9.32960495131984
1740802696.264771344,0.005206780334599702,2.214353939283987,5.0,3.1354213721363164,9.34475149150985
1740802696.285115166,0.0451876130619114,2.2305956638429993,5.0,3.178774225122872,9.375417196006273
1740802696.304520860,0.09589257041528183,2.2467057885878905,5.0,3.2219771491955935,9.406578830851302
1740802696.323333335,0.12135855136709021,2.2547603084559533,5.0,3.243521365188523,9.422342700623286
1740802696.338899414,0.1725142241377356,2.2709702437269064,5.0,3.2864952123111633,9.454232523708848
1740802696.357729059,0.2239637608022104,2.2870862145241544,5.0,3.3293153055127207,9.486600357238
1740802696.375655005,0.2759048544011941,2.3033105184034435,5.0,3.3719793454303373,9.519439957926968
1740802696.398436644,0.32847350780906226,2.3194770640163207,5.0,3.4144881783765526,9.552749418974148
1740802696.417316299,0.38130863365760187,2.335566860058527,5.0,3.456839916135899,9.586525144388464
1740802696.439463919,0.43440771973364023,2.351776034193713,5.0,3.499034468807939,9.620764819497058
1740802696.457364864,0.48777044326016245,2.3679366330469467,5.0,3.541072102514986,9.655467817802414
1740802696.477364848,0.5413932621051816,2.3839690879270847,5.0,3.5829506998240466,9.690631297058866
1740802696.498914659,0.5952716896921968,2.399879696277773,5.0,3.6246677090115003,9.726251552893068
1740802696.519702281,0.64940128761188,2.415674570904148,5.0,3.6662208481041643,9.762324726690705
1740802696.537207287,0.7037776227040556,2.4313661462162584,5.0,3.7076081581018383,9.798846708014933
1740802696.555179013,0.7583966307147998,2.447005148488067,5.0,3.7488284202239384,9.835813266418514
1740802696.572913919,0.8132671239204778,2.462590674188661,5.0,3.789881086482886,9.873219934611162
1740802696.591713014,0.8408168960581753,2.4703384176588923,5.0,3.8103445021650586,9.8920867169104
1740802696.608207482,0.8961370671023487,2.485864543891488,5.0,3.8511456000365687,9.930143439721833
1740802696.626394227,0.9517296832832918,2.501371040932702,5.0,3.891779284021801,9.968625448848092
1740802696.644620373,1.0075746550312927,2.5168732533242393,5.0,3.9322474212886283,10.007526591551274
1740802696.662854258,1.0355865873758956,2.5246234256565727,5.0,3.952420099025145,10.027132285870547
1740802696.681528773,1.0917810100685355,2.540185806014221,5.0,3.992644539964304,10.066649792848713
1740802696.701911566,1.1481915174605588,2.555637418752385,5.0,4.032709613449238,10.106568877794118
1740802696.719653872,1.2047976160870633,2.5712243885511405,5.0,4.072617166483651,10.146879884214215
1740802696.741671332,1.261595984905423,2.5868628586137636,5.0,4.112373157745004,10.187577572966266
1740802696.761106356,1.31858363970266,2.6024817350319904,5.0,4.1519814590574855,10.22865462061027
1740802696.778102743,1.375756859372352,2.6180610704763123,5.0,4.191445722119942,10.270102918502506
1740802696.794449141,1.4331121522253063,2.6336072063236027,5.0,4.230769851809932,10.311914441831913
1740802696.814704644,1.4618571071605615,2.641330464549392,5.0,4.25038063015539,10.332954029656477
1740802696.830258643,1.5194795194436324,2.656777391536103,5.0,4.289501987582791,10.37529598997092
1740802696.848142689,1.57727545038081,2.6720110804352815,5.0,4.328492484288333,10.417981771092348
1740802696.861907590,1.6352396296978564,2.6872750693805227,5.0,4.367354656625971,10.461002181324973
1740802696.880923255,1.6642850410482284,2.6948355035375946,5.0,4.3867395720868325,10.482636478161226
1740802696.898925611,1.7225025003009493,2.710173264002834,5.0,4.425420664390954,10.526150112133182
1740802696.918454944,1.7808868728391896,2.7251177136469495,5.0,4.463986475131131,10.569985259682934
1740802696.935512211,1.8394323868477778,2.7399431130737435,5.0,4.502439176620473,10.614132381043856
1740802696.954821705,1.8687647716849327,2.7472583086722753,5.0,4.521624429877439,10.636320724328838
1740802696.971584383,1.92754667826454,2.761826629053803,5.0,4.559915059742937,10.680922151145868
1740802696.986591722,1.9864821076776584,2.7761123876832365,5.0,4.598102294020347,10.725817003954068
1740802697.3784229,2.0160054871058586,2.783224913834924,5.0,4.617157801104736,10.74837136140819
1740802697.22598444,2.075164851430378,2.797396787499923,5.0,4.655197338485945,10.793691503452226
1740802697.38065313,2.134471654541109,2.8112765585232036,5.0,4.693145092808177,10.839286905809413
1740802697.56899978,2.193921571295653,2.8251050130977644,5.0,4.731004827301884,10.885148562214503
1740802697.73609535,2.2237006374996766,2.8319170486469654,5.0,4.749903876781424,10.908177914348077
1740802697.92445890,2.190342850537424,2.8454533570229406,5.0,4.78764379839962,10.954427487053856
1740802697.101307568,2.139196044348066,2.8586813338183186,5.0,4.825310075921431,11.000925170489369
1740802697.110339686,2.1133294248974486,2.86713307080543,5.0,4.8441230223903196,11.024270422512599
1740802697.119370534,2.0873872720512585,2.876121204903108,5.0,4.8629342754693505,11.047692297349453
1740802697.128476592,2.0613665490972215,2.8852385669028546,5.0,4.881746231834908,11.071193507638347
1740802697.137436659,2.0351289986715755,2.8944842192971993,5.0,4.900560376768628,11.09477480459824
1740802697.146519057,2.00867431577473,2.9038631993490305,5.0,4.91937841802373,11.118436759161124
1740802697.155845505,1.9821377040005934,2.913596974996918,5.0,4.9382029276785415,11.142180705044847
1740802697.166431711,1.9555176406706825,2.9234492285051528,5.0,4.957036444429176,11.166007759444183
1740802697.176243607,1.9287431634147099,2.933398411678848,5.0,4.975880589971595,11.1899182551723
1740802697.187263482,1.901673364975376,2.9434291338004592,5.0,4.994736890279914,11.213912340496092
1740802697.197725398,1.8745179855265959,2.9537233838401176,5.0,5.0136073697327035,11.237990840994497
1740802697.210171782,1.8472756565567263,2.9640697904394746,5.0,5.03249391538017,11.262154793803818
1740802697.220434178,1.8199461283901373,2.974455122430118,5.0,5.051397551054416,11.28640426014363
1740802697.230845614,1.792281685306404,2.9848778183434144,5.0,5.070319337602478,11.310739235845976
1740802697.240928890,1.7644869578937348,2.9953378457749134,5.0,5.089260365809367,11.335159656730767
1740802697.250822887,1.7366037135766201,3.00600449361719,5.0,5.1082223664888335,11.359666120423054
1740802697.261083463,1.7086312878632108,3.01670506874728,5.0,5.127207019053763,11.38425895288756
1740802697.271114709,1.6804767687575162,3.027272019114823,5.0,5.146214993814244,11.408937543642875
1740802697.281605515,1.6520236355781373,3.0378596065150294,5.0,5.165246869029299,11.43370053453012
1740802697.292529091,1.623482055787924,3.0486221291507434,5.0,5.1843044568052745,11.458548342171373
1740802697.303056956,1.5948516243375537,3.0593979540990253,5.0,5.2033893441851555,11.48348101055895
1740802697.313600522,1.5661324148439273,3.0701759789114496,5.0,5.222502613215365,11.50849821042486
1740802697.324699217,1.5371306953329946,3.080941108892718,5.0,5.241645131118482,11.533599038520475
1740802697.335163713,1.5079143019650407,3.0913833728341937,5.0,5.260817198031112,11.558782639144232
1740802697.345718429,1.4786130034780811,3.1018152003155444,5.0,5.280018608932717,11.584046325286307
1740802697.356855964,1.449226226466143,3.1123820403072884,5.0,5.299251082969344,11.60939023984719
1740802697.367237780,1.4197542036436321,3.122942456272389,5.0,5.318515972666766,11.634813788395531
1740802697.377793586,1.3600425268070493,3.144010560140685,5.0,5.35714810753248,11.685899036651806
1740802697.388835451,1.329994944358718,3.1545180195487084,5.0,5.376517392437345,11.711558930013059
1740802697.399169797,1.2998618428106732,3.1643906789388576,5.0,5.395919486497317,11.73729834430431
1740802697.409769353,1.269635060304154,3.17270741197665,5.0,5.41532708301018,11.763133719739537
1740802697.420782078,1.2393042961211869,3.179765983276476,5.0,5.434706821244068,11.789085484384664
1740802697.430343345,1.2086501120862279,3.1857744419220024,5.0,5.454031534157965,11.81516939768072
1740802697.440297422,1.1778306008190258,3.191011015101308,5.0,5.473278876084376,11.841397910876262
1740802697.450608638,1.1468922363859926,3.1958182894003064,5.0,5.492432181289403,11.867780929267916
1740802697.460463635,1.1158314766767068,3.2003506808432913,5.0,5.511479607437789,11.894325924049614
1740802697.470241331,1.0846462797402738,3.204777469337757,5.0,5.530413499572998,11.921037464800348
1740802697.480606188,1.0533355987747468,3.2091643504998926,5.0,5.549229256914795,11.94791810862115
1740802697.490335564,1.0218992159767673,3.2135149926358073,5.0,5.567923741996552,11.974969078909012
1740802697.500114601,0.9902770617550787,3.217757606182663,5.0,5.586493826812735,12.002191044560124
1740802697.515699760,0.9584104415602261,3.221797965127485,5.0,5.604935306213852,12.029584622017746
1740802697.530579370,0.9264233897089156,3.225609727968047,5.0,5.623242755918813,12.057150855258895
1740802697.545523050,0.8620910194494505,3.2322287230360867,5.0,5.659428872363911,12.112807148982386
1740802697.560329500,0.7972923506144209,3.237790980473968,5.0,5.694998265995577,12.169165124748389
1740802697.575259210,0.7647208461502241,3.240302174053888,5.0,5.712538349600695,12.197608928051924
1740802697.594830924,0.6992419672971247,3.245187288238021,5.0,5.747111765830072,12.255023167502626
1740802697.612103411,0.6332997984378833,3.2494574815123847,5.0,5.7809901921385025,12.313133106526926
1740802697.629249308,0.6000953575836191,3.2512712157344685,5.0,5.797660696837176,12.342444827308144
1740802697.707878712,0.5333983628632519,3.2544776394043957,5.0,5.8304460057278815,12.40157184971815
1740802697.727382575,0.2631643139279667,3.2636580999643847,5.0,5.953786910401927,12.64451376646819
1740802697.744317382,0.19485248838928318,3.2640611873348186,5.0,5.982585384569733,12.706773694553597
1740802697.761611919,0.16060834105795654,3.2639694004294113,5.0,5.996663994958965,12.738111420918647
1740802697.779709825,0.09196220900672472,3.263405828722229,5.0,6.024167576138584,12.801187029904405
1740802697.799619378,0.023130318140776943,3.2621993044133695,5.0,6.050781896927059,12.864776286259994
1740802697.820408150,0.045859332050373396,3.2603208786296203,5.0,6.076485047417198,12.928857267639673
1740802697.841563632,0.11497814202328094,3.257788026465025,5.0,6.10125389325797,12.993407850539107
1740802697.860208937,0.1841970664058268,3.254478081947364,5.0,6.1250638062196465,13.058405969884396
1740802697.878860541,0.2534860129307124,3.2503531163444683,5.0,6.147887921202929,13.123829245456218
1740802697.894335291,0.32281445536051345,3.2454117061850667,5.0,6.169698032578069,13.189655313478294
1740802697.912758576,0.35748393569120585,3.2425846065113477,5.0,6.180213852307745,13.222712453440549
1740802697.928813194,0.4268136580857852,3.23636205109534,5.0,6.200448632939923,13.289100518577083
1740802697.948923357,0.4961036532092832,3.229283457405437,5.0,6.219596120815832,13.355833368109213
1740802697.967050873,0.5653224908671658,3.221340522468529,5.0,6.237628082505615,13.422887688658045
1740802697.985931127,0.6344363271545879,3.2125729247391406,5.0,6.254515846880692,13.490237760606814
1740802698.3133464,0.7034118083555109,3.2029932724168537,5.0,6.2702332648458405,13.557857487087858
1740802698.24098536,0.7378369270058082,3.197893394300035,5.0,6.277645198418888,13.591759882094914
1740802698.41901902,0.84080870470803,3.1816015699964444,5.0,6.298059015860737,13.69379325574865
1740802698.62632984,0.8750179915448008,3.175949823367273,5.0,6.304248090946837,13.727901756710857
1740802698.81899488,0.9432345447464974,3.163577452974059,5.0,6.315687742053604,13.796238324901203
1740802698.103060860,1.011151151679324,3.15096913919364,5.0,6.325863904245666,13.86470612066128
1740802698.123953332,1.0788397066375157,3.1377927780471317,5.0,6.334763251891323,13.933276669275074
1740802698.145619323,1.1462864817647462,3.1243520010162125,5.0,6.342375058003431,14.001918260162011
1740802698.162776810,1.2467408746895439,3.1035883798098713,5.0,6.351360558295947,14.104949355927145
1740802698.180209126,1.2800176711609141,3.096490941340838,5.0,6.35370400115089,14.139294551014062
1740802698.198051512,1.3462338371783193,3.081877976917003,5.0,6.357409904699723,14.207961489338613
1740802698.218206655,1.4119655701903548,3.066702051501392,5.0,6.359805452776841,14.276561501639325
1740802698.234333763,1.477192995311312,3.051169550256663,5.0,6.360889237989735,14.34505867957222
1740802698.253972237,1.5421066373296133,3.0352532758540014,5.0,6.360659914726379,14.4134179069658
1740802698.270425635,1.606635040700604,3.0189456987937775,5.0,6.359116818581527,14.481603896512077
1740802698.292741064,1.638678913704218,3.010633174613267,5.0,6.357852569612875,14.515621175985169
1740802698.310295631,1.7023000915285174,2.993444993399436,5.0,6.354338943099869,14.58347865942879
1740802698.331172963,1.7652736118678725,2.976238739455046,5.0,6.349512945499861,14.651072861489485
1740802698.346443062,1.8275807256731906,2.958425025356979,5.0,6.34337360350893,14.718372454960686
1740802698.364646548,1.8894541167814825,2.940143356118255,5.0,6.335922010349353,14.785339868716262
1740802698.381322515,1.9202620015014698,2.930815266480345,5.0,6.331704542777415,14.8186880351829
1740802698.402174397,1.9813944636543273,2.9118163752336046,5.0,6.322287408418773,14.885090893961003
1740802698.419363634,2.0417589382838575,2.892462455469937,5.0,6.311562387724377,14.951074265480395
1740802698.442774822,2.1013235448487855,2.872610060889043,5.0,6.299531681721576,15.016604308711063
1740802698.457602113,2.160136328218656,2.852287301924561,5.0,6.2861993808500545,15.081645137438967
1740802698.474333600,2.218502509122851,2.831508739092717,5.0,6.271571052634,15.146161193493013
1740802698.491018658,2.2475157013545815,2.8209280558303393,5.0,6.263773016422638,15.178211265474047
1740802698.510229572,2.3049123719936317,2.799425096794502,5.0,6.247214624686495,15.24187250549966
1740802698.528218358,2.3613929255561024,2.7776539759293266,5.0,6.2293809543610745,15.30492046112992
1740802698.548392821,2.416935287782105,2.75547463861232,5.0,6.210282136585598,15.367321896019936
1740802698.564234749,2.4718323351096636,2.7329643139829702,5.0,6.189931256347384,15.42904209983867
1740802698.584044573,2.4990965967488785,2.72158992535513,5.0,6.179290806632034,15.459636297303293
1740802698.599884251,2.55306056884147,2.698619778914037,5.0,6.157089833812264,15.52027214720757
1740802698.617940337,2.6060092357627718,2.675590389168507,5.0,6.133676370379429,15.580144847015609
1740802698.633995905,2.6579189514666433,2.6522133138944044,5.0,6.109066113157128,15.639226832726804
1740802698.652362460,2.6835722973016805,2.64044266020368,5.0,6.096318902175726,15.668460340500035
1740802698.667321651,2.734473116607969,2.6167311304746255,5.0,6.06995350331419,15.726293557620162
1740802698.685443376,2.78455790411055,2.592794415306644,5.0,6.042445771938332,15.783255902717057
1740802698.700407996,2.8091849727733496,2.5807575660288866,5.0,6.02827074461152,15.811401190313658
1740802698.720701259,2.8575941418567865,2.5566001722140634,5.0,5.999092882942901,15.867002352200021
1740802698.736935247,2.905117669038068,2.532345783448078,5.0,5.968829643152509,15.92166353000824
1740802698.751739617,2.9260702772247527,2.5078817239720927,5.0,5.937505760772955,15.975357212288525
1740802698.760665355,2.931307243560264,2.495606869290918,5.0,5.921454385291442,16.001832762157136
1740802698.769978232,2.9368738552659526,2.4770529772677676,5.0,5.905159122450598,16.0280279284596
1740802698.779286150,2.942751631786286,2.4589688355256296,5.0,5.888655533300515,16.053902832450106
1740802698.788597227,2.949030344614543,2.4411744111458162,5.0,5.871951760117959,16.079461780613766
1740802698.797875115,2.955898025006022,2.4250060975096193,5.0,5.855051850876388,16.104709610211582
1740802698.807208122,2.9633315683502053,2.4120818894327103,5.0,5.837969150108889,16.12966818865397
1740802698.816745219,2.9712988930463022,2.4014764987321184,5.0,5.8207209328233285,16.154359873815864
1740802698.827275445,2.9797706565675814,2.392762519036879,5.0,5.803324137100329,16.17880102623712
1740802698.837515272,2.9887198964138215,2.3857403932929815,5.0,5.785794140754014,16.20300608608038
1740802698.849194716,2.9981221495565635,2.380315388015395,5.0,5.76814415836636,16.22698893557049
1740802698.860816440,3.007955636795321,2.3761948490587304,5.0,5.750385215371547,16.25076244280498
1740802698.873065954,3.018153287492487,2.3731894254150006,5.0,5.732526866433127,16.27433765701974
1740802698.883865039,3.0285129057781934,2.3711317568260686,5.0,5.714576903478622,16.29772449071571
1740802698.894767485,3.0390062174139114,2.3696282860255593,5.0,5.69654214036348,16.320930841859095
1740802698.904932641,3.0496263834120834,2.3692216757936437,5.0,5.6784272668138165,16.34396478737264
1740802698.915790306,3.0604829431216305,2.36939523091793,5.0,5.660234227220057,16.366835974667374
1740802698.925917982,3.07169536851167,2.3700539481824108,5.0,5.641965198481274,16.38954984898332
1740802698.936133289,3.0832536187244366,2.3712026262948696,5.0,5.623622621010255,16.41211305413734
1740802698.946317495,3.0951493231395037,2.372872452493773,5.0,5.605207442641064,16.434531766095553
1740802698.956531882,3.1073752798168424,2.3747397995993103,5.0,5.586719922581767,16.456810944345754
1740802698.966661348,3.119924133890204,2.3767430369409577,5.0,5.568161145931316,16.478953552796558
1740802698.976867734,3.132789042119703,2.3788411419764186,5.0,5.549531860966071,16.500962184969712
1740802698.986380541,3.1459639182576695,2.380987981105802,5.0,5.530832227512156,16.52283902914822
1740802698.995953018,3.1594433527493435,2.383144780151403,5.0,5.512061896017142,16.544585850150213
1740802699.5421646,3.1732223483783546,2.384710365073935,5.0,5.4932201434185455,16.566203228471455
1740802699.15111452,3.1871946936968887,2.3850704049149907,5.0,5.474302058766779,16.587681063008887
1740802699.25063549,3.201276486499229,2.38559326107018,5.0,5.455302513066748,16.609017292292098
1740802699.34643576,3.2154665464671788,2.38628731640213,5.0,5.436222122355395,16.630214662188674
1740802699.44114213,3.229764278382805,2.3871425221769984,5.0,5.417061018673528,16.651275570981156
1740802699.53685910,3.24426596922769,2.3881771073950153,5.0,5.3978186813338,16.672202408667605
1740802699.63715887,3.2590575302271874,2.3893880314687617,5.0,5.378494111471957,16.692997606860047
1740802699.73382074,3.2741331327241667,2.392335765865579,5.0,5.359086537612509,16.713669683817347
1740802699.82853551,3.289482470259922,2.3955622016155185,5.0,5.339599347632569,16.73423086750579
1740802699.92384919,3.305102784897733,2.3986594325979027,5.0,5.320030790630566,16.754681197565482
1740802699.101887696,3.3209931486052193,2.40180734816996,5.0,5.300377249203609,16.775021040079178
1740802699.111460543,3.3371529532652455,2.404837573942299,5.0,5.280634867259666,16.795250630880425
1740802699.120945770,3.3535804036308705,2.4077372694436643,5.0,5.2608012143550305,16.815369160384325
1740802699.130529977,3.370273299470001,2.4105894873455918,5.0,5.240874260362149,16.83537606434284
1740802699.140018194,3.3872290260984337,2.4134718005291,5.0,5.220852269135671,16.855271897239312
1740802699.152297698,3.4044460025406713,2.416458690191004,5.0,5.200732582906578,16.875056787759753
1740802699.168822956,3.4219221329792213,2.4196083324999966,5.0,5.180512986751959,16.894731899326445
1740802699.184561834,3.45745361993024,2.426350261828021,5.0,5.13976641063328,16.933758574474464
1740802699.200336143,3.4934591848651873,2.4334797847961256,5.0,5.0986043245412285,16.972360078272224
1740802699.215530783,3.5116369873461553,2.4371788992308083,5.0,5.077866919476149,16.99150345830655
1740802699.230394463,3.5486144664976176,2.444964070337343,5.0,5.036079380005372,17.029481089185843
1740802699.249105998,3.567466086257369,2.4491204629412664,5.0,5.015029563145541,17.04831772103954
1740802699.267581283,3.605875903146656,2.4579220324948388,5.0,4.972618410188213,17.085694983006082
1740802699.285531088,3.6451970996090566,2.467152813277919,5.0,4.929799004902837,17.122686367295906
1740802699.304762273,3.665186601763656,2.4718736192507405,5.0,4.908240491877706,17.14104068918587
1740802699.324219476,3.705796097286878,2.481672755065649,5.0,4.8648366175839834,17.1774736794762
1740802699.343324751,3.747209772077454,2.4918097930471803,5.0,4.821065520797402,17.213549337269644
1740802699.361154277,3.7893836289451057,2.502277929846116,5.0,4.77694676504932,17.249280442757325
1740802699.379590682,3.83227538556574,2.5130763900339885,5.0,4.73249938972406,17.28468095206743
1740802699.397257078,3.875700551582539,2.5240583907465406,5.0,4.687742705356749,17.319763944577264
1740802699.416603532,3.9194307593672795,2.535201794602187,5.0,4.642693560965664,17.35454242861441
1740802699.433326690,3.963453235013221,2.5463537855480025,5.0,4.597367130727952,17.38902753991283
1740802699.453008553,3.985632774833041,2.551871712212424,5.0,4.574604175207797,17.406162850057598
1740802699.470725439,4.0304269382516855,2.5629765056770237,5.0,4.528885880340411,17.440223943127076
1740802699.489927713,4.075782113492006,2.5739442067644323,5.0,4.482915485496646,17.47401231656081
1740802699.507589240,4.121673077833045,2.58462992378108,5.0,4.436701406550943,17.507530728157803
1740802699.527453223,4.16807770285994,2.5949053067138586,5.0,4.390249673215624,17.54078138519036
1740802699.552040540,4.2149744705937335,2.6048050991659473,5.0,4.343566359441709,17.573764323901084
1740802699.582135629,4.262343633857457,2.614297572519987,5.0,4.296656356578941,17.606479192785766
1740802699.605738138,4.33424139055012,2.6278428445872137,5.0,4.225876927911672,17.65504750652072
1740802699.632553662,4.3827096751773365,2.636369853145074,5.0,4.178420790412965,17.687090786501518
1740802699.653881313,4.456171858302555,2.6487759018070482,5.0,4.106844644559468,17.734655688283222
1740802699.671713159,4.505625531314869,2.6567337296293103,5.0,4.058875300752181,17.766036275636203
1740802699.690744453,4.555339022540844,2.6646057759661503,5.0,4.010710755033443,17.79716001086353
1740802699.706911251,4.605225702036628,2.6723075033187733,5.0,3.9623597248879023,17.828032143053232
1740802699.726665735,4.655278352147995,2.6799259085778098,5.0,3.913829864308641,17.858660889242135
1740802699.745663349,4.705512347621651,2.6873385201124913,5.0,3.865130842897748,17.8890544111841
1740802699.764384034,4.730737271139229,2.690989625461098,5.0,3.8407211309419056,17.90416562847291
1740802700.259453508,4.776270248967691,2.698479711901098,5.0,3.7917868577317035,17.93422449081093
1740802700.280711649,5.624894019246956,2.8888239240960134,5.0,2.530930234113633,18.6468799091454
1740802700.292139884,5.660019886729047,2.724322410942802,5.0,2.4808380516099224,18.674124175783184
1740802700.303965458,5.6768653510989315,2.654126999223801,5.0,2.45689028885014,18.687134810935763
1740802700.322370283,5.6933805204542205,2.588577971746853,5.0,2.4335639935654276,18.699837609388183
1740802700.340340209,5.725450820606402,2.4676839449596586,5.0,2.3887103729082044,18.724366471044814
1740802700.351025154,5.756426077300455,2.3658332821596226,5.0,2.3458945240269236,18.747907581160007
1740802700.361780260,5.771480707176781,2.3212675979358313,5.0,2.325167189503524,18.759341913577874
1740802700.372701975,5.786259716440782,2.2771333663171074,5.0,2.304855737245771,18.770573724382423
1740802700.383686201,5.800775719345285,2.2351880372551247,5.0,2.2849436173636555,18.781612747498375
1740802700.394630546,5.815043269391414,2.1954715958633817,5.0,2.2654151135861254,18.79247084594872
1740802700.405770491,5.829074422373583,2.1559005771563053,5.0,2.2462623427448376,18.80315818883581
1740802700.416582926,5.842922678116894,2.1226180719089793,5.0,2.2274605909616434,18.81369432278895
1740802700.429602739,5.856630326032195,2.0906805058593827,5.0,2.208974729483566,18.824100959018352
1740802700.457554681,5.87019997414712,2.0595707746762675,5.0,2.1907942642105,18.834381433931174
1740802700.479896701,5.910092538139351,1.9706259105101755,5.0,2.1379874335936524,18.864483301117833
1740802700.495089281,5.935987615071682,1.9116926771988725,5.0,2.104180169001292,18.88393372620411
1740802700.512394937,5.961353657120392,1.8722792452801442,5.0,2.0713084328409703,18.903000612576236
1740802700.547985300,5.986252229557423,1.8299697886968722,5.0,2.039247266225092,18.921758745033227
1740802700.574396104,6.022700981677422,1.7669587998206084,5.0,1.992683258216061,18.949294226705817
1740802700.657600922,6.058231982563868,1.715083794466892,5.0,1.9478803281761357,18.976109972868894
1740802700.708955163,6.138672116546528,1.5689163221737041,5.0,1.849015832462528,19.036505788097884
1740802700.727640298,6.192570617177362,1.5016887986205691,5.0,1.7845279418170767,19.07699755085741
1740802700.742126478,6.213919692629632,1.4914570827530402,5.0,1.7592982739171803,19.09310832176322
1740802700.771158349,6.224583615743095,1.4888922399975795,5.0,1.7467661536875425,19.101171811675698
1740802700.826089445,6.256407128410505,1.4571306800243085,5.0,1.709687315450474,19.125284836896007
1740802700.870004636,6.308043705478678,1.3652235483767794,5.0,1.6506567736328575,19.164380960801104
1740802700.929818046,6.347426910799173,1.3789359398428083,5.0,1.6056234855530231,19.19394094226184
1740802701.37379481,6.409294599524752,1.3530010925797649,5.0,1.535485415029243,19.240149228443144
1740802701.352912356,6.505451018382324,1.3351968233632199,5.0,1.4236494834477644,19.31111536787963
1740802701.432154439,6.724123172552252,0.655660821434632,5.0,1.1731821050382196,19.47023913971096
1740802701.499122649,6.7558477345226775,0.8062538007002265,5.0,1.139824517186722,19.49396903035499
1740802701.656225948,6.79742695678561,0.9387561651065288,5.0,1.0952892394878049,19.524741375099502
1740802701.731701407,6.900197743772834,0.9965683135577371,5.0,0.9811953278516937,19.598838915041956
1740802701.900087520,6.95263184950708,1.0214467719484936,5.0,0.9207846090674465,19.635554926152025
1740802703.292740916,10.257089544007924,4.3702320893690745,5.0,-1.8655892291410934,22.11639739187574
1740802703.303155982,10.342794649253078,4.227057982624005,5.0,-1.9084965239460392,22.191042450141314
1740802703.313061118,10.386664013912066,4.149514164649597,5.0,-1.9300143671669787,22.22945014654612
1740802703.333089751,10.42971185352396,4.07176707130213,5.0,-1.9508956981110084,22.26724351567119
1740802703.358795567,10.47209514370145,4.00613401735585,5.0,-1.9712722730252255,22.30453539277315
1740802703.383365744,10.5138530610399,3.9467425668111598,5.0,-1.9911236096600569,22.341378428082297
1740802703.408687400,10.554934891018267,3.887724430375057,5.0,-2.0103978897870647,22.37774078236754
1740802703.436553042,10.595472110015368,3.8281029656732333,5.0,-2.0292227175553186,22.41370899671642
1740802703.461699108,10.635405644112573,3.769707139247634,5.0,-2.047564495954297,22.44923364492849
1740802703.482862480,10.674725695229942,3.711178431566908,5.0,-2.0654349659776554,22.484298749196828
1740802703.493075076,10.713427935163589,3.6541656070301687,5.0,-2.0828496779039583,22.518892572184132
1740802703.503662662,10.751517434726235,3.5972087772437846,5.0,-2.0998383302389807,22.553007214680616
1740802703.513765788,10.78899815966134,3.54391415248442,5.0,-2.1164297695680703,22.58663392263643
1740802703.524175074,10.825879138086059,3.4898997330477495,5.0,-2.1326585377333176,22.61976688072987
1740802703.535166500,10.862137854987932,3.4433882478970856,5.0,-2.1485690763174903,22.652361038121043
1740802703.547440503,10.89790353686594,3.4121607562067493,5.0,-2.1643390803211426,22.68447721918371
1740802703.565519788,10.933213482363895,3.3782500501278365,5.0,-2.1799970122772243,22.716143396525677
1740802703.582730805,11.002480078685647,3.30853074970599,5.0,-2.2108891984652748,22.77818098941743
1740802703.599991762,11.070062116404578,3.2415964404997974,5.0,-2.241110174143511,22.838672647857653
1740802703.616673620,11.103279257225315,3.207517083431373,5.0,-2.2559456765541213,22.868413033400586
1740802703.631978469,11.168543201894556,3.138395470617884,5.0,-2.2850141195004596,22.92688223853548
1740802703.654253309,11.232279311444138,3.0732730545774527,5.0,-2.3133197668779792,22.98402002781878
1740802703.670093098,11.294461772505354,2.9963369274334593,5.0,-2.3408906276231707,23.03978522925055
1740802703.690788440,11.32490383909408,2.9557531739901632,5.0,-2.354373091524708,23.06709249261686
1740802703.707061908,11.412562329095794,2.76525636703724,5.0,-2.3930710831097683,23.1457812731296
1740802703.724753174,11.440510909123853,2.7148365069680596,5.0,-2.4053717250827913,23.170887170397933
1740802703.744387798,11.494794733338122,2.618623116703735,5.0,-2.429203470488425,23.219676920770308
1740802703.764804531,11.547212043673998,2.533034409277801,5.0,-2.4521457626558294,23.266821096404566
1740802703.786392041,11.597994089761366,2.461035225117164,5.0,-2.474328708436886,23.31251444254758
1740802703.806106135,11.647347022519822,2.3973840335643555,5.0,-2.4958665424203508,23.35693135941221
1740802703.827521816,11.69543396278208,2.341026719978043,5.0,-2.5168413757492636,23.40021364498948
1740802703.845797491,11.74240244933862,2.291210413420836,5.0,-2.5373170157912046,23.44249435919796
1740802703.877340359,11.788386173611606,2.2475801518124423,5.0,-2.5573527712923165,23.483893387589113
1740802703.922356638,11.855711931274381,2.1916546239686987,5.0,-2.586714845952972,23.544493895827976
1740802703.952918057,11.96196892004616,1.9912518115184041,5.0,-2.6332285815730017,23.640056754289215
1740802703.972317261,12.019680129010933,1.8224557841056852,5.0,-2.6586842384015696,23.691870705597438
1740802704.74661703,12.055501597638147,1.759004094184926,5.0,-2.674597216877342,23.723979761006916
1740802704.100031819,12.20978643329673,1.6532481941302268,5.0,-2.7445726804847994,23.861610953885027
1740802704.144289190,12.258853755888467,1.6011293721369109,5.0,-2.7674154374673914,23.905109672030093
1740802704.223498113,12.33236080465527,1.306744746435215,5.0,-2.802186823717996,23.97001887986294
1740802704.330447309,12.416818158606874,1.1586969435904246,5.0,-2.843299808632673,24.044058142663957
1740802704.448924280,12.519901022746414,1.1707067378922278,5.0,-2.8952119741191145,24.133617837720927
1740802704.546878998,12.669942704060544,1.3537204360797004,5.0,-2.973974931154378,24.262472751966527
1740802704.712687025,12.79036931699863,0.9632334163655876,5.0,-3.040519236494906,24.364323178486092
1740802704.768858899,12.928084236101602,1.1573224337466377,5.0,-3.121281644102484,24.47857614742048
1740802704.884774863,12.986820916309153,1.1786711364912685,5.0,-3.157274405985366,24.52656286002405
1740802705.154333601,13.113820483579824,1.1794844772624453,5.0,-3.238523884430846,24.628664044027726
1740802705.326423009,13.473078186167642,1.5483939567675158,5.0,-3.4940478738177316,24.905309920794235
1740802706.430235224,14.373374062720538,1.7605169535956466,5.0,-4.374504418701017,25.473296411019206
1740802706.693272059,14.49497990970203,1.303025146402705,5.0,-4.526415969342674,25.531541798416672
1740802707.6809968,14.67178394959411,0.9500306816213417,5.0,-4.76565498421929,25.604736804316722
1740802707.389257823,14.903049218154514,1.0616838174899539,5.0,-5.168202748467352,25.647848722356265
1740802707.471858882,15.106402744906823,0.6963469784778437,5.0,-5.584141991091742,25.64330234096752
1740802707.523213462,15.134352414342626,0.6853295538684618,5.0,-5.64190560955501,25.641727843768425
1740802707.548257429,15.153715677749545,0.6839716252865154,5.0,-5.6842273687747005,25.639272771696557
1740802707.656038744,15.16116573531018,0.6765398076163244,5.0,-5.701165825795811,25.637919753235504
1740802707.696796059,15.192815240379614,0.6787790735985338,5.0,-5.778196475199914,25.62894206563371
1740802707.753689732,15.206275916114661,0.6800737174217353,5.0,-5.813203026815743,25.623659065530425
1740802707.769616431,15.22234095960285,0.6620725943514191,5.0,-5.856816670637206,25.616138009794973
1740802707.785693129,15.22540817825163,0.6562353529993123,5.0,-5.865368727188427,25.614551000487783
1740802707.803110216,15.231393062232444,0.6473076106248836,5.0,-5.882279607878467,25.611304008878268
1740802707.821325501,15.234316119602115,0.6443191855433563,5.0,-5.890678156205498,25.609626377058078
1740802707.850189993,15.240056057651625,0.6387980473058514,5.0,-5.907405223408321,25.606174505787262
1740802707.871143824,15.245649970617093,0.6348547073164472,5.0,-5.924043691802232,25.602585750016875
1740802707.893829514,15.251104929359364,0.6316161216733724,5.0,-5.940612242084859,25.598857011771788
1740802707.913683597,15.25643151048034,0.6274223263863355,5.0,-5.957119958718469,25.59499509979284
1740802707.958274057,15.261602727619863,0.6220435120513254,5.0,-5.973545240678341,25.590981568682054
1740802708.4747874,15.271432062034895,0.6108343747297696,5.0,-6.006100815315854,25.58247378938453
1740802708.26454855,15.2805718436016,0.5992388293921447,5.0,-6.038285319834749,25.573304993674192
1740802708.52686760,15.284889169669475,0.5954348096329198,5.0,-6.054247652374204,25.56847403129909
1740802708.120752378,15.291126839868815,0.5891991350739915,5.0,-6.0780445354683845,25.56100065964518
1740802708.147002553,15.302849173165642,0.5790579985837065,5.0,-6.12459549661424,25.54568479160353
1740802708.180566518,15.306575895506546,0.5783275617465089,5.0,-6.139977412515737,25.540412144778266
1740802708.204279426,15.31203032487602,0.5790924433914371,5.0,-6.162985000351291,25.532347673744564
1740802708.247226398,15.315589795067527,0.5791659927530989,5.0,-6.178291388268361,25.52687645915139
1740802708.268755419,15.322470572043711,0.5781150705011103,5.0,-6.20877572820794,25.515680076428556
1740802708.516403056,15.33649465964954,0.5744475539995458,5.0,-6.276654688210478,25.489176700459428
1740802708.543551049,15.352613362093301,0.395338906754211,5.0,-6.367011814185128,25.450630776613778
1740802708.590670216,15.354267961085126,0.3664582156547437,5.0,-6.376758925956723,25.446330377321583
1740802708.644553394,15.357525048064613,0.36832580990719804,5.0,-6.39544757725781,25.438161719870973
1740802708.764811191,15.361640283675667,0.3928829417880553,5.0,-6.419155782082367,25.42773395618122
1740802708.828658926,15.369215110046406,0.39536358012595074,5.0,-6.469539594266121,25.404006464312317
1740802708.855725859,15.372885189329427,0.397065785808996,5.0,-6.499560916614789,25.38874715586595
1740802708.888926355,15.374018968374687,0.3982075963752135,5.0,-6.509596770520098,25.383515268864898
1740802708.915825248,15.375646722901534,0.4001664888042337,5.0,-6.524673332764202,25.375546614641824
1740802708.961762997,15.376700373794963,0.4022740025448172,5.0,-6.534744562408392,25.370170631967056
1740802709.27390108,15.378273220821926,0.414419994123514,5.0,-6.550123690585973,25.361898580073156
1740802709.54643741,15.381312439111813,0.41754183303346193,5.0,-6.581163598108331,25.344968638078115
1740802709.77599671,15.382274924119773,0.4164843439542142,5.0,-6.591437613795263,25.33929135862729
1740802709.106375052,15.383277670732431,0.4528402113993551,5.0,-6.602106177607627,25.33338870640412
1740802709.142733583,15.384710029822987,0.5019077932249201,5.0,-6.619700585945392,25.323362655198608
1740802709.162760326,15.386008845752299,0.5496692951895298,5.0,-6.639107342631069,25.31192834548504
1740802709.298640403,15.386400192335508,0.5631226286801159,5.0,-6.6459423688970505,25.30781215976305
1740802709.372624994,15.389227039800106,0.6150437029406824,5.0,-6.739656121350341,25.247799200544872
1740802709.434879460,15.389741742455005,0.6634339416169359,5.0,-6.784964307617095,25.217402840691694
1740802709.459185137,15.389630672612105,0.679949170926504,5.0,-6.832531380822147,25.18460827829705
1740802709.606362099,15.388637792700132,0.6918481899899179,5.0,-6.886929257175592,25.146014361117444
1740802709.629004109,15.386081867948024,0.5922789105811722,5.0,-6.946523680620814,25.101592940317264
1740802709.649577861,15.385298056526526,0.5487874050288376,5.0,-6.959196686222579,25.091797060035983
1740802709.669780024,15.384540334123887,0.5629643305696448,5.0,-6.97146898796251,25.082293153317888
1740802709.697954096,15.384133302801775,0.5716116026943566,5.0,-6.977708514189657,25.077427226465115
1740802709.831440766,15.382761360097552,0.6029560307973616,5.0,-6.996979506922359,25.06222697210028
1740802709.859622108,15.373895186239267,0.6930124706086841,5.0,-7.081200471405107,24.99170742650343
1740802709.878667603,15.370438665446105,0.7188454643327915,5.0,-7.103584106294181,24.97145045581954
1740802709.906562795,15.369128897915225,0.7306181823220314,5.0,-7.111229983535332,24.96435563177738
1740802709.959550284,15.364644314776298,0.7444136543005905,5.0,-7.134566695107106,24.942047501087398
1740802709.981347614,15.356309591448523,0.7768725722627577,5.0,-7.173700938398254,24.903447097317088
1740802710.7457679,15.35245004629371,0.7964897229980789,5.0,-7.189767582963105,24.886989222468976
1740802710.118862579,15.331533133076677,0.9187598263775361,5.0,-7.266105703718359,24.805015305951112
1740802710.180053297,15.319748338417574,0.908918160827134,5.0,-7.301991445936221,24.763708335986713
1740802710.199029521,15.30291437861711,0.9222493752683906,5.0,-7.35291902531141,24.704830852456144
1740802710.223827588,15.297054866293738,0.9380442243883936,5.0,-7.369883075526584,24.684900882048783
1740802710.244705790,15.291048639283469,0.959188026427957,5.0,-7.387002985527461,24.664628715268364
1740802710.265267502,15.284784673951757,0.9943647311388412,5.0,-7.404436354965868,24.6437444855138
1740802710.288680781,15.274494847383872,1.0385024181115863,5.0,-7.431251528061734,24.61068874575643
1740802710.372132839,15.267006358205425,1.0695454314070116,5.0,-7.449486047100436,24.58751414206368
1740802710.401904679,15.22779440199824,1.1603744864930094,5.0,-7.533342881864483,24.474041302677605
1740802710.434550375,15.213757303694308,1.0647403905686161,5.0,-7.5598595563707685,24.435768359185634
1740802710.453932729,15.200927906415092,0.9745161970303077,5.0,-7.583795837477271,24.400877804581807
1740802710.472610173,15.196808330074756,0.9368619875259634,5.0,-7.591149211414033,24.389905606278166
1740802710.493539545,15.188519901144504,0.9613054743946002,5.0,-7.60559968790037,24.368060094128285
1740802710.513547728,15.174883704060589,1.0037473722281351,5.0,-7.627552743301553,24.333443247763153
1740802710.535463639,15.17005670670165,1.0241245168505593,5.0,-7.635000707488255,24.321414600231787
1740802710.579800899,15.154790822492565,1.0841982051958592,5.0,-7.657890698663075,24.28380297888005
1740802710.636499963,15.13249321583829,1.1430992425297668,5.0,-7.68918414944379,24.230321262830127
1740802710.772982279,15.086875277579454,1.219522852473069,5.0,-7.7439142991459216,24.127611581262105
1740802710.833318478,14.987058003833956,1.2341628872249426,5.0,-7.835877488925669,23.92408629946706
1740802710.876111840,14.940655878352073,1.258320596435888,5.0,-7.875893214164133,23.830666107228247
1740802712.778202251,14.259414112718781,0.7588566473851133,5.0,-8.286751103890927,22.548305848630754
1740802712.978469761,13.748235251236386,1.3093339787431866,5.0,-8.396761721184626,21.715597808806663
1740802713.177261044,13.544501275271273,1.1477878961107806,5.0,-8.370932076664516,21.446030689805518
1740802713.373270520,13.290054650017849,1.2749220709030955,5.0,-8.30162225003892,21.14691988966164
1740802713.406955225,13.040401806920572,0.8510077606539723,5.0,-8.200441156574872,20.887365257241683
1740802713.423662292,13.009220914036966,0.7993346998027218,5.0,-8.186149767716083,20.856659777734553
1740802713.443385606,12.999158513315724,0.794541133773957,5.0,-8.181515985620898,20.846770710087416
1740802713.462951719,12.979292810117252,0.7867551293919182,5.0,-8.172340674170638,20.827271198182817
1740802713.479623357,12.969447805980268,0.7824428258341903,5.0,-8.167770152326833,20.817630758582858
1740802713.498447861,12.949881324800923,0.7728342088564514,5.0,-8.15859223280589,20.79856996687753
1740802713.515690738,12.930436896792218,0.7647961498215479,5.0,-8.149338573358502,20.779768928957825
1740802713.532541046,12.920753880980532,0.760809009138445,5.0,-8.144676252915831,20.77046407712232
1740802713.559256830,12.901444304250095,0.7521432854861949,5.0,-8.135269783796293,20.75202532983328
1740802713.586696113,12.882201329056763,0.7428721766984534,5.0,-8.125738391919269,20.73381970319792
1740802713.613564077,12.863021975839704,0.734325667434841,5.0,-8.11607061186684,20.715856179289922
1740802713.631553642,12.834320525796253,0.7226513617678582,5.0,-8.101302388713743,20.689300669690503
1740802713.692815900,12.824759783054,0.7189156041205376,5.0,-8.096296294191916,20.680549367924122
1740802713.706184242,12.776943326915799,0.7044605453608548,5.0,-8.070644207665957,20.637454566624978
1740802713.722378250,12.757787792603743,0.703848080224339,5.0,-8.060132163175162,20.620448213477285
1740802713.740511946,12.748196348630032,0.7038325524244444,5.0,-8.054829902560655,20.611975048305123
1740802713.752878229,12.728971332017828,0.7040893249627237,5.0,-8.044122625569315,20.595078229934217
1740802713.780033563,12.719336261966488,0.7044028806996254,5.0,-8.038717687907944,20.586652296185257
1740802713.831643843,12.700023793550665,0.7054745022647416,5.0,-8.027811428479836,20.56984273596417
1740802713.877874681,12.65131055267272,0.720643857412867,5.0,-7.999930891316275,20.527846991508305
1740802713.893311510,12.611372378409635,0.7335590474459308,5.0,-7.976686515405197,20.49383855728727
1740802713.908902069,12.601331066187818,0.7352969380801121,5.0,-7.970798185153468,20.485336258253714
1740802713.930033761,12.591280013582358,0.7367409418512719,5.0,-7.964887889805337,20.476843394940676
1740802713.946453758,12.571164314738727,0.7374155038401213,5.0,-7.953000694666792,20.45991047971496
1740802713.964681394,12.551054026544005,0.7370640672794181,5.0,-7.9410301133455095,20.44307758173593
1740802713.981004512,12.541002397300495,0.7368301832652855,5.0,-7.935011884156159,20.434702847700095
1740802714.48558671,12.520901694363983,0.7367359502406027,5.0,-7.922920383622551,20.418017865033562
1740802714.65340278,12.460571389872241,0.7359681682365393,5.0,-7.886078668847079,20.368551107197522
1740802714.90399775,12.450514335744117,0.7354637059902359,5.0,-7.87985748522051,20.360393812005466
1740802714.109089550,12.420346010046003,0.7338221125932649,5.0,-7.861047159802814,20.336090571615614
1740802714.127086555,12.410289395535452,0.7332272844234937,5.0,-7.8547262213014095,20.328045762753376
1740802714.154129869,12.390173922742362,0.7319706405533282,5.0,-7.842005657047599,20.31204123712077
1740802714.186855115,12.370054786099836,0.7305634798190477,5.0,-7.829169443640859,20.29616156750897
1740802714.207720127,12.329813019033951,0.7277441211276461,5.0,-7.803183887247875,20.264750363101058
1740802714.223577576,12.309692583085612,0.7264389549163228,5.0,-7.7900413697079145,20.249214719159646
1740802714.241760241,12.2996330342182,0.72582755798822,5.0,-7.783432159256896,20.241490897665475
1740802714.257964179,12.27951420866648,0.7246290891165148,5.0,-7.770137121753731,20.22613055360214
1740802714.277950682,12.259395216227498,0.7234855620279691,5.0,-7.756740096247411,20.2108857410376
1740802714.294073821,12.239277359397743,0.7224952035500254,5.0,-7.743243618624969,20.19575568427907
1740802714.311595157,12.229218887338625,0.7220753851296706,5.0,-7.736458742711676,20.188233026141447
1740802714.334424117,12.20910268465552,0.7213484762200356,5.0,-7.722816845450025,20.173270977897992
1740802714.352440132,12.188987238981188,0.7207331479906404,5.0,-7.709072866500375,20.158426453307044
1740802714.371322547,12.168873219592841,0.7202275098426385,5.0,-7.695234816249358,20.14369140653386
1740802714.393281727,12.15881688385527,0.7200190459387217,5.0,-7.688277459776687,20.1363686861754
1740802714.412315942,12.128649870885194,0.7195144292201451,5.0,-7.6672854714717635,20.1145404973707
1740802714.432235475,12.118594889658599,0.719376130928194,5.0,-7.660245777910181,20.107313907589205
1740802714.445903466,12.098486379992384,0.7191537843693598,5.0,-7.646091658090177,20.092948476141142
1740802714.460706517,12.088432539080754,0.7189973565422176,5.0,-7.638985066605211,20.085800185350987
1740802714.474853617,12.068341779972872,0.7161790621778258,5.0,-7.6247001499869205,20.0716115529806
1740802714.489156188,12.05830371925542,0.7163336078637285,5.0,-7.617526851230166,20.064563719896505
1740802714.503421599,12.03823707298165,0.718993083512966,5.0,-7.603142374944957,20.05052585753582
1740802714.517770630,12.02820461223647,0.721133201904015,5.0,-7.595936356307703,20.0435240091337
1740802714.531914571,12.018169390429813,0.7236642950856085,5.0,-7.588720275026554,20.03652947802679
1740802714.545971452,11.998104669134461,0.7252613313287996,5.0,-7.5742674431330785,20.02257277392454
1740802714.563607248,11.988080784267273,0.725016034547382,5.0,-7.567020039914268,20.015631401068834
1740802714.579036967,11.968041733127272,0.7267205517813844,5.0,-7.552479860789987,20.001814001501998
1740802714.592964708,11.958024670521523,0.7283449036733941,5.0,-7.545193283675048,19.99492796907146
1740802714.610339925,11.937988856356426,0.7327293080462519,5.0,-7.530594882380824,19.981182290091603
1740802714.626124644,11.927966916644628,0.7353397578121657,5.0,-7.523283200526654,19.974317625573494
1740802714.640668264,11.917942915202111,0.738034536337871,5.0,-7.515967446147569,19.96745448328808
1740802714.655506204,11.897888077530292,0.7432187501366604,5.0,-7.501320154209389,19.953735877628684
1740802714.679933642,11.887860692111264,0.7447576737249472,5.0,-7.493990262336925,19.946883782080594
1740802714.700040924,11.857818077362083,0.7444690041607166,5.0,-7.47193125114294,19.926467408438217
1740802714.722485464,11.847812677717851,0.745450307532003,5.0,-7.464551214776873,19.919706439446212
1740802714.743970795,11.82780033803098,0.7502799691940334,5.0,-7.4497609043461415,19.90621691006326
1740802714.761312592,11.807757094920232,0.7573662370199646,5.0,-7.434943524172534,19.892711387023336
1740802714.776892401,11.787685828542571,0.7609373075420741,5.0,-7.420090522698418,19.879204100002248
1740802714.793324239,11.777646706295625,0.7624391483143583,5.0,-7.412645039589805,19.872466967736894
1740802714.808526338,11.767605016570089,0.764195344769157,5.0,-7.405185714559225,19.865741842380547
1740802714.822365240,11.74751618266551,0.7680567787177095,5.0,-7.390244526054932,19.852309197041567
1740802714.837261030,11.737467510703313,0.7702611954511258,5.0,-7.382760686692445,19.84560162277688
1740802714.852428189,11.727414376304786,0.7726694305852716,5.0,-7.375268041175493,19.838897375611403
1740802714.868389678,11.717355675950143,0.7750559718684353,5.0,-7.3677655790240575,19.832195936449896
1740802714.882304669,11.697226449694123,0.7798476685356884,5.0,-7.352739939628601,19.818798860324563
1740802714.896128470,11.687157545142895,0.7821818143392545,5.0,-7.3452186437083995,19.812103530806784
1740802714.910126892,11.677085687016834,0.7844912871929831,5.0,-7.3376913417925325,19.805410608179024
1740802714.923946233,11.656949198647732,0.7851224749402513,5.0,-7.322614563055622,19.792061297542187
1740802714.937829075,11.64689126799625,0.784583474649719,5.0,-7.315057378352299,19.78542399561123
1740802714.952211485,11.626784658335751,0.7857949634902417,5.0,-7.299899198595609,19.772213916075156
1740802714.966519516,11.61673272142608,0.7871833496865318,5.0,-7.292303354865693,19.765630243239844
1740802714.981195176,11.606678767891829,0.7890034085692155,5.0,-7.2846964547436714,19.759056220124748
1740802714.995543917,11.586565199060887,0.793097044353842,5.0,-7.269463929744058,19.74592109087337
1740802715.10251477,11.576506786982625,0.7943189397921819,5.0,-7.261838565378508,19.739361519139756
1740802715.24580988,11.556409497135018,0.7933810446605627,5.0,-7.246556583827475,19.72630812217802
1740802715.39022608,11.546369880494952,0.793537853458948,5.0,-7.238894909645849,19.719818988364768
1740802715.54097678,11.536333894484521,0.7942675241046097,5.0,-7.231222151429575,19.713348142310224
1740802715.71987764,11.516265468105951,0.797104032918795,5.0,-7.215849674667037,19.700442869338602
1740802715.88529292,11.506228387670875,0.7990851865845863,5.0,-7.208149625950195,19.69400174669605
1740802715.103797621,11.48614918730851,0.8024518365956793,5.0,-7.192733922848127,19.681129760156693
1740802715.119219270,11.476115502391893,0.8021828835885944,5.0,-7.18501597372625,19.674714393395327
1740802715.134500700,11.456078091269509,0.7993858593603853,5.0,-7.169537652411624,19.66197810982863
1740802715.151033997,11.446071997935956,0.7990505734705339,5.0,-7.161774555144153,19.65565671253883
1740802715.166567407,11.426071817832025,0.8006438168031804,5.0,-7.146213703280109,19.643072038587782
1740802715.182360275,11.416071778711085,0.8023161424060823,5.0,-7.138419047149073,19.636796120208665
1740802715.200003622,11.396061692294419,0.8065154530686713,5.0,-7.1228061133978695,19.624256137852427
1740802715.217420018,11.386052651055453,0.808712692743429,5.0,-7.114992367847688,19.617988393026035
1740802715.235662324,11.366027799591516,0.8130292792802667,5.0,-7.099353525410699,19.60545557613949
1740802715.253796689,11.356015935311325,0.8139904053281355,5.0,-7.0915286961703865,19.59919620764862
1740802715.271352255,11.336014299750882,0.8130955102102049,5.0,-7.0758559065456526,19.58673765003701
1740802715.289169362,11.326022739563008,0.8133788029379183,5.0,-7.068001399950459,19.580543252040385
1740802715.307580867,11.306045727634922,0.8156733826736264,5.0,-7.052263801716973,19.5681965153898
1740802715.326177562,11.286063505422748,0.8194960982190945,5.0,-7.036496788554127,19.55587549866525
1740802715.349792390,11.266079722512602,0.8214873636488907,5.0,-7.02070782989225,19.54357716272123
1740802715.366926667,11.246103246372817,0.8239430131101736,5.0,-7.004887737911372,19.531325548102348
1740802715.392900442,11.226139148322275,0.8239895758774322,5.0,-6.989043252946933,19.519120610321185
1740802715.412825185,11.206201309939393,0.8236694643257488,5.0,-6.97314910365071,19.507012467041662
1740802715.429878682,11.186281325900708,0.8228586195838574,5.0,-6.957205176354,19.49498839660754
1740802715.447927488,11.166386786109717,0.8223629969115003,5.0,-6.941200950341041,19.483071964716927
1740802715.468405540,11.146498021381882,0.8246933952172474,5.0,-6.925147803993098,19.471220112565085
1740802715.491694959,11.126601442126077,0.8281901976326079,5.0,-6.909061076513081,19.459394520428454
1740802715.512259461,11.106703473718225,0.8293391081968847,5.0,-6.892948421870502,19.447596158280213
1740802715.534610621,11.08682326199015,0.8293996184295876,5.0,-6.876787104805797,19.435880169671545
1740802715.553757846,11.066958942520527,0.8287284992943088,5.0,-6.860576581297499,19.42424427087734
1740802715.576297405,11.04711896547256,0.8282962710271131,5.0,-6.844304861460132,19.412714963342935
1740802715.594670431,11.027277658277944,0.8311699740213784,5.0,-6.827978302881926,19.401245845517817
1740802715.620300186,11.007421653560979,0.834855066080083,5.0,-6.8116158967467415,19.3897948003461
1740802715.639424150,10.987558415156151,0.837119106384194,5.0,-6.795227761240651,19.378361558256294
1740802715.661223011,10.967700685882404,0.8394495463851038,5.0,-6.778810154280987,19.36696972190321
1740802715.676648500,10.947840857875443,0.8409776402919614,5.0,-6.762359355747842,19.355611939125634
1740802715.698983430,10.937914571281524,0.840459438140739,5.0,-6.7541118264274225,19.349963568953314
1740802715.722252449,10.91807523693657,0.8416761710165762,5.0,-6.737584584794024,19.338723097936917
1740802715.749560492,10.888316668093054,0.8463299342148428,5.0,-6.7127419805227335,19.321920557793504
1740802715.778577823,10.868475068633957,0.8481496190388862,5.0,-6.696143696073956,19.310755603701754
1740802715.803474610,10.838710666939381,0.8526967712249491,5.0,-6.671199296720546,19.29405698302193
1740802715.818233680,10.81885870927791,0.8527557478811323,5.0,-6.6545108172609,19.28297679531783
1740802715.843444926,10.808938904711116,0.8517600185520915,5.0,-6.646138908275564,19.277477198847187
1740802715.860083723,10.789117290406619,0.8523550876846508,5.0,-6.629358858580306,19.266545706154353
1740802715.887034657,10.769300433488295,0.8551768167459654,5.0,-6.612545427740971,19.25565825187628
1740802715.900958598,10.749470528154141,0.85749957446766,5.0,-6.595696705317326,19.24478997050002
1740802715.928906771,10.729650280622035,0.8573031291073585,5.0,-6.57879518366987,19.23399507926022
1740802715.946884537,10.709847160430426,0.8569628554792577,5.0,-6.561848878846946,19.22327565339226
1740802715.971742283,10.690090147301726,0.8532952108811533,5.0,-6.544851298318006,19.212682780560023
1740802715.992421605,10.670380472169159,0.8501921834721767,5.0,-6.527775146199574,19.202249098895432
1740802716.6712186,10.650710454444479,0.8478636148760065,5.0,-6.510610997865955,19.19197342061919
1740802716.22279905,10.631064222529716,0.8494075112915757,5.0,-6.493396687515092,19.181788620011524
1740802716.34575739,10.621100272687002,0.8780900356205538,5.0,-6.4846665099044465,19.176622015835814
1740802716.46162503,10.600237049206468,0.9302119576756419,5.0,-6.466327573682654,19.16586898195188
1740802716.57650827,10.589364079919571,0.9533658503581294,5.0,-6.456715412914044,19.16032595404254
1740802716.68714742,10.578213754894561,0.9763604049475831,5.0,-6.446815031020948,19.154689449061017
1740802716.81038506,10.566781251440506,1.0000952084940298,5.0,-6.436618111050024,19.148961464800475
1740802716.97054194,10.555062456986322,1.0235477041493248,5.0,-6.42611499096357,19.143146572185312
1740802716.114987250,10.530764630363906,1.0693980770697586,5.0,-6.404161263091699,19.131285958230414
1740802716.132818626,10.505349222703366,1.1129737490375433,5.0,-6.3809435306444735,19.119161367937455
1740802716.195013003,10.478878698768469,1.1539310383809576,5.0,-6.356481939981281,19.106842381568015
1740802716.224981042,10.393356125023397,1.2752152395196337,5.0,-6.275403203560452,19.069285121812158
1740802716.240321822,10.347139456538077,1.344008400436195,5.0,-6.230406559994118,19.05026771591475
1740802716.255095022,10.331168081714987,1.369902221139433,5.0,-6.214724661025143,19.043834658601885
1740802716.266761016,10.298522319366512,1.4263394127580655,5.0,-6.182560459999244,19.030793344281598
1740802716.277771651,10.28178724674332,1.4558961186943613,5.0,-6.166013345835694,19.024165648672433
1740802716.287920388,10.26470328230987,1.4859673164336284,5.0,-6.149075390165441,19.017445028916573
1740802716.298992273,10.24739596440283,1.5168611260266112,5.0,-6.1318883507786905,19.01066120818285
1740802716.310096528,10.229800072136833,1.5486105856521775,5.0,-6.114385325467962,19.003790580897615
1740802716.321146153,10.21191577259916,1.5812723663710773,5.0,-6.096572659727468,18.996825921819102
1740802716.332477598,10.175273624587973,1.6490199130796992,5.0,-6.060036448555977,18.982580437975706
1740802716.344738441,10.156514108200588,1.6838403362415346,5.0,-6.041322431668143,18.975285797256117
1740802716.355154437,10.137457782536584,1.7196223356821376,5.0,-6.022311819570875,18.967868567610317
1740802716.364169995,10.118101012469895,1.7557351855578667,5.0,-6.0030014506305385,18.960326429172245
1740802716.373114393,10.098446931637934,1.7915243791215687,5.0,-5.983394710398621,18.952659917344924
1740802716.382123521,10.078499624602784,1.8275759196226187,5.0,-5.963498679249255,18.94486693240554
1740802716.391130479,10.058259152952498,1.8639358643836925,5.0,-5.943315752547594,18.936944554090978
1740802716.400005977,10.037722867814944,1.9007008232720186,5.0,-5.922843712392929,18.9288908919066
1740802716.408562055,10.016889639695975,1.9372728785284212,5.0,-5.902074778089654,18.92071235129879
1740802716.419438371,9.995760146576199,1.9739126717122564,5.0,-5.881007165235847,18.912411430302505
1740802716.427967719,9.974336120493263,2.01057405950261,5.0,-5.859642955895715,18.90398795967533
1740802716.439255214,9.952619665431861,2.047203399790822,5.0,-5.837984588945852,18.895441928241972
1740802716.449742540,9.930612871640463,2.083799006633319,5.0,-5.816034178122345,18.886773653368223
1740802716.457592449,9.908317935538108,2.1202557418851846,5.0,-5.793793431722642,18.877984041322094
1740802716.465738098,9.885737821870737,2.1564860190009263,5.0,-5.7712643362346485,18.869074819339552
1740802716.478700931,9.86287605393918,2.192412553484497,5.0,-5.748448911601062,18.86004848795619
1740802716.488389208,9.839736476112385,2.2280005247177512,5.0,-5.725348894774728,18.850908308498795
1740802716.498786534,9.816323113265348,2.2631932007687467,5.0,-5.701965518272817,18.841658328949816
1740802716.506700353,9.792638940095868,2.2979418769638245,5.0,-5.678299731132539,18.832303410160435
1740802716.515768251,9.768681853914236,2.332208585862536,5.0,-5.654352224000294,18.82284911978319
1740802716.525900967,9.744455403530008,2.3660002632869697,5.0,-5.6301233031890705,18.81330155263615
1740802716.535439085,9.719964079345333,2.3992679436011737,5.0,-5.605612946753775,18.803667312801412
1740802716.545375261,9.695212623076886,2.4320249849916435,5.0,-5.580821104175595,18.79395340326644
1740802716.555047968,9.67020582691283,2.4642465742604323,5.0,-5.555747561088778,18.784167076507536
1740802716.565516044,9.644948470673878,2.495989803494447,5.0,-5.530392006858349,18.77431567000709
1740802716.575574001,9.619445251640466,2.5272183256372194,5.0,-5.504753981651888,18.764406560117376
1740802716.585488017,9.593701190626039,2.557947791734206,5.0,-5.478833436351667,18.754447157334297
1740802716.595495294,9.56772105554498,2.58824318999679,5.0,-5.452630267114069,18.7444445601626
1740802716.605617330,9.5415110894633,2.6181110730251143,5.0,-5.426144314446794,18.73440555971316
1740802716.615494907,9.515085004480689,2.647626571083391,5.0,-5.39937554579374,18.72433653855998
1740802716.626159273,9.488449179473928,2.6767173979829315,5.0,-5.372324264923542,18.71424357187998
1740802716.636200619,9.461608878304652,2.7054849686084625,5.0,-5.3449914149592175,18.704132275041072
1740802716.646360965,9.434568540000006,2.7340060789069884,5.0,-5.317377506073863,18.694007466785262
1740802716.656740661,9.407332290661532,2.762292395391836,5.0,-5.289483064754332,18.683873439900644
1740802716.666932957,9.379904025836897,2.7904142545023767,5.0,-5.261308795087209,18.673733912671732
1740802716.677686643,9.352286336969334,2.818647651139251,5.0,-5.23285522884367,18.663590842272416
1740802716.689753727,9.324481017316089,2.846773261444882,5.0,-5.204124447303229,18.653443361500113
1740802716.700488812,9.296491676078999,2.874748516237961,5.0,-5.175118291875029,18.643293463217894
1740802716.711284188,9.268321623618261,2.902606126692017,5.0,-5.145837975900334,18.633143326965378
1740802716.721301204,9.23997393244839,2.9303688228747116,5.0,-5.116284728432788,18.622994730674993
1740802716.732059370,9.211451718637097,2.9580053370381307,5.0,-5.086460040147089,18.6128492031182
1740802716.744112164,9.182758243526397,2.985525345014401,5.0,-5.0563657891338165,18.60270804302752
1740802716.754892909,9.124868920323232,3.0404711733393386,5.0,-4.995375620126309,18.58244200387916
1740802716.767054193,9.095680327983425,3.067129643253603,5.0,-4.964485072442093,18.5723189439937
1740802716.776762550,9.06633514016497,3.094348504373689,5.0,-4.933336688901056,18.562203112481658
1740802716.786992146,9.036831818207737,3.1215493566687504,5.0,-4.901928231125649,18.55209299933242
1740802716.797110642,9.007172978487525,3.148655461274543,5.0,-4.870261684982512,18.54198868219263
1740802716.807771888,8.977361344950708,3.175652049744713,5.0,-4.838339351747931,18.531890043715205
1740802716.818962593,8.94739952257889,3.2025704856703126,5.0,-4.806163391085749,18.52179691459817
1740802716.829515029,8.91728996254827,3.22939391365906,5.0,-4.773735714608688,18.511709130149402
1740802716.839387505,8.887035264216768,3.2561023085496155,5.0,-4.7410583053475195,18.50162663537257
1740802716.849304842,8.856638228315477,3.2826625548335997,5.0,-4.708133282636092,18.491549494748035
1740802716.858491610,8.826101781895881,3.3090754992750115,5.0,-4.674962836459197,18.481477851510665
1740802716.867742617,8.795428879563245,3.3353225293798,5.0,-4.641549099426704,18.47141191501241
1740802716.877005275,8.764622401665177,3.361437539764237,5.0,-4.607894043626215,18.461351917952403
1740802716.886245773,8.733685088298957,3.3874053944699467,5.0,-4.573999367708599,18.451298132610486
1740802716.896145179,8.702619959882583,3.413180615409696,5.0,-4.53986694468866,18.44125101764587
1740802716.905496067,8.671430301626627,3.438753429748783,5.0,-4.505498845944579,18.431211172416607
1740802716.916173242,8.64011933534077,3.4641452605606684,5.0,-4.470896995870874,18.421179214820867
1740802716.925597660,8.608674104367637,3.489372198886114,5.0,-4.436063030237056,18.41115575423307
1740802716.935475276,8.5770752038272,3.5143838483166605,5.0,-4.400998639870316,18.401141512727218
1740802716.945512323,8.545324467784663,3.5391767534498673,5.0,-4.365705776063808,18.391137318464136
1740802716.955464719,8.513423616833776,3.563798841996533,5.0,-4.330186140243826,18.381143918292306
1740802716.965452406,8.481374296011515,3.5882046699872685,5.0,-4.29444131187296,18.371162072079258
1740802716.975531622,8.449183500904043,3.6123898958883447,5.0,-4.258473146037337,18.36119261707252
1740802716.985475969,8.416885300098972,3.6363990970006106,5.0,-4.222283295572974,18.35123628945615
1740802716.995452305,8.3844887688711,3.660094386988432,5.0,-4.185873745738139,18.34129395922585
1740802717.5457392,8.351997898202299,3.6835643342777993,5.0,-4.149246920442523,18.331366509048735
1740802717.15500908,8.3194161364342,3.7068161449418815,5.0,-4.112404653298895,18.321454593330582
1740802717.25152935,8.286746776943197,3.729888706523306,5.0,-4.075348605171547,18.311558771925426
1740802717.35620001,8.253993064419126,3.7527470226917616,5.0,-4.038080374863255,18.301679550149693
1740802717.45514598,8.221158253880665,3.775434394867459,5.0,-4.000601607989013,18.291817356774914
1740802717.55505474,8.188245484942268,3.7979214312701473,5.0,-3.962913839973447,18.281972519070944
1740802717.65502031,8.155258095705536,3.8201977758551107,5.0,-3.925018872268721,18.272145341184984
1740802717.75495508,8.122199437984536,3.842264824262264,5.0,-3.8869185878044417,18.262336025857728
1740802717.85447884,8.089072706616598,3.8641532062629547,5.0,-3.8486147634294325,18.252544616392814
1740802717.95365731,8.055880866610165,3.8858773519383583,5.0,-3.810108971743062,18.2427709874466
1740802717.105411278,8.022626785386825,3.907442098306844,5.0,-3.7714027245443686,18.233014892125244
1740802717.115494574,7.989313476656343,3.92880135926261,5.0,-3.7324977458500257,18.223276044183628
1740802717.125425340,7.955944148955078,3.949955772682977,5.0,-3.6933960594583035,18.213554107508184
1740802717.135451677,7.922521946242699,3.9709073572923193,5.0,-3.65409969333257,18.203848616425056
1740802717.145472384,7.889049964866838,3.99165713511718,5.0,-3.6146106927244794,18.19415898802966
1740802717.155440560,7.855521336712555,4.01220579408049,5.0,-3.5749311239016737,18.184484524594534
1740802717.165627717,7.821886137502919,4.032553782168806,5.0,-3.535063074147094,18.174824416461846
1740802717.175604233,7.788137122296646,4.052825808020079,5.0,-3.4950080979617186,18.165177575294507
1740802717.185785109,7.7542743294286485,4.072901456286269,5.0,-3.4547675797243547,18.155542829252628
1740802717.195648036,7.7203018246161115,4.0927739854559775,5.0,-3.414343694316727,18.14591910131791
1740802717.206047012,7.686273767914517,4.112444700084625,5.0,-3.373738618543073,18.13630518782462
1740802717.215930909,7.652211301831706,4.131789860464649,5.0,-3.3329550911683343,18.126699947225035
1740802717.226570995,7.618117770429309,4.150929269881928,5.0,-3.291996049144888,18.117102124959814
1740802717.236636311,7.583995828181543,4.169868976204421,5.0,-3.2508636738027334,18.10751018679927
1740802717.246062148,7.549847233616825,4.188767848993776,5.0,-3.2095599064106684,18.09792159926819
1740802717.255952505,7.5156720889837025,4.207510970378154,5.0,-3.1680871826998795,18.088331220499832
1740802717.266294571,7.4814729052438835,4.226022481208076,5.0,-3.126447757665269,18.07873722825053
1740802717.276768067,7.447252513284604,4.244335127655193,5.0,-3.084643668320884,18.069138378435664
1740802717.286751623,7.413013656091565,4.262420468220393,5.0,-3.0426769286846476,18.05953330110362
1740802717.296557890,7.3787592274208285,4.28027663205471,5.0,-3.0005497462858304,18.049920632502786
1740802717.307214516,7.344492041152153,4.297922355170917,5.0,-2.958264249841968,18.0402989430253
1740802717.317287362,7.310214822763248,4.31534970521195,5.0,-2.9158225278299335,18.030666694347367
1740802717.327403199,7.275915155926534,4.332604794152753,5.0,-2.873226572759523,18.021022142734147
1740802717.337533585,7.241518993202212,4.349648635621965,5.0,-2.830478350138707,18.011363340334096
1740802717.348856360,7.207015780958518,4.366484076397292,5.0,-2.7875801134446863,18.00168820712909
1740802717.358764386,7.172405043990976,4.383152830796451,5.0,-2.744533932366856,17.99199445744365
1740802717.379557578,7.13772652277888,4.399614684882039,5.0,-2.701341829178929,17.982279727627763
1740802717.398742303,7.068366368699294,4.432014225480756,5.0,-2.6145286368809297,17.962777918196874
1740802717.416483699,6.999026475221373,4.462489871080851,5.0,-2.527166565641137,17.943166464821825
1740802717.430895459,6.929733414226274,4.49222608983956,5.0,-2.4392840701941654,17.92342899453056
1740802717.446908668,6.895109664257159,4.50667333384503,5.0,-2.395152783798131,17.913506895872374
1740802717.462185918,6.825912873035089,4.535700015361082,5.0,-2.3065197954237204,17.89353747230716
1740802717.477897956,6.791282360057069,4.549560259549971,5.0,-2.262022052623549,17.88348226070241
1740802717.495724982,6.721692680051845,4.577314440521362,5.0,-2.1726766457609306,17.86322222632361
1740802717.510724982,6.651832643992376,4.603588014609063,5.0,-2.082877965368438,17.842748911400815
1740802717.522047767,6.616937076155419,4.61637674023065,5.0,-2.0378165012161804,17.83242704374916
1740802717.537797556,6.582069162534084,4.629144638300129,5.0,-1.9926501601040947,17.82204260696496
1740802717.552899545,6.512419380726033,4.654162770708818,5.0,-1.9020095942143609,17.80107071778234
1740802717.574897016,6.477643138577636,4.66601543424827,5.0,-1.8565400074465632,17.790479707275832
1740802717.590527015,6.373376279977132,4.70048090068395,5.0,-1.7195734558426568,17.75826076210286
1740802717.607151843,6.338450543594705,4.711231248637762,5.0,-1.673740407966938,17.74736423983152
1740802717.621558443,6.268382433074071,4.733235690422118,5.0,-1.5818201910294059,17.72531700008656
1740802717.641789836,6.233386933893228,4.743667536321471,5.0,-1.5357363755297357,17.714154272121448
1740802717.657038815,6.163520150733974,4.764236068148138,5.0,-1.4433390301033957,17.69153216182254
1740802717.686460216,6.093833036789532,4.783534841373863,5.0,-1.3506511952769669,17.668497301666605
1740802717.707806857,6.024155801852253,4.802034732808828,5.0,-1.2576964699889488,17.645029210460777
1740802717.727335201,5.918886811993083,4.828085079714333,5.0,-1.117804819815278,17.6089626136972
1740802717.743832708,5.848818066082438,4.844292501708043,5.0,-1.0242759991966255,17.584304383579543
1740802717.763338562,5.8138656506558934,4.852102045458167,5.0,-0.9774390544313818,17.57177991376318
1740802717.783188175,5.744106472080199,4.8672793241523795,5.0,-0.8836328014454027,17.54632140665073
1740802717.806326084,5.674003180985567,4.881580846826084,5.0,-0.7896679825549212,17.520292561143858
1740802717.823821671,5.568407804097502,4.90151038564671,5.0,-0.6484799205888334,17.48011841683126
1740802717.846014681,5.533317207417939,4.907734992834119,5.0,-0.6013640503678885,17.466410458392822
1740802717.863353498,5.463302935216935,4.919712359083059,5.0,-0.5070702465111772,17.438496811465768
1740802717.883485361,5.392956603242941,4.930831102255654,5.0,-0.41271441693931926,17.409894216990548
1740802717.899767949,5.32219256684681,4.941093877693914,5.0,-0.31832448961195314,17.38057337288626
1740802717.923338807,5.251630806337807,4.950637991528503,5.0,-0.22392602332043982,17.350504165329202
1740802717.939496875,5.181236886503813,4.959377962710593,5.0,-0.12954627459944484,17.319656756892353
1740802717.957807310,5.11030686330299,4.967432882418477,5.0,-0.035209694467649454,17.28800007126104
1740802717.972507531,5.039115974194772,4.974686678658301,5.0,0.05905266085807802,17.255505224212435
1740802717.995965219,5.003609601335261,4.978008722887268,5.0,0.10614776265415292,17.23893400382265
1740802718.13223866,4.932701184985541,4.984040585931829,5.0,0.20024553745205387,17.20512632006624
1740802718.34403058,4.861210468221317,4.989384030851747,5.0,0.2941975538847268,17.170406521346656
1740802718.58097485,4.789428222676465,4.9938299764080805,5.0,0.3879698467252408,17.134747103692572
1740802718.77167030,4.6820160527799555,4.999234719808745,5.0,0.528222226590081,17.079434584174845
1740802718.95964574,4.609688805306372,5.001731291706092,5.0,0.6214049583809257,17.041303902085097
1740802718.118334045,4.537230582704647,5.003524409075662,5.0,0.7142916950504876,17.002138123208166
1740802718.132712275,4.464895473883989,5.00460762789105,5.0,0.8068484360576932,16.961910869136133
1740802718.156953223,4.428485353506106,5.004850356342334,5.0,0.8529921452620316,16.941391149803973
1740802718.171423773,4.318518188819176,5.0046231692760195,5.0,0.9908287294029384,16.878171347505905
1740802718.186748222,4.281933015905515,5.004204839487524,5.0,1.0365619454838888,16.85653391285905
1740802718.203853729,4.208430421584235,5.002502688696143,5.0,1.127677836262082,16.812397224917444
1740802718.231437122,4.171337632161543,5.001409369210938,5.0,1.173050492154433,16.789892743818434
1740802718.249247418,4.059961967318787,4.997208238503429,5.0,1.3083705924051607,16.72060166379932
1740802718.271510498,3.985357672576907,4.993452618314885,5.0,1.3978683531172051,16.67290120394779
1740802718.288824815,3.909999984238243,4.9886604460771125,5.0,1.4867420821811608,16.623975574366384
1740802718.306890191,3.834730124309484,4.983174528994788,5.0,1.5749465955870918,16.57380969440975
1740802718.322740089,3.7588443161286644,4.976809327669497,5.0,1.6624376196828652,16.522388673901954
1740802718.346569757,3.7205718129120404,4.973339231573826,5.0,1.7059012995553695,16.496203427109553
1740802718.362741546,3.6058315592815493,4.961676151012392,5.0,1.835093280303889,16.415733004733593
1740802718.379805773,3.5673001552563357,4.9575595587783035,5.0,1.8777396745872226,16.38826619258907
1740802718.395512791,3.489625908750138,4.9483142253588115,5.0,1.9623692828369756,16.332361773816327
1740802718.413950437,3.411954611680349,4.938672553646632,5.0,2.046075663698867,16.27515755720393
1740802718.430912844,3.372903311493854,4.933490935942462,5.0,2.087568802673482,16.246065419920274
1740802718.447247712,3.294083256831331,4.92265114850407,5.0,2.169803663888601,16.186899713604102
1740802718.464292779,3.2151129810751917,4.911135696771229,5.0,2.250996714762741,16.126423526312575
1740802718.480044108,3.17549725263694,4.905027764362927,5.0,2.2911875055791198,16.09569371842886
1740802718.495042568,3.095519974975434,4.8923425071870374,5.0,2.370725949213172,16.0332526072112
1740802718.510960326,3.0151710951013198,4.878991016215517,5.0,2.449099638732611,15.969505471437328
1740802718.527080934,2.9749592351205667,4.871971929826608,5.0,2.4878344273393975,15.937143594052777
1740802718.548004646,2.8938046598912326,4.857055804804406,5.0,2.5643645887317428,15.871451780589833
1740802718.562289887,2.8120648099605114,4.841912330356371,5.0,2.6396033091554987,15.804476048703062
1740802718.581851451,2.7712209658207776,4.83403680688328,5.0,2.6767243790966666,15.770508550718262
1740802718.598193749,2.688877716923152,4.815606440375377,5.0,2.7499220624070744,15.701637690317131
1740802718.613492098,2.6058117189998393,4.797998884499721,5.0,2.821686389512015,15.63153678340403
1740802718.628923567,2.5643192672429143,4.7886041126478895,5.0,2.8570199298641437,15.59602618166686
1740802718.648578661,2.4808267002705313,4.768906001868721,5.0,2.926552065534656,15.52410466994795
1740802718.663686570,2.3965208902754926,4.748062524989974,5.0,2.994523376462807,15.451011134493504
1740802718.679901649,2.3543473895268714,4.7373265640997335,5.0,3.027908776068668,15.414033605014003
1740802718.696053077,2.2697738736046484,4.715078970314275,5.0,3.093448916073478,15.339236100365625
1740802718.714034793,2.1844072566835173,4.691760659902957,5.0,3.157304188665591,15.263348407610462
1740802718.730278701,2.1415568614583678,4.679816757489518,5.0,3.188586080817953,15.225006312866832
1740802718.748379097,2.0559280178535406,4.655312602019207,5.0,3.249830952214274,15.14754773075994
1740802718.763563476,1.9696613873095221,4.629461519509089,5.0,3.3092764410326296,15.069095083329508
1740802718.782395441,1.926273648255757,4.616237963080534,5.0,3.338310637767548,15.029510207922595
1740802718.797039321,1.8395449143613434,4.589352473705457,5.0,3.3949776597908854,14.94964926796169
1740802718.812005471,1.752518706229214,4.561354485876683,5.0,3.449742433207366,14.86890574214324
1740802718.828944058,1.7087843618089043,4.54710690750596,5.0,3.4763994283207436,14.828218379813368
1740802718.844860227,1.621012090652993,4.5154988231319155,5.0,3.5282264383634567,14.746263366304289
1740802718.860498956,1.5333672534892167,4.4862007923132605,5.0,3.5780519657994168,14.663572960932722
1740802718.876167305,1.489385633829707,4.470964824975418,5.0,3.602210251524133,14.621955414682601
1740802718.890965875,1.4011108445336249,4.437357522254579,5.0,3.648979945305845,14.53823902421331
1740802718.909513850,1.3568353655187602,4.421792735725597,5.0,3.671585815023568,14.496156487535071
1740802718.923375121,1.2684741348216977,4.387623956036608,5.0,3.71522720579692,14.411565254023087
1740802718.940584288,1.224273980067755,4.371412317249723,5.0,3.73625602955153,14.3690751017628
1740802718.954925499,1.1356333269587895,4.338731837413666,5.0,3.776728763511213,14.283711210932978
1740802718.986584646,1.0912081495932535,4.3221157162253485,5.0,3.7961660665658052,14.24085226184319
1740802719.3658403,0.9134483230605271,4.254799418541816,5.0,3.8685375840043017,14.06839728152846
1740802719.17503214,0.869022673123931,4.240315179515635,5.0,3.885282413519198,14.025051978913268
1740802719.32708094,0.7799942778209872,4.208196122202458,5.0,3.917158082625273,13.93806884446191
1740802719.48830992,0.7354443169121881,4.1900606530776106,5.0,3.9322704265610255,13.894482613188258
1740802719.63527472,0.6463578452950661,4.151405159255748,5.0,3.9608310594456433,13.807205083228679
1740802719.78718002,0.6018389219189136,4.133488779392786,5.0,3.9742803982331463,13.763530265826526
1740802719.94426411,0.5131207876942738,4.097341839834421,5.0,3.9995234018406336,13.676103211940388
1740802719.111489728,0.42456014211488885,4.05962054256752,5.0,4.022545550422432,13.588636849177396
1740802719.128269765,0.380331728260859,4.040788364704946,5.0,4.033222506187291,13.544911513605939
1740802719.146404211,0.292041726092028,4.000034805802162,5.0,4.052903013587209,13.45753935648769
1740802719.161609561,0.20401816283837712,3.962613157197027,5.0,4.070367016977844,13.370316729058462
1740802719.176573340,0.16010666243783933,3.943656395881153,5.0,4.0782714592005656,13.326762048172705
1740802719.192126330,0.07256214793333897,3.9019752843564413,5.0,4.092419523512257,13.239843683244644
1740802719.209212916,0.02895004237451327,3.8827679475157457,5.0,4.098668591901606,13.196501225177052
1740802719.224423896,0.05793335871331634,3.8411711821249486,5.0,4.109523426021683,13.110070643706996
1740802719.242255322,0.1011851340532643,3.821950710034808,5.0,4.114134442763256,13.067002345647609
1740802719.256188293,0.18732124698550728,3.7834068859775867,5.0,4.1217347709884145,12.981147891945731
1740802719.272760951,0.27290842049971936,3.744206744769262,5.0,4.127181698539776,12.895729202619156
1740802719.288045581,0.3154786491605064,3.7246380828921013,5.0,4.129102969834975,12.853201082073486
1740802719.312606487,0.4001064981065151,3.6824490128362783,5.0,4.131352611344501,12.768573881224883
1740802719.328754435,0.4840109710434879,3.643649731787951,5.0,4.131506672346834,12.68456018480518
1740802719.348972328,0.5671824351950365,3.6040726298715984,5.0,4.1295806803993,12.60117046067638
1740802719.366482895,0.6495583194824448,3.5643378089180495,5.0,4.12559628787325,12.51846851314155
1740802719.382090474,0.7310888493999338,3.524763450551995,5.0,4.11957991646584,12.43650558438898
1740802719.398198112,0.7715216345268763,3.504869506796495,5.0,4.115818634435238,12.39581721634439
1740802719.415962888,0.8516581810895614,3.4621411200334418,5.0,4.106811051516025,12.315091946936166
1740802719.430533078,0.930788605552956,3.422758080467582,5.0,4.095858511746831,12.23527129353984
1740802719.445737348,0.9699787257564877,3.402741491041106,5.0,4.089657764708235,12.195698249307888
1740802719.465401302,1.0474493321492098,3.359614448758979,5.0,4.075831337947817,12.11729779874685
1740802719.484884425,1.1235114237913046,3.320046107475653,5.0,4.0601456786099,12.039925436123143
1740802719.501275853,1.1984260432220661,3.2808493806995713,5.0,4.042620888121019,11.963572429437761
1740802719.522704965,1.235440526324211,3.26119269484985,5.0,4.033179054438361,11.925791470071522
1740802719.540473341,1.3083764653998389,3.2190112985223114,5.0,4.012967897158647,11.851080636472734
1740802719.561310953,1.3796671010952424,3.180251780785349,5.0,3.9910310865531264,11.777534082188065
1740802719.579806758,1.449655570515409,3.141861474218999,5.0,3.9673874121717327,11.705141706788487
1740802719.601944528,1.5178546985797947,3.1034263438948386,5.0,3.94207255244985,11.633941752027305
1740802719.617850106,1.5845037713075325,3.0649148615402546,5.0,3.9151300286778987,11.563976459336658
1740802719.636547171,1.6492734206301851,3.0275091256968865,5.0,3.88660290991358,11.495275291185598
1740802719.654367687,1.7123378734521144,2.9901396640640168,5.0,3.8565268491755127,11.427861539075625
1740802719.675936778,1.7430385759005327,2.971914508688666,5.0,3.840920718174423,11.39464689340567
1740802719.693798184,1.832283782218443,2.9166079290693236,5.0,3.7918839052713,11.297008061042316
1740802719.716642144,1.8609019831426528,2.899072105331334,5.0,3.774818948571021,11.265144869865523
1740802719.735408258,1.860637501913992,2.8461735629661447,5.0,3.721510380789427,11.171612411279963
1740802719.744997346,1.8250871004453753,2.8287478444594916,5.0,3.7030568231512384,11.141136791494368
1740802719.754347243,1.7896978176784515,2.811339269980696,5.0,3.684268915936024,11.111016249189529
1740802719.763735420,1.7544696280105816,2.79504100180565,5.0,3.6651491234212266,11.081249484349161
1740802719.773266267,1.7193972517436014,2.7788054628190753,5.0,3.6456939749447,11.051832349908041
1740802719.782712565,1.68448223524871,2.7642518856263565,5.0,3.6259083397457936,11.022764060637089
1740802719.792030672,1.6497154221013328,2.7529309102630797,5.0,3.6058087437334816,10.994025721786365
1740802719.801490059,1.6150898491878811,2.7441358966242064,5.0,3.5854179607450787,10.965597666632867
1740802719.810917127,1.5806014503247965,2.7376662671018055,5.0,3.5647584820165505,10.937463639103933
1740802719.819657695,1.5462450580032394,2.7331113228188393,5.0,3.5438483703070074,10.909608440996776
1740802719.828322333,1.5120166092204743,2.7300777736236803,5.0,3.52270308724191,10.882019468743781
1740802719.837368671,1.477913344660647,2.728242673659338,5.0,3.5013363451237516,10.854686495671789
1740802719.846401039,1.443933472248671,2.727379389751878,5.0,3.479760254421846,10.827601216370962
1740802719.855549917,1.4100755850288655,2.7273525170782804,5.0,3.4579855399898527,10.800756478587363
1740802719.865670713,1.3763381554610536,2.728092932356792,5.0,3.436021668378183,10.774145647363488
1740802719.875777579,1.3427192352243102,2.7295640331024438,5.0,3.4138769535504276,10.747762211933354
1740802719.885725706,1.3092164067845495,2.731730510892103,5.0,3.3915586560667554,10.721599679669934
1740802719.895754883,1.2758269419239874,2.734538202330384,5.0,3.369073104817215,10.69565169151041
1740802719.905793639,1.2425490776982977,2.7379081376792747,5.0,3.346425823212064,10.669912257209049
1740802719.915774286,1.2094190631127053,2.7417427801674426,5.0,3.3236216464639194,10.64437599069596
1740802719.925681212,1.176462180091532,2.7458806908305933,5.0,3.300665005206409,10.619038505413075
1740802719.936093708,1.1436880455415193,2.750280882113622,5.0,3.2775601216188974,10.59389627837058
1740802719.945714945,1.1110618164201858,2.75486673797434,5.0,3.2543103070745665,10.568946153866145
1740802719.955874922,1.07854338147012,2.759581784923005,5.0,3.230918244895135,10.544185556349715
1740802719.966010748,1.0461317771060223,2.764377576093946,5.0,3.207386085433208,10.519612362002695
1740802719.976613054,1.013826179380568,2.769222170682723,5.0,3.1837155305646982,10.495224821686033
1740802719.986570460,0.9816258233138618,2.7740894090600117,5.0,3.159907840358425,10.471021467885066
1740802719.996709097,0.9495300122355067,2.7789534352067458,5.0,3.135963879272227,10.447001102524148
1740802720.6549223,0.9175381640430884,2.7837867262664227,5.0,3.1118841863095663,10.423162814159417
1740802720.17285959,0.8856498630400256,2.788561018392496,5.0,3.087669050427499,10.399505998814695
1740802720.28662104,0.8538648933294952,2.7932500501872095,5.0,3.063318579955145,10.376030363215522
1740802720.40228108,0.8222291175942444,2.797832665880672,5.0,3.0388327588214,10.352735900338631
1740802720.51141994,0.7908333118025415,2.802294910310706,5.0,3.0142114869169525,10.329622839651025
1740802720.61356070,0.7595564519370293,2.8065514617979126,5.0,2.989454884969505,10.30669188320982
1740802720.71634896,0.7283878572960835,2.810691279021869,5.0,2.964563374134403,10.283943844089295
1740802720.81172893,0.6973278490733383,2.8147090564015733,5.0,2.9395367302927218,10.261379182293304
1740802720.90800420,0.6663768659807418,2.818608422224411,5.0,2.914374713013367,10.238998495300734
1740802720.103022184,0.6355353731642908,2.822396833516355,5.0,2.8890771159851343,10.216802393777023
1740802720.116127526,0.6048038462684413,2.8260830408184776,5.0,2.863643771449347,10.19479148189013
1740802720.129930208,0.5741838051034679,2.8296407472694387,5.0,2.838074714448725,10.172966486096644
1740802720.142649780,0.5134916351208294,2.836472413035171,5.0,2.7865308280865975,10.129877024305271
1740802720.152145298,0.4833223638692013,2.839709799307441,5.0,2.760556832394959,10.108613782436453
1740802720.166189899,0.45326842887365343,2.8429368677615248,5.0,2.734449199511959,10.087538924602208
1740802720.180183050,0.3935071533210443,2.849308086434336,5.0,2.6818343028355933,10.0459544168391
1740802720.194770420,0.3638012216141201,2.8524462269065114,5.0,2.6553286081382734,10.025444980085535
1740802720.208869201,0.30476206448998094,2.858798050749191,5.0,2.601926000273491,9.984990809604733
1740802720.225828678,0.2754182338846846,2.86189780128264,5.0,2.5750318865427846,9.96504555846861
1740802720.243297745,0.21708389950478604,2.868357800545758,5.0,2.5208682946747887,9.925716033372632
1740802720.263041218,0.1880928144380644,2.8716544898343943,5.0,2.493601962180947,9.90632967650535
1740802720.281915783,0.1302673775395899,2.8785107779487533,5.0,2.4387108509835347,9.868107847833706
1740802720.299803079,0.0728938457074054,2.885751243055008,5.0,2.3833567483079503,9.830610565983608
1740802720.314185000,0.015948924012891563,2.8932900232602408,5.0,2.3275611428312564,9.793824405879185
1740802720.331201366,0.041006258884617675,2.9013551244232896,5.0,2.2713460695339265,9.75773247248078
1740802720.349746252,0.06932016789455339,2.9054917632730266,5.0,2.243087686811864,9.73994118857614
1740802720.367111728,0.12562487587229135,2.9142187561715973,5.0,2.186284005254221,9.704856120717933
1740802720.384352785,0.18207908010657806,2.9233752761659413,5.0,2.129113144532946,9.670417307964295
1740802720.402422691,0.23837793917472622,2.932937233695335,5.0,2.0715940145717737,9.636604826628478
1740802720.418014300,0.26638020224363196,2.9377581662535026,5.0,2.042709279651322,9.619927927669178
1740802720.437950383,0.3223626438034447,2.947691438728343,5.0,1.9847011697243042,9.587021386217952
1740802720.452920513,0.3788181712390254,2.9576830684735165,5.0,1.9263855590297432,9.554698631475366
1740802720.468846891,0.40691120898835154,2.962627102208674,5.0,1.8971171087269212,9.53875206388999
1740802720.484638270,0.462829787325064,2.972512610782401,5.0,1.838367676666386,9.507281489374385
1740802720.501849437,0.5191643601190478,2.9823068220678275,5.0,1.7793429302375714,9.47636600034916
1740802720.521089491,0.5474995200033669,2.9871364087021504,5.0,1.7497297881124374,9.461113806465809
1740802720.541578803,0.603922441189071,2.996662473774556,5.0,1.6903068942988897,9.431016418418503
1740802720.557348282,0.6600161417716133,3.0058797532622967,5.0,1.6306278573545498,9.40145733349316
1740802720.578847193,0.716647996894141,3.014893655594669,5.0,1.5706995123518637,9.372431834056286
1740802720.596131720,0.7735917134921456,3.0238148510848126,5.0,1.510525896690727,9.343934777916193
1740802720.620746457,0.8302309497562659,3.032432396934584,5.0,1.450111601324782,9.315961619912967
1740802720.636791985,0.886627363583249,3.0409276153362326,5.0,1.3894629790796935,9.28850728964285
1740802720.656127049,0.9437109695508922,3.049332606351699,5.0,1.328585089703552,9.261565165877881
1740802720.671713358,1.0009054565005409,3.0576147897304233,5.0,1.2674841694340768,9.23512779397186
1740802720.688115006,1.0293991296093024,3.0617336714630263,5.0,1.2368522421126733,9.222095628371198
1740802720.705370983,1.0861828959229702,3.0701062759419053,5.0,1.175428976570451,9.196397403685696
1740802720.729630901,1.14305715168557,3.078452446570578,5.0,1.113798137592821,9.171177441967824
1740802720.744519010,1.2005753284600784,3.08693963620401,5.0,1.051967555933646,9.146422514138706
1740802720.765880052,1.229315100646379,3.0911663222506527,5.0,1.0209796710317558,9.134214894269327
1740802720.779183644,1.2866214531313211,3.0997501139329997,5.0,0.9588641129375404,9.110129643252739
1740802720.797746249,1.3437038503243701,3.10840831309531,5.0,0.8965685631541763,9.086470726674193
1740802720.814542856,1.40101854071464,3.117204911795105,5.0,0.8341015613259608,9.063221451598258
1740802720.833511811,1.429906693512199,3.1216052469804474,5.0,0.8028057911735623,9.051744978900938
1740802720.849602849,1.4878509550076517,3.1304789669005073,5.0,0.7400948075155567,9.029077811414615
1740802720.869395083,1.5456256824112424,3.139337018120389,5.0,0.6772308133648252,9.006777713061641
1740802720.884844852,1.6032276767374793,3.1482423524137,5.0,0.6142218287998197,8.984828483189245
1740802720.905359404,1.6320071577198623,3.152656158949942,5.0,0.5826646333184948,8.973980396574738
1740802720.920701133,1.719095514075947,3.165898209451069,5.0,0.48779168657623245,8.941919702065203
1740802720.938947809,1.7483571334951362,3.17021093291116,5.0,0.45610273087081865,8.931388087620174
1740802720.955777966,1.8068427215642564,3.1789585475938464,5.0,0.392631933901389,8.910547225133858
1740802720.975061640,1.8360376496570885,3.1832139961643904,5.0,0.36085086609144507,8.900234632735321
1740802720.992103337,1.8943342511199721,3.19164023345021,5.0,0.29720192457852573,8.879817527319235
1740802721.9231214,1.9526123076491206,3.1998481309306275,5.0,0.23344174725599137,8.859667685407398
1740802721.23921994,2.0112736567647462,3.207914388485832,5.0,0.16957634341744024,8.839773374464615
1740802721.41246101,2.040755977662451,3.211868277163497,5.0,0.1376051690255268,8.829918523854808
1740802721.55548232,2.0999995137247924,3.219647579149312,5.0,0.07358921193128,8.810385386884754
1740802721.76174524,2.1296638233586878,3.2234416303659827,5.0,0.04154575224658786,8.800704541389946
1740802721.92297182,2.1889265178737647,3.2309084451794057,5.0,-0.022609065969017413,8.781506361491267
1740802721.110933837,2.2481049584425157,3.238127039464934,5.0,-0.08685026265605608,8.762516747310963
1740802721.125959637,2.3072545740575134,3.2451663473512076,5.0,-0.15117196622696982,8.743723886253028
1740802721.144180903,2.336933143260006,3.248588636624494,5.0,-0.18336180056370416,8.734397440585253
1740802721.160084621,2.3523551584133235,3.2553127436832563,5.0,-0.24779597532013162,8.715876406364687
1740802721.168641690,2.313291785990136,3.261798573495941,5.0,-0.3122988548897182,8.697520901062925
1740802721.177631177,2.2936842353473477,3.276015359187888,5.0,-0.34462388465102634,8.688384065231347
1740802721.186588826,2.2739303498289547,3.2904377030710825,5.0,-0.3770787917381473,8.679253638511941
1740802721.194418045,2.2541401705856474,3.3048143612253202,5.0,-0.409662447855834,8.670131805649879
1740802721.205217001,2.234307244708331,3.319116546214167,5.0,-0.442374345232441,8.661017904926387
1740802721.215978856,2.214405750601011,3.333344466070324,5.0,-0.47521318471512625,8.651910504943897
1740802721.225933253,2.1944645414579216,3.3476688176717064,5.0,-0.5081780902946965,8.642807239860977
1740802721.237627327,2.174481324436487,3.361970401374705,5.0,-0.5412685508795668,8.63370547771539
1740802721.247610743,2.1545112473556354,3.3761500804250466,5.0,-0.5744831000911145,8.624603152117592
1740802721.256175852,2.1345683129002095,3.390163745243866,5.0,-0.6078199103400824,8.615498863073103
1740802721.265727489,2.114581201112784,3.4041493684176705,5.0,-0.6412779317288304,8.60639161845157
1740802721.276559444,2.094549758381246,3.4179270833533844,5.0,-0.6748563688926302,8.597280965775035
1740802721.286444451,2.0745822175580764,3.4315257173924008,5.0,-0.7085535992851997,8.588166836671265
1740802721.295662169,2.0547678572192627,3.4449280952379144,5.0,-0.7423680610836022,8.57904899920478
1740802721.304766146,2.0349112119014277,3.458201956259343,5.0,-0.7762982041617987,8.56992682716115
1740802721.314595433,2.015011088273373,3.4714999571249314,5.0,-0.8103433403678817,8.56079898541894
1740802721.323577131,1.995125106830546,3.484664518259456,5.0,-0.8445027409260835,8.551663846168072
1740802721.334165337,1.975545813106858,3.497694158613666,5.0,-0.8787746476210937,8.54251977981109
1740802721.344426343,1.956002974628756,3.510586112168114,5.0,-0.9131573189217024,8.533365046915433
1740802721.353244611,1.9364135155103703,3.5235071236580673,5.0,-0.9476498079983378,8.524197724676434
1740802721.363179768,1.9167761068184237,3.5363516063516816,5.0,-0.9822517223867951,8.515015958681465
1740802721.373153715,1.8973440240693829,3.549033876129721,5.0,-1.0169617189302786,8.505818308477142
1740802721.382764371,1.8782357815003168,3.5616771076163984,5.0,-1.0517780012467643,8.496602042187444
1740802721.394665096,1.8590996424234163,3.574584913963379,5.0,-1.0867000223978842,8.487362245127892
1740802721.401079287,1.8399077708186808,3.587451353185965,5.0,-1.1217291640024973,8.478097210080206
1740802721.412742141,1.8207050129187534,3.600056764421811,5.0,-1.1568641658457757,8.468806129272904
1740802721.423529467,1.8018865925196206,3.612510383044126,5.0,-1.192102986061268,8.45948801399322
1740802721.431705956,1.7833011086087265,3.624903224637369,5.0,-1.2274445942134737,8.450141503118298
1740802721.443203990,1.7646595632277813,3.637185661865879,5.0,-1.2628882109997714,8.440765192961754
1740802721.450319891,1.745960409469605,3.6494153271709235,5.0,-1.2984329547963893,8.43135753750734
1740802721.463513813,1.727389685270185,3.661354308961726,5.0,-1.3340771994200593,8.421917189657885
1740802721.472682691,1.7093078021056602,3.673232520167564,5.0,-1.369818929942404,8.412442601588953
1740802721.482821497,1.691295062327601,3.6851066715224907,5.0,-1.4056570201415448,8.40293029236604
1740802721.493973242,1.673218775817954,3.6968080299798864,5.0,-1.4415895804141268,8.39337633746533
1740802721.499891594,1.6551008243539804,3.7084549253269428,5.0,-1.4776155133408315,8.383779709204868
1740802721.512923236,1.6373940623997003,3.7197768577089962,5.0,-1.5137334731157184,8.37413979920628
1740802721.520113526,1.6199502415220604,3.7310463033653534,5.0,-1.5499415290770597,8.36445537225549
1740802721.533316499,1.6024417411471577,3.7422432653687876,5.0,-1.5862391765872101,8.354724920236215
1740802721.541663178,1.5848670998046415,3.7533893881175304,5.0,-1.6226258341368247,8.344946812943196
1740802721.553338652,1.567580610843573,3.7642664281358416,5.0,-1.659099993289537,8.335119661823642
1740802721.561558011,1.550623425121274,3.775072701946034,5.0,-1.6956597872419055,8.325241937757237
1740802721.573475255,1.5335987237069184,3.785778332069843,5.0,-1.7323042205436459,8.315311547821294
1740802721.582617833,1.516501346726375,3.796444347316236,5.0,-1.7690313589225017,8.305323793045343
1740802721.594259997,1.4997143687394006,3.8068031206147013,5.0,-1.8058392459714272,8.29527653277278
1740802721.600362859,1.4831705914957538,3.8170838848983277,5.0,-1.8427260317599916,8.285168933776244
1740802721.612690662,1.466552161183746,3.8272849531433657,5.0,-1.8796911559138516,8.27499970252234
1740802721.623804917,1.449875024771726,3.837307811590265,5.0,-1.916733369905045,8.264767321880756
1740802721.629886849,1.433623424265644,3.8472735809397154,5.0,-1.95385134023588,8.254470189475956
1740802721.644221770,1.4174428927718552,3.8571529424756603,5.0,-1.991044400950858,8.244106545671253
1740802721.651436210,1.4011828821078203,3.8669840810812244,5.0,-2.02831175004908,8.233674425794208
1740802721.663363444,1.3849801835400837,3.876559859351294,5.0,-2.0656517730044004,8.223172055011029
1740802721.669836245,1.3691896752975,3.8860744322943197,5.0,-2.1030624856264715,8.21259746509302
1740802721.683805546,1.3533272142559847,3.8954569630792073,5.0,-2.1405428085168365,8.201948486930352
1740802721.691493026,1.3373795583808574,3.9047875524639695,5.0,-2.178091487349486,8.191222791549341
1740802721.703249060,1.321793181629205,3.913815598928708,5.0,-2.215706510685793,8.180418300794106
1740802721.710447211,1.3063183412392583,3.922787269364787,5.0,-2.2533855025307097,8.1695329380131
1740802721.723633103,1.2907527368815728,3.931630434293387,5.0,-2.2911272281295054,8.158563946684936
1740802721.732825351,1.2752655772292496,3.9404400642572117,5.0,-2.328929311960532,8.147505103273664
1740802721.744252325,1.260161551937871,3.948937678494509,5.0,-2.3667894229072752,8.136353598472079
1740802721.750072657,1.244959718303506,3.9573656521937535,5.0,-2.4047053372018294,8.12510810256622
1740802721.766502535,1.2296798186659452,3.965642553687415,5.0,-2.442675964059998,8.113766803899289
1740802721.772291758,1.2148541104006374,3.9738674217684293,5.0,-2.480700109022287,8.102327972438477
1740802721.782651183,1.2000152857097137,3.981970063193683,5.0,-2.5187766336450186,8.090789752928602
1740802721.793825908,1.1850712304857745,3.989885551130672,5.0,-2.5569037087683015,8.079150352770203
1740802721.800638969,1.1704260722693256,3.9977339963626397,5.0,-2.5950795988236646,8.067407750747893
1740802721.813683052,1.155950544652495,4.005460528321649,5.0,-2.6333030104565234,8.055559696582588
1740802721.819816853,1.1413639540094715,4.01314079906155,5.0,-2.671572375185866,8.043603511249344
1740802721.837053680,1.1269018356612912,4.020671636200312,5.0,-2.709886265805686,8.031536563774743
1740802721.842872812,1.1127816513674076,4.028151273116263,5.0,-2.7482429712949648,8.019355948056434
1740802721.853794968,1.0985429886799294,4.035510919050731,5.0,-2.786640900146007,8.00705880397033
1740802721.859982609,1.084294541389453,4.042820156132311,5.0,-2.825078348216774,7.994642316459582
1740802721.873445281,1.0705018528259183,4.049784403058916,5.0,-2.863552904317068,7.982104046514718
1740802721.881470030,1.0565932241215528,4.056684340092931,5.0,-2.9020617502459536,7.96944166939362
1740802721.894222643,1.0426024494621313,4.063465350002866,5.0,-2.9406032802033226,7.956652560728637
1740802721.902628902,1.0290951463739832,4.070178732458368,5.0,-2.9791757758950244,7.9437340775778225
1740802721.916769173,1.0154974120464753,4.076771593969239,5.0,-3.0177775352986456,7.930683503992162
1740802721.922465285,1.0017816380186855,4.08331006175377,5.0,-3.0564067406112607,7.917498113213279
1740802721.933805040,0.9885380326352672,4.089504270843812,5.0,-3.095060779958622,7.904175380802675
1740802721.942534329,0.9752316101993064,4.095628450506498,5.0,-3.1337366131903175,7.890712840799316
1740802721.957285648,0.9617899610249011,4.1016300797401355,5.0,-3.1724323541168586,7.877107613884267
1740802721.963127050,0.9488049349797396,4.107560706323395,5.0,-3.2111460722784497,7.8633569394494245
1740802721.976199753,0.9357702875222423,4.113092712998726,5.0,-3.249874592133466,7.849458355411276
1740802721.986676699,0.9225917739593221,4.1186121706702945,5.0,-3.288614695320554,7.83540953486363
1740802721.996392366,0.9098681799857218,4.123947922702483,5.0,-3.327364557242069,7.821207659114908
1740802722.6138493,0.8970867809137033,4.12908938090397,5.0,-3.3661212121386175,7.80685029417713
1740802722.16969968,0.8841589548718456,4.134227189811099,5.0,-3.4048825138521464,7.792334700855178
1740802722.26473596,0.8717011145314448,4.139178668165237,5.0,-3.4436464945524516,7.777658050216071
1740802722.36307492,0.8591560697725653,4.143933660885139,5.0,-3.4824100621963727,7.7628178961721845
1740802722.43214363,0.8464746190081417,4.148682514231377,5.0,-3.521170947062674,7.747811495057462
1740802722.53632489,0.8342789924945017,4.153294226296572,5.0,-3.5599272580369687,7.732635898653002
1740802722.63512565,0.821953201239519,4.157710428490804,5.0,-3.5986760564426477,7.717288556631156
1740802722.73563692,0.809527875208004,4.162117958902815,5.0,-3.637414937111542,7.701766744486749
1740802722.83908688,0.7975769799036985,4.16633654012491,5.0,-3.6761416701607645,7.686067639371401
1740802722.93632835,0.7854551508972945,4.170356178029782,5.0,-3.7148529255206597,7.670188853886923
1740802722.103395892,0.7733183013993199,4.1743653493449955,5.0,-3.753546184627445,7.65412771529055
1740802722.113482628,0.7615764763073316,4.178228778126094,5.0,-3.792219284391653,7.637881363866608
1740802722.123162215,0.7496453277293724,4.182079869989258,5.0,-3.8308698227685505,7.621447035230846
1740802722.133151862,0.7378169286646349,4.185738487503514,5.0,-3.869495322159253,7.604821952811632
1740802722.143649028,0.7262606488494731,4.189194467473285,5.0,-3.908092222343222,7.588003792557936
1740802722.153804814,0.7145062458816059,4.192633483332431,5.0,-3.946657751615248,7.570989940319072
1740802722.163199511,0.7029986997097064,4.195878828972458,5.0,-3.9851892948459784,7.553777665739954
1740802722.173815747,0.6916176880184038,4.198920204291353,5.0,-4.023683160211779,7.536364709463995
1740802722.184074893,0.6800296413432394,4.201941534391901,5.0,-4.062136432094052,7.518748522073011
1740802722.193403511,0.6688577218638495,4.204767828300833,5.0,-4.100546346733241,7.500926432860818
1740802722.203104038,0.6576415727098409,4.207425838569663,5.0,-4.138909235923231,7.482896188654246
1740802722.214360172,0.6462508599779118,4.210061571161004,5.0,-4.177222229108134,7.464655212835791
1740802722.223519160,0.6353890659994106,4.212500196186841,5.0,-4.215482394203396,7.446200897664683
1740802722.233369837,0.6243283288995669,4.214731369823305,5.0,-4.253685755493738,7.4275311392341825
1740802722.243410443,0.6132741593032821,4.216934381711011,5.0,-4.29182908372516,7.408643545773302
1740802722.253387680,0.6025915501486958,4.218939005410204,5.0,-4.329909292395543,7.3895355987214675
1740802722.263565926,0.5916772502610658,4.220910568408586,5.0,-4.367923015368204,7.3702049582451234
1740802722.273252373,0.581001682876541,4.222682555455021,5.0,-4.405867043809137,7.350649167485132
1740802722.283056070,0.5704674412524332,4.22424457268378,5.0,-4.443737163145822,7.330866296288126
1740802722.293536946,0.5596922474332454,4.225769810385215,5.0,-4.481529871149397,7.310854134810238
1740802722.303430112,0.5494198987798603,4.2270942675826495,5.0,-4.519241799436825,7.2906103448005775
1740802722.313140859,0.5390314352203509,4.228207475013917,5.0,-4.556868595128022,7.270133129189425
1740802722.323133856,0.5285405852916174,4.22927905232634,5.0,-4.594406596453847,7.249420412384945
1740802722.333322872,0.5185541044781935,4.230148426250458,5.0,-4.631852269100304,7.22846998749128
1740802722.343297089,0.5083108128725874,4.230970410050711,5.0,-4.6692018110927345,7.20727985436785
1740802722.353102516,0.4982680953775891,4.231589337986584,5.0,-4.706451562528584,7.185847898841928
1740802722.363294472,0.48843712152860014,4.2319951272844625,5.0,-4.743596936588231,7.164172566724687
1740802722.373406938,0.478339973097462,4.232349588681676,5.0,-4.78063399945583,7.142252041455042
1740802722.383224055,0.46878318930077556,4.232500539638649,5.0,-4.817558939026091,7.120084381414376
1740802722.392864072,0.45911137129345164,4.23243789018227,5.0,-4.8543670452693535,7.097668218029053
1740802722.403573098,0.4493612600008472,4.232319217541764,5.0,-4.891054238197373,7.075001923351617
1740802722.413956844,0.44013697512058697,4.23199632469826,5.0,-4.927616551949986,7.052083741398685
1740802722.423036602,0.430630573669782,4.231611757180467,5.0,-4.964049777400652,7.028912149504296
1740802722.432964338,0.4214345026615832,4.231022902337212,5.0,-5.000349833406133,7.005485518578618
1740802722.443680564,0.41239871318233023,4.230220107820258,5.0,-5.036511808183541,6.981802803825095
1740802722.454000920,0.40308531456866786,4.229352342303238,5.0,-5.072531379388197,6.957862719107386
1740802722.464154726,0.39449165409427495,4.228280777836318,5.0,-5.108404334883425,6.933663858634178
1740802722.473535664,0.38566155801955815,4.226995885561908,5.0,-5.144125665035697,6.909205412190285
1740802722.483761100,0.37693416298441246,4.225642488987941,5.0,-5.179690928598894,6.884486331615226
1740802722.494172116,0.3686375875807894,4.224085739560462,5.0,-5.21509578867027,6.859505446636274
1740802722.503484873,0.36003378738673986,4.222456017685883,5.0,-5.250335698743626,6.8342618413884155
1740802722.513587320,0.35202945828152377,4.220624010614833,5.0,-5.285406230612597,6.808754502956884
1740802722.523895576,0.3439923891272735,4.218580637043795,5.0,-5.3203022273234435,6.782983020384126
1740802722.534321892,0.33586980180996623,4.216462603023295,5.0,-5.355019064149073,6.756946762052375
1740802722.544057179,0.32844873514086,4.214144074030045,5.0,-5.3895522193039005,6.730644981637997
1740802722.555184184,0.3207047731009755,4.211747877615902,5.0,-5.42389698896534,6.704077199085919
1740802722.566449898,0.3134461823651459,4.2091531570559635,5.0,-5.458048783804317,6.677242844262273
1740802722.580226400,0.3063682247860645,4.206351037786914,5.0,-5.492002351367775,6.650141954870635
1740802722.594128861,0.2990427382282788,4.203470483204634,5.0,-5.525752936141486,6.622774359565777
1740802722.609454471,0.2926827323605047,4.200393483839568,5.0,-5.559295878949367,6.5951397731802945
1740802722.623742612,0.27970414748543915,4.193856223684384,5.0,-5.6257393155709,6.539069786166799
1740802722.640710369,0.2738108191382676,4.190417222268162,5.0,-5.658630377785165,6.5106343811468435
1740802722.654911830,0.26247006104370246,4.183115278987519,5.0,-5.723728051682223,6.452962809237994
1740802722.674574683,0.25709600920833076,4.1791463189423155,5.0,-5.755924196696279,6.423727959253471
1740802722.690015002,0.24763145931771896,4.170799531875588,5.0,-5.819585697175743,6.364464034638124
1740802722.705746771,0.23926044596449259,4.161918173826705,5.0,-5.882240167146403,6.304146222342683
1740802722.721842509,0.23206697175859642,4.152256964628791,5.0,-5.943847249377299,6.242782902552026
1740802722.738874187,0.22952400076303586,4.147164155642716,5.0,-5.97424508090556,6.2117127625651225
1740802722.754392856,0.22489324475825165,4.136273400636624,5.0,-6.034201953697871,6.148805282353413
1740802722.771088073,0.22327099884680507,4.130684252745213,5.0,-6.063751171966385,6.116971380190569
1740802722.787653461,0.22155087209236288,4.119086777187619,5.0,-6.121968168993374,6.052550238823436
1740802722.802787031,0.22152769192161337,4.106782188767546,5.0,-6.178975992944485,5.987139032673912
1740802722.818598030,0.22254306829043702,4.100395616810994,5.0,-6.207014299643116,5.954067695980699
1740802722.836288615,0.22603518272046533,4.0868715643044435,5.0,-6.262133281392753,5.887208317598937
1740802722.854123882,0.22840776880245697,4.080016370051149,5.0,-6.289204623059879,5.8534256667983025
1740802722.870880059,0.235778094758628,4.065922640228955,5.0,-6.342349749757291,5.785165010991477
1740802722.886364458,0.24524506039558386,4.051401869906324,5.0,-6.394134314741929,5.715995724354156
1740802722.900703689,0.2569243762538796,4.036109947270777,5.0,-6.444522424700395,5.645941312138988
1740802722.915898179,0.26495750026892273,4.028248467992644,5.0,-6.469181164209183,5.6105913116109685
1740802722.933168705,0.27279613579801937,4.019991894177504,5.0,-6.493476419648546,5.575031756236828
1740802722.948165015,0.2908930554138369,4.003320798972398,5.0,-6.540958224903392,5.503301965245916
1740802722.962800675,0.3107861631778424,3.986563732815401,5.0,-6.5869389626305415,5.430775010356628
1740802722.994199403,0.32311101625427646,3.977852162253247,5.0,-6.6093566757908055,5.394220511765441
1740802723.36062507,0.3614181779634895,3.9499696308224372,5.0,-6.674259570070666,5.283462918364075
1740802723.49765478,0.4376410801152185,3.9041239300317128,5.0,-6.774401502814247,5.095436905972687
1740802723.65292757,0.4543210971311849,3.8948790784679224,5.0,-6.793198792459261,5.057342262599925
1740802723.80607367,0.4908868854720164,3.8741192064201253,5.0,-6.829527083429855,4.980714633423858
1740802723.97935223,0.5086143816361564,3.863793672390652,5.0,-6.847050976923596,4.942197487741087
1740802723.112388504,0.5479795953150101,3.8423261375735613,5.0,-6.880803771814539,4.8647805983558206
1740802723.126981474,0.5677319099695961,3.8316086164395275,5.0,-6.897026700255637,4.825891739436501
1740802723.143186073,0.6078672989165266,3.809284760679069,5.0,-6.928150327059696,4.747778810232314
1740802723.161642508,0.6295259536530721,3.7981663979568636,5.0,-6.943045631929128,4.708566252790605
1740802723.176154158,0.6716202833897659,3.7756092002550083,5.0,-6.9714922641909,4.6298503474477135
1740802723.197486080,0.7158925045000608,3.752677832562144,5.0,-6.9981312499844694,4.550784137625364
1740802723.213279728,0.7606193476075833,3.7292630311302375,5.0,-7.022945636016708,4.471412742383689
1740802723.228162118,0.7826313994394597,3.717429438935828,5.0,-7.034663622875529,4.431627177750604
1740802723.243916197,0.8292737179696137,3.693402064990238,5.0,-7.056711904854965,4.351884803528077
1740802723.257614859,0.8525333298620928,3.6811876033812396,5.0,-7.067038572193908,4.311940432135073
1740802723.273904457,0.8982117840619586,3.656477918510064,5.0,-7.086289241086533,4.231936090494555
1740802723.289180736,0.9218828352518391,3.643971116445685,5.0,-7.095210525946048,4.1918879920876
1740802723.304218976,0.9697226120116195,3.6186049344606626,5.0,-7.1116387176372955,4.111731019511776
1740802723.319053496,0.9930204960905322,3.6057307800065974,5.0,-7.119143397651845,4.071635238950944
1740802723.335779773,1.040008717037284,3.5797427292101736,5.0,-7.132729606172202,3.9914409297771196
1740802723.358427013,1.0642866689243913,3.5666224904634123,5.0,-7.138809719558118,3.9513543000804106
1740802723.374150482,1.135013965874688,3.526603184700491,5.0,-7.154191048624527,3.831213380165772
1740802723.389889981,1.1585864217944157,3.5133999741400777,5.0,-7.1583644049822395,3.7912263483940998
1740802723.402939933,1.2066532550880533,3.4864403839650944,5.0,-7.165278839194223,3.711371773457408
1740802723.420312000,1.2302418079616888,3.472644836306453,5.0,-7.168019641269541,3.671521241641373
1740802723.435320440,1.2764737224186633,3.4448589091285853,5.0,-7.172071118279232,3.592009215418625
1740802723.450738109,1.3236604829138099,3.416758154831725,5.0,-7.174218958439372,3.5127909127975934
1740802723.468257615,1.3470964321902612,3.4025567882852696,5.0,-7.1745804646823865,3.473308227461246
1740802723.484284883,1.3926729824737942,3.3733883148806543,5.0,-7.17388287215078,3.3946346228529625
1740802723.501877140,1.415347851581179,3.3589797419862992,5.0,-7.172826713836811,3.3554574697518054
1740802723.521145854,1.4613548540906565,3.3299132613573375,5.0,-7.169304286850574,3.2774460976838298
1740802723.568061101,1.5062314628140732,3.300490887739938,5.0,-7.163910532516237,3.1999364313358196
1740802723.588168434,1.6160869346193512,3.2259896416587233,5.0,-7.142331377092987,3.00868907377311
1740802723.606021240,1.6582963477632113,3.1975506749341527,5.0,-7.130501818732246,2.9333136091927723
1740802723.626412042,1.6793635669647509,3.1823905911186037,5.0,-7.123906139647331,2.895882417838508
1740802723.643026670,1.7422113248812745,3.1365174626100445,5.0,-7.101446104572335,2.784743061753975
1740802723.662712263,1.762351491444292,3.1214278800605717,5.0,-7.093079153858223,2.748099970135825
1740802723.679882750,1.8022145007992794,3.0907544834605334,5.0,-7.075038711212407,2.6754472491076156
1740802723.702736260,1.8420584014085228,3.0594813545245647,5.0,-7.055279659588578,2.603690130960571
1740802723.721149345,1.8802419475076435,3.028013483630259,5.0,-7.03383123914529,2.5328785294561063
1740802723.738314522,1.9176820201517109,2.9965799257476453,5.0,-7.010722110909009,2.4630557774107307
1740802723.757123916,1.954825009528642,2.9649456753491976,5.0,-6.985981107902289,2.3942637568375655
1740802723.774917863,1.9902187244468927,2.932913500793497,5.0,-6.959641630080705,2.326549297539354
1740802723.791412220,2.0076019522642006,2.916954674482608,5.0,-6.945883777779445,2.293110220603874
1740802723.811794643,2.0423541027830567,2.8849003708384284,5.0,-6.917211986142939,2.227091447110237
1740802723.827519702,2.0756815434785914,2.852681584132988,5.0,-6.88702857241225,2.162252609475101
1740802723.844758578,2.10769884375636,2.820552576452825,5.0,-6.855370227692392,2.0986315617215165
1740802723.862509994,2.1236956056243455,2.8044154061706266,5.0,-6.838999168900078,2.067288772191035
1740802723.879977481,2.1548620265079705,2.7720244048012885,5.0,-6.805198803517392,2.005563045681168
1740802723.895660040,2.184290903022829,2.739505726685129,5.0,-6.7700224019470605,1.9451479051124536
1740802723.915665113,2.1988095703599644,2.7232912452362505,5.0,-6.751931248374961,1.9154425560492538
1740802723.930484983,2.2275528532837496,2.6907533201512135,5.0,-6.714767598698891,1.8570554449553527
1740802723.948666049,2.2546339805658095,2.6583616555862495,5.0,-6.676331325613275,1.8000599442794019
1740802723.964043728,2.2676540261941103,2.6421152287994922,5.0,-6.656647523739614,1.7720914458299193
1740802723.982922583,2.293599522392435,2.609497369800097,5.0,-6.616378763137453,1.7172351750242683
1740802723.999590860,2.3183913783115098,2.5770650836296354,5.0,-6.5749486851245535,1.663843673486665
1740802724.17886696,2.341556644347591,2.54495252141272,5.0,-6.5323946863293125,1.6119352541603924
1740802724.34944563,2.3529793572648674,2.5286680645902058,5.0,-6.510709110284401,1.5865449575496662
1740802724.54099067,2.375226112236267,2.4960174535477897,5.0,-6.466558487357081,1.536914128598177
1740802724.68109418,2.3957049719467665,2.463587434659427,5.0,-6.421411106674906,1.488834624411322
1740802724.88208621,2.405576026318771,2.4474788185667125,5.0,-6.398475769938473,1.465380770058394
1740802724.104231600,2.424944573478825,2.415113002563594,5.0,-6.351908456997945,1.4196570675523552
1740802724.125066011,2.4426782559028237,2.383650290662404,5.0,-6.304461567114836,1.3755308643053068
1740802724.140254041,2.4593176405253594,2.3584315313667727,5.0,-6.256190888490041,1.3329508064768123
1740802724.161282713,2.4752415647770087,2.338093221796989,5.0,-6.207173405866282,1.2918270805886503
1740802724.175338604,2.489690525905875,2.320541286619346,5.0,-6.157492946485806,1.2521016095419466
1740802724.196956695,2.4967402994022216,2.3127319286848125,5.0,-6.132428541725774,1.2327499538623243
1740802724.211831464,2.5102612663980466,2.2982706297096116,5.0,-6.081884059976779,1.1950463528851358
1740802724.231702858,2.5224436965784958,2.2851494221587174,5.0,-6.030826016313247,1.1586554778649576
1740802724.247190497,2.5341268006758426,2.273206490286102,5.0,-5.9792900971054195,1.1235528445732703
1740802724.264628164,2.544602611988235,2.262053577071062,5.0,-5.927310243899915,1.089720076971649
1740802724.281596831,2.549486768020423,2.2568141329609945,5.0,-5.9011634929438985,1.073274943450582
1740802724.301972813,2.5587667429922627,2.2465818123219052,5.0,-5.848570373119307,1.0413188367754365
1740802724.318321471,2.5668120698520487,2.2365453149248653,5.0,-5.795598983602708,1.0106024962000113
1740802724.336504357,2.5739873622501004,2.226786191497458,5.0,-5.742272139415176,0.9811201828542692
1740802724.354502723,2.5799216054497167,2.217057065250161,5.0,-5.688608501162308,0.9528678012725235
1740802724.372788338,2.582449807879617,2.2122897364368206,5.0,-5.661656590997381,0.939202030973804
1740802724.388556407,2.586541548904467,2.2027688308761713,5.0,-5.607521188883272,0.9127896663894024
1740802724.407751371,2.589218183604491,2.1932465187138077,5.0,-5.553089198541499,0.8876019816958999
1740802724.423936919,2.590567521925644,2.1838321849897797,5.0,-5.498378217278267,0.8636387278330023
1740802724.445487160,2.5907488435237314,2.1790905541152563,5.0,-5.470923349740153,0.8521161357691297
1740802724.461443119,2.5901745420083224,2.169641045915095,5.0,-5.415828687604104,0.8299889671917715
1740802724.480622163,2.5883620994095113,2.16033542419992,5.0,-5.360500772877328,0.8090839694815132
1740802724.498290569,2.5853523368231333,2.1511510112690604,5.0,-5.30495634479707,0.7893989963869202
1740802724.517075864,2.5811491572295067,2.1420088080713002,5.0,-5.249217825818976,0.7709316564776242
1740802724.533024712,2.5757967658152583,2.1332064704219853,5.0,-5.193307433533996,0.7536766870703487
1740802724.552589416,2.5726796376790984,2.128939635740715,5.0,-5.165293368909222,0.7455018554421841
1740802724.568703574,2.565600062734117,2.120556832419866,5.0,-5.109159771293498,0.730053332299779
1740802724.590152726,2.5573755715444473,2.112435122556866,5.0,-5.052905499863325,0.7157999250495889
1740802724.605969304,2.5480188669186097,2.1047930210586516,5.0,-4.996552402009821,0.7027319430651867
1740802724.625924227,2.5429203843513553,2.1011725862373267,5.0,-4.968344332641431,0.6966392838404493
1740802724.643063794,2.5318789235921035,2.09416119600109,5.0,-4.911876311651185,0.6853303753121976
1740802724.661866269,2.519742268203043,2.087528654748714,5.0,-4.855358083104225,0.6751813013116904
1740802724.677671678,2.506522916969524,2.0813477288936513,5.0,-4.798808795210184,0.6661808624148368
1740802724.696101443,2.492245559299781,2.075554267705602,5.0,-4.742244968647013,0.6583186992367953
1740802724.710355394,2.476926599841532,2.069982721215689,5.0,-4.685686685211083,0.6515853174070513
1740802724.730401757,2.468881870660303,2.0673551402816632,5.0,-4.657415994828964,0.6486387724528379
1740802724.748917922,2.452033322350301,2.062102221325315,5.0,-4.600902891473741,0.6435807240243094
1740802724.769917234,2.4432326662754233,2.0595726278923174,5.0,-4.572666105330587,0.6414669910956095
1740802724.786320162,2.4153475575332433,2.052239457221879,5.0,-4.488059621841582,0.6367754976338035
1740802724.805652125,2.405562663991579,2.0498931601609884,5.0,-4.459898680899978,0.6357588006315892
1740802724.822498583,2.385267679131336,2.0452514636170065,5.0,-4.403651106749027,0.6345413965392896
1740802724.842464786,2.3640156014912117,2.040701018765497,5.0,-4.347517752669255,0.6344066025492364
1740802724.861039391,2.3418174965495666,2.0362320478133777,5.0,-4.291515078760325,0.6353484440296091
1740802724.874759213,2.318685719783229,2.031709413759652,5.0,-4.235661581470465,0.6373613959329265
1740802724.891479230,2.3067735251090444,2.029500158640515,5.0,-4.2077967258226066,0.6387675591730662
1740802724.910039775,2.282263503997312,2.0250448350803363,5.0,-4.15220051333702,0.6423759880730233
1740802724.926255273,2.25684996807084,2.0206849458256806,5.0,-4.096797021901856,0.647040773791692
1740802724.942820161,2.2438079202190715,2.018488738254875,5.0,-4.069172681316288,0.6497674611993915
1740802724.961897005,2.217062500571347,2.0141510331625376,5.0,-4.01409082723697,0.6560047787164937
1740802724.981627999,2.189446185346559,2.0098598468749116,5.0,-3.9592448992615292,0.6632813629041955
1740802724.997551737,2.1609728530570904,2.005558764574603,5.0,-3.904653091930131,0.671589552603447
1740802725.17888860,2.146419618254781,2.003467010911252,5.0,-3.877458264212334,0.6761276504895577
1740802725.33839588,2.116688391810009,1.999296687377844,5.0,-3.8232804142071304,0.6859667650091101
1740802725.53330132,2.0861374016840335,1.995256877409833,5.0,-3.769400113925485,0.6968150165626882
1740802725.70785249,2.054780053061206,1.9913103451916516,5.0,-3.7158308834247316,0.708663686456542
1740802725.90885272,2.022634054045367,1.9873429561771618,5.0,-3.662592731738714,0.7215016556408171
1740802725.109702656,1.9897179492127721,1.9834342790317445,5.0,-3.6097043185725264,0.7353165808837708
1740802725.130053499,1.9560489993114962,1.9795367411342724,5.0,-3.557182979130895,0.7500969139164784
1740802725.148075105,1.921644130127825,1.975763480414027,5.0,-3.505045037462915,0.7658310617174808
1740802725.169035727,1.9041706263126479,1.9738796924377673,5.0,-3.4791244908538994,0.7740524315307433
1740802725.186580123,1.8506920545157317,1.9684089604424588,5.0,-3.4019805178293923,0.8001152441875716
1740802725.245509924,1.7581538968841341,1.9595279684810287,5.0,-3.275572222214718,0.8481297992975309
1740802725.264193959,1.7200761781817209,1.9281196510725058,5.0,-3.225955550384407,0.868874495095654
1740802725.274540845,1.6822874694906718,1.8973486198534768,5.0,-3.177915413887611,0.8899559773682177
1740802725.284265651,1.6633257765914582,1.896710557219459,5.0,-3.1541778364772988,0.9006859001777486
1740802725.291911441,1.6442007726952466,1.8945439489619476,5.0,-3.1305470194705154,0.9116364257873811
1740802725.299647311,1.6249280883510162,1.8910611575074385,5.0,-3.1070387719464776,0.9227971627717074
1740802725.306597361,1.605521458178022,1.8881106381291144,5.0,-3.0836674286901045,0.9341591518711154
1740802725.316459548,1.5859845514384472,1.8881776747246717,5.0,-3.0604192396452423,0.9457127612882557
1740802725.328009693,1.5663225806772005,1.8909710590629132,5.0,-3.0372741910266092,0.9574441102079131
1740802725.336459831,1.5465393844013617,1.8957161367803215,5.0,-3.014214766074063,0.9693418323357211
1740802725.346172898,1.526637059456869,1.9014835952552096,5.0,-2.991229859483013,0.981399100123123
1740802725.355338196,1.5066182268693644,1.907470673746771,5.0,-2.9683150464082924,0.9936112509012086
1740802725.365499362,1.4864853802692277,1.9132407854221207,5.0,-2.945471832786975,1.0059761990470049
1740802725.376665057,1.4662432310646905,1.9186177492225749,5.0,-2.922703631507798,1.018490254876383
1740802725.384802676,1.4458962330664153,1.9237438374249018,5.0,-2.9000149896813703,1.0311504744678979
1740802725.394441503,1.4254486989139143,1.9288986455849981,5.0,-2.877408367666465,1.04395320707356
1740802725.406202897,1.4049034681582504,1.9343399087576716,5.0,-2.854883479753174,1.0568952534541252
1740802725.416848873,1.3842616804863104,1.94020581794281,5.0,-2.832437869794931,1.0699743684151088
1740802725.426700550,1.3635225474137127,1.9465400595444995,5.0,-2.8100678903918412,1.0831899141051642
1740802725.435425448,1.342685017725038,1.9531602207011711,5.0,-2.7877693701929176,1.0965413092911724
1740802725.444507756,1.3217475135406966,1.9598834805671466,5.0,-2.765540422157133,1.1100294832080226
1740802725.454795192,1.300709416012616,1.9665517273666482,5.0,-2.7433805181267665,1.1236548876009609
1740802725.466383816,1.2795709513144566,1.9730769623276074,5.0,-2.7212904046707083,1.137417585925673
1740802725.475876103,1.2583331248131187,1.9794503908244843,5.0,-2.6992714947653225,1.1513170928636876
1740802725.487383438,1.2369966269251567,1.9857854524093703,5.0,-2.6773251938794513,1.1653532198905177
1740802725.494801288,1.2155631313459176,1.9921091243633697,5.0,-2.655451255766,1.1795240554729505
1740802725.504670965,1.1940330354849007,1.9984896903829017,5.0,-2.633650106149055,1.1938293451609374
1740802725.516940098,1.172406750560934,2.00496674058729,5.0,-2.611921275459097,1.208268450810781
1740802725.526604495,1.1506842212163853,2.011539198838044,5.0,-2.5902640051088626,1.2228411198405644
1740802725.537860200,1.128864857905336,2.0182416205282414,5.0,-2.568677288369521,1.237547570452176
1740802725.546726398,1.1069477003513544,2.02496775915215,5.0,-2.547160278489329,1.2523884819247566
1740802725.556679725,1.0849322439144786,2.0317477310054866,5.0,-2.5257126458218258,1.2673642796483657
1740802725.566734131,1.0628180148593578,2.0384984621384077,5.0,-2.5043342323868183,1.2824754108996999
1740802725.577087497,1.0406053812326919,2.0452193677025488,5.0,-2.483025498899416,1.297721667397479
1740802725.586152925,1.018295019173868,2.0519303167026464,5.0,-2.461786880414909,1.313102497087941
1740802725.596267372,0.995887655247454,2.058655598088721,5.0,-2.4406186492539277,1.3286172263539278
1740802725.607190447,0.9733839355860493,2.0654147549796127,5.0,-2.4195208832232438,1.3442651893603805
1740802725.616871924,0.9507843807757631,2.0722168421885434,5.0,-2.398493513024932,1.360045811558491
1740802725.626907710,0.9280889893338837,2.079146857828835,5.0,-2.3775360173857605,1.375958861762046
1740802725.635862318,0.9052972623246271,2.0861147479321733,5.0,-2.3566477463174804,1.3920046118508878
1740802725.645614645,0.8824093676977501,2.0931057676359894,5.0,-2.335828681348517,1.4081828725785732
1740802725.656410531,0.85942568727927,2.100113487449668,5.0,-2.315078891176144,1.4244932592943358
1740802725.666279767,0.8363467324590752,2.1071353707033342,5.0,-2.29439849865018,1.4409352695282889
1740802725.676025644,0.8131731306459651,2.1141733257202744,5.0,-2.273787640998318,1.4575082812577214
1740802725.686079111,0.7899055808391112,2.121232058723842,5.0,-2.2532464324497723,1.474211576275545
1740802725.696179647,0.7665448185068972,2.128316848314105,5.0,-2.23277494178514,1.4910443823737711
1740802725.706146484,0.743091136324492,2.135537673495052,5.0,-2.212372725511514,1.5080062149814206
1740802725.716300150,0.7195442697600395,2.142796302272804,5.0,-2.192039152990009,1.5250971004382965
1740802725.726155127,0.6959047058561912,2.150088873258495,5.0,-2.1717742007060985,1.5423165023202963
1740802725.736195453,0.6721730355862742,2.157415899295933,5.0,-2.1515778187595638,1.559663760933894
1740802725.745866720,0.6483497106907118,2.164807625161887,5.0,-2.1314498144642404,1.5771383083547446
1740802725.756966645,0.6244350493711993,2.172229978244086,5.0,-2.111389967620101,1.5947397097485914
1740802725.767891750,0.6004296465289847,2.1796781328780184,5.0,-2.0913982641913944,1.6124673204802271
1740802725.775985250,0.5763340526033582,2.187179589109729,5.0,-2.071474575470295,1.6303205108766066
1740802725.786177756,0.5521481098213697,2.1948333497188663,5.0,-2.0516182054903527,1.6482991414704773
1740802725.796816302,0.5278713400052829,2.20251401080724,5.0,-2.0318284934087147,1.6664034572211766
1740802725.806943718,0.5035042456064285,2.2102180466587518,5.0,-2.012105483992751,1.6846329331649175
1740802725.816933965,0.47904732083615553,2.2179756979027183,5.0,-1.9924490562315516,1.7029869849678354
1740802725.826311522,0.4545009162913915,2.225760423319308,5.0,-1.9728590421667251,1.7214651642785654
1740802725.836565478,0.4298655604265389,2.2335687200140146,5.0,-1.953335423305174,1.7400668919548508
1740802725.847089434,0.4051417972443872,2.2413965473008486,5.0,-1.9338781923180062,1.7587915766371744
1740802725.857819580,0.3803301672420536,2.2492386899057917,5.0,-1.914487372028326,1.7776386370359611
1740802725.867088997,0.3554312136789474,2.2570902298261757,5.0,-1.8951630199241851,1.7966074961972247
1740802725.877161134,0.3304448146201105,2.2651071680672925,5.0,-1.8759045808069057,1.815698076807862
1740802725.884619053,0.30537008982730524,2.27315866700465,5.0,-1.8567113065198844,1.8349110226926788
1740802725.897507186,0.28020721951560107,2.2812168887277324,5.0,-1.8375832574653816,1.8542461638272558
1740802725.907871692,0.2549566820858701,2.289286409057236,5.0,-1.8185205423124484,1.8737030275784357
1740802725.915814082,0.22961894199912658,2.297370449867607,5.0,-1.7995232203398295,1.8932811360458073
1740802725.926545237,0.20419422683171878,2.305514961351947,5.0,-1.7805911496468028,1.9129801846573622
1740802725.937288073,0.1786825727361739,2.3136735263481607,5.0,-1.7617241665009942,1.9328000668745937
1740802725.947562479,0.15308433989904185,2.321841825180517,5.0,-1.7429223514412961,1.9527404263271764
1740802725.957594845,0.12739993049390358,2.3300177517967424,5.0,-1.724185788083352,1.9728008725376103
1740802725.967716352,0.10162974015047549,2.3381998302370257,5.0,-1.705514571535448,1.9929810195723272
1740802725.979396456,0.0757732966908782,2.3465771384955043,5.0,-1.6869080766946078,2.013281107567352
1740802725.993686317,0.049829178558742644,2.355030501584745,5.0,-1.6683653584007294,2.033702284643085
1740802726.7608688,0.023797096863729095,2.363495697543665,5.0,-1.6498863301059883,2.0542448275876213
1740802726.20771560,0.028529394953823846,2.3803367232691426,5.0,-1.6131200602352385,2.0956926166994636
1740802726.34547902,0.054821047911758826,2.3886854800645634,5.0,-1.594834229363239,2.1165954620322758
1740802726.50830430,0.10766033683563184,2.4057183169228082,5.0,-1.5584557260344725,2.158757558309742
1740802726.66431379,0.1342077251725616,2.414049498334815,5.0,-1.5403631889592762,2.1800165972044754
1740802726.87569451,0.18755408328746562,2.431093260263563,5.0,-1.504372388549037,2.222886744568974
1740802726.103856009,0.24123307555597595,2.4478278886958504,5.0,-1.4686412658183794,2.2662235819053316
1740802726.120669966,0.26819534607530254,2.456417945245052,5.0,-1.4508731144780496,2.288064903697509
1740802726.137596553,0.32236897837764866,2.4736523995471873,5.0,-1.4155279965346683,2.3320956874093834
1740802726.157807996,0.37686978798044013,2.4908868352555116,5.0,-1.380438517663614,2.376585609651395
1740802726.176100971,0.43169309068481737,2.5081361730736598,5.0,-1.3456035369586723,2.4215291345149925
1740802726.195634775,0.45922409276109066,2.51674303868723,5.0,-1.3282811317610712,2.4441691397786074
1740802726.212089923,0.5145217342754277,2.5340982416961215,5.0,-1.2938253668522401,2.489781867673945
1740802726.231563937,0.5701313309212555,2.5514033328215344,5.0,-1.2596192526051484,2.5358348195807947
1740802726.248397074,0.626049238947926,2.569228280095163,5.0,-1.2256595494822686,2.5823227048919426
1740802726.265725881,0.6822784135002062,2.5870461327561047,5.0,-1.191940110376702,2.629246187696589
1740802726.281598739,0.738813482470117,2.6048711567864054,5.0,-1.1584587866641816,2.6765985730495183
1740802726.304366699,0.7671943809302446,2.6138131436368597,5.0,-1.1418063785948322,2.7004337198605826
1740802726.322195595,0.8241839701232908,2.632101680446678,5.0,-1.1086737504489839,2.748421293643
1740802726.341779598,0.8814779433737965,2.6501069495705254,5.0,-1.0757667665107078,2.796830999798477
1740802726.358560056,0.939061497299507,2.6680119341114894,5.0,-1.043087756797184,2.8456477881148294
1740802726.380271017,0.9969318830506733,2.685889395445744,5.0,-1.0106317090946937,2.894866621236485
1740802726.396707135,1.0550889906064786,2.704146095132549,5.0,-0.9783927625699835,2.944484966176506
1740802726.415118560,1.0842756635251258,2.7132048399967266,5.0,-0.9623528695431487,2.9694438479523364
1740802726.432803626,1.1428618365644703,2.7313309645653714,5.0,-0.9304304371602563,3.019656596823117
1740802726.452444030,1.2017272226304831,2.7492339662318424,5.0,-0.8987150284101487,3.0702565859335573
1740802726.468927587,1.2608653066204987,2.767300613636649,5.0,-0.8672031896666509,3.1212353466723965
1740802726.489117910,1.3202760770165223,2.785246937334725,5.0,-0.8358887305925393,3.1725903168655925
1740802726.505082149,1.3799551086401018,2.8031171281427527,5.0,-0.8047677031445991,3.2243150845192243
1740802726.522101686,1.4098939969675894,2.81197693537697,5.0,-0.7892783108092868,3.250314234056912
1740802726.538333404,1.4699676785262124,2.8297002754272285,5.0,-0.7584387891897839,3.302581765635436
1740802726.559791515,1.5302991033572955,2.8473234082153134,5.0,-0.7277807212413824,3.3552027859054427
1740802726.575338694,1.5908845938995937,2.864800710943038,5.0,-0.6972986678433686,3.4081710772689924
1740802726.596324586,1.6212713608032183,2.8734859101132746,5.0,-0.6821219661763538,3.434783402332131
1740802726.612618334,1.712806219377139,2.8998039986317243,5.0,-0.6368384602100045,3.515127034150391
1740802726.630728449,1.7434425685862158,2.9083488748159634,5.0,-0.6218232295460777,3.5420757911933647
1740802726.648269546,1.8049008188085254,2.926003824698104,5.0,-0.5919061689103003,3.5962206885047845
1740802726.663163376,1.8666055998911426,2.943129745222402,5.0,-0.5621346656566645,3.6506921630382267
1740802726.681259661,1.8975474805466384,2.951591437098009,5.0,-0.5473022997622473,3.6780466730802512
1740802726.696797141,1.9596073465562642,2.9684172317716873,5.0,-0.5177403333913165,3.7329884787811194
1740802726.711165571,1.9907238252896402,2.9767097185420326,5.0,-0.5030093697539392,3.7605735835560226
1740802726.730120476,2.053127458143153,2.9931846020585087,5.0,-0.47364325273633073,3.815967842162965
1740802726.747817362,2.1157540419324166,3.0094122320977297,5.0,-0.4443999873499869,3.871653824016567
1740802726.765598838,2.178599522046994,3.0253958113033734,5.0,-0.41527260376798064,3.927624273261267
1740802726.781147337,2.2101035225274317,3.033395967770338,5.0,-0.40074988111771237,3.955714255987837
1740802726.800547151,2.273274057744766,3.049260604262406,5.0,-0.37178071412971275,4.012101420886892
1740802726.817875338,2.2183932593276965,3.0648328594923355,5.0,-0.3429079799687868,4.0687573164219195
1740802726.827908294,2.158271241405908,3.080120794044056,5.0,-0.3141241732885114,4.125674206184604
1740802726.837847531,2.128189694978819,3.089802030538154,5.0,-0.29975790863614077,4.1542368129763805
1740802726.847962027,2.098069360969277,3.0997897261585177,5.0,-0.28539985562446823,4.182883391750281
1740802726.857992494,2.0678682530841983,3.109850060628734,5.0,-0.2710487913629847,4.211615508603429
1740802726.868531830,2.0375817227633837,3.1201266602778013,5.0,-0.2567031156276127,4.240434255289239
1740802726.879106215,2.0072084222974063,3.1304806960642413,5.0,-0.24236104146853715,4.269340780249571
1740802726.889594541,1.9767479258031762,3.1409059035851135,5.0,-0.2280210472075153,4.298335334789257
1740802726.900762216,1.9461998904016622,3.1513953938310064,5.0,-0.2136815272439749,4.32741807685911
1740802726.912033891,1.915564045757443,3.161936943982496,5.0,-0.1993409172795222,4.356589096191498
1740802726.923161146,1.8848403502031212,3.172477759472482,5.0,-0.18499785948098493,4.3858482763798055
1740802726.935100310,1.854028851947305,3.183044323829812,5.0,-0.1706511323977512,4.415195426437792
1740802726.946375625,1.823136584627758,3.1935925029554806,5.0,-0.15629960404002052,4.4446303848595665
1740802726.958334289,1.7922145744563742,3.2038143393697394,5.0,-0.1419430340908777,4.474151552026618
1740802726.970545562,1.7303164422206894,3.2243863109163207,5.0,-0.11321206487507247,4.533447255370335
1740802726.982781266,1.6992784815795525,3.234725002250567,5.0,-0.09883462327391584,4.56322237290439
1740802726.994978910,1.6681544007500766,3.245289940230193,5.0,-0.08444692654649381,4.593083017771794
1740802727.7534093,1.6369431360939288,3.2558635091566708,5.0,-0.07004709570785415,4.623030074168068
1740802727.19712426,1.5742616311727904,3.2766554648975443,5.0,-0.0412066160459613,4.683180399556918
1740802727.31747230,1.5427951608648138,3.2868701500493875,5.0,-0.02676473297704462,4.713379759217363
1740802727.44270953,1.5112449198634552,3.297302593604339,5.0,-0.012306192044294282,4.743661656506833
1740802727.56996056,1.4796100878149436,3.307706407820599,5.0,0.002170917570335622,4.77402672803873
1740802727.68325601,1.4479182349441877,3.3180796469762237,5.0,0.016667845631130287,4.804474309867344
1740802727.79598226,1.3845589548874258,3.33812850200633,5.0,0.04572364960997617,4.865609178549633
1740802727.90923510,1.352813874430961,3.348159665146159,5.0,0.060284783690763975,4.896293865010118
1740802727.101738586,1.3209888079117578,3.358518391095413,5.0,0.07487232260968049,4.92705668581261
1740802727.112529661,1.2890843279235895,3.3688099530756226,5.0,0.08949068985519439,4.957896713796691
1740802727.123195717,1.2571009812590863,3.379039042894599,5.0,0.10414076201555952,4.988813330530809
1740802727.133675363,1.2250392048754215,3.389205357878661,5.0,0.11882339360883074,5.019806029527525
1740802727.144231749,1.1928995118644177,3.3993101096032836,5.0,0.13353953356094564,5.050874220394545
1740802727.154146255,1.1606833902713307,3.4083014129250357,5.0,0.14828427893149565,5.082016801345305
1740802727.164015172,1.1283909106305103,3.41597165820852,5.0,0.16302518247972697,5.113242191569494
1740802727.173756629,1.0961067023530418,3.4226135275447205,5.0,0.1777240252987719,5.144565168397617
1740802727.183882775,1.0638312193590667,3.428420525443844,5.0,0.1923497617502548,5.175997317055094
1740802727.193769432,1.0314527563977527,3.433590105490058,5.0,0.20687708560329438,5.207547741649552
1740802727.203545089,0.9989564657477711,3.438336748453945,5.0,0.22128658028282713,5.23922342100009
1740802727.212897966,0.9663379826649012,3.4427038339367635,5.0,0.23556307955093606,5.271029655631813
1740802727.222318524,0.9335932562184793,3.4469847395766853,5.0,0.24969403663527734,5.302971271453449
1740802727.231464411,0.9007204238599282,3.4512804108534163,5.0,0.2636743799082265,5.335050444694074
1740802727.240647269,0.8677184598772476,3.4557238814985367,5.0,0.27750195495013386,5.367268334754917
1740802727.249878987,0.8345866612055838,3.460108377934477,5.0,0.29117461589430077,5.399625777263978
1740802727.264408677,0.801339210234846,3.464347237300986,5.0,0.3046888335401461,5.432122628444569
1740802727.278249018,0.7681003860251604,3.468369068606974,5.0,0.3180396311733684,5.4647588252167765
1740802727.292407969,0.7013549437614109,3.475502767486768,5.0,0.34422481637882785,5.530449811499368
1740802727.306288771,0.6677862377286788,3.478611674401565,5.0,0.35704501915925424,5.563503065125036
1740802727.319633312,0.6002593689861268,3.4845177602449926,5.0,0.3821136587648193,5.630023726985897
1740802727.335137981,0.566301573897566,3.487182280563094,5.0,0.3943525327806159,5.6634911744388825
1740802727.353719457,0.49800671461535245,3.4923214764773487,5.0,0.4182248961355433,5.7308314585937845
1740802727.368527817,0.4293420272923992,3.49677238193746,5.0,0.441272217212987,5.798701617769013
1740802727.386080313,0.39495304668842207,3.498665850082236,5.0,0.4524791263515808,5.832830005420256
1740802727.401756072,0.3258180401626711,3.5018881518794394,5.0,0.4742421406751092,5.901459645333864
1740802727.414637855,0.2910771469588883,3.503163754538842,5.0,0.48479327746179823,5.935955883355839
1740802727.430094514,0.25622435142082134,3.504322355104449,5.0,0.4951195640787762,5.970569485875521
1740802727.446005652,0.1861933415163792,3.5063679396977965,5.0,0.5150936476917666,6.0401385883536465
1740802727.460189293,0.11574707273052018,3.507909092824345,5.0,0.5341481382094293,6.110145276530566
1740802727.480560476,0.08037516950868047,3.508438591730727,5.0,0.5433261367405028,6.145305866209536
1740802727.494637897,0.009576217718058548,3.509066091692921,5.0,0.5609750280779077,6.215924366359517
1740802727.512856862,0.061516491446331006,3.509084026424766,5.0,0.5776672082620765,6.286920402797582
1740802727.530482279,0.09719454405956476,3.5087611780157757,5.0,0.5856485791361478,6.322552260296858
1740802727.552819859,0.16879501569425193,3.507591821048734,5.0,0.6008696003026215,6.39406469590639
1740802727.567109779,0.24070192994077116,3.5058341929725394,5.0,0.6150858706969851,6.465889472002428
1740802727.587447912,0.31289201676825484,3.5034280981689863,5.0,0.6282774873991674,6.538003434879424
1740802727.602788532,0.38533961552634244,3.500196515706763,5.0,0.6404212225539115,6.610381059671109
1740802727.625264941,0.4216519794667578,3.4982542820234386,5.0,0.6460925471970065,6.646660787232613
1740802727.641544649,0.49426383314720085,3.4936500617145043,5.0,0.6566177222363575,6.71938331049521
1740802727.660087244,0.5670625369695267,3.488455551109632,5.0,0.6660320100655307,6.792303685650646
1740802727.674151626,0.6400452888818335,3.48211960790278,5.0,0.6743084700904507,6.86539408690357
1740802727.687917027,0.6765960371857017,3.4786090138356824,5.0,0.6780117248551405,6.901993298635266
1740802727.703442466,0.7497987384868938,3.471011610176881,5.0,0.6845320405215841,6.975282002598024
1740802727.718023606,0.7864432601162966,3.4668626925470183,5.0,0.6873427596875252,7.011963984665496
1740802727.731881698,0.8598002470231035,3.458010292650749,5.0,0.6920496800387456,7.085384616323625
1740802727.748171326,0.8965052680085657,3.4532494883678435,5.0,0.6939403771958098,7.122115753159465
1740802727.763047406,0.9699453264098298,3.4429215307691954,5.0,0.6967821051041515,7.1955964540255755
1740802727.778128255,1.0066726651155922,3.437579630854043,5.0,0.6977284521210109,7.232338260982539
1740802727.793167275,1.08012478154886,3.426447434823332,5.0,0.6986602485123212,7.305807460299817
1740802727.806130228,1.1168414221051572,3.420586481059504,5.0,0.6986417958161838,7.342526666734732
1740802727.821437027,1.153545741508809,3.414619523969193,5.0,0.6982977917015007,7.379229535148343
1740802727.841378101,1.226901527951521,3.402038459990495,5.0,0.6966277079605981,7.452570300920698
1740802727.858810777,1.300155630041493,3.3889408466616886,5.0,0.6936395124388266,7.525793114664698
1740802727.901297490,1.4462238924005033,3.361362528337639,5.0,0.6836803447658766,7.671749636196696
1740802727.915998970,1.5189767928106106,3.347499206705947,5.0,0.6767002123805717,7.744421966466289
1740802727.930655631,1.5914953004525572,3.332418669754366,5.0,0.6683832033537986,7.816843394716047
1740802727.946591879,1.6276517694088124,3.324725330489178,5.0,0.6637246904139954,7.852945148161248
1740802727.964077425,1.6997315797387975,3.308588767715776,5.0,0.6534103885893003,7.924903207553763
1740802727.979808044,1.7356455694386406,3.300560240303061,5.0,0.6477560593191639,7.960750179121177
1740802727.997904580,1.8070677195490557,3.284222738936015,5.0,0.6354542665848883,8.032162743717
1740802728.14449148,1.8779928212100288,3.267453390654448,5.0,0.6218319832116977,8.103168956294631
1740802728.31297235,1.9484703882782044,3.250454221407253,5.0,0.606894559784959,8.173735339540887
1740802728.46207035,1.9835312121734319,3.241792446841901,5.0,0.5989343082252095,8.208843451219371
1740802728.66748537,2.0532693007323095,3.22373324314864,5.0,0.5820360737723308,8.278681842891109
1740802728.84140914,2.122159868973017,3.205642507883898,5.0,0.563840860471704,8.34798757903619
1740802728.104081437,2.10983002679877,3.196392913105882,5.0,0.5542581312435432,8.382431405779753
1740802728.112515636,2.067444660772816,3.1776599538638104,5.0,0.534126559374624,8.450878338713064
1740802728.121170784,2.0472112106564535,3.1681853755193656,5.0,0.5235790418813235,8.48487388333418
1740802728.130826151,2.0273136449333906,3.1576116845426743,5.0,0.512712415351321,8.518707129180793
1740802728.140235068,2.0077466347708848,3.1468941806928705,5.0,0.5015312041148511,8.552367119368165
1740802728.149337806,1.9885438213570006,3.136109204717556,5.0,0.4900374132452512,8.5858498070816
1740802728.158574484,1.9700409266683834,3.125195981221407,5.0,0.47823221804758137,8.619151136961298
1740802728.167666991,1.9523438564618234,3.114323052617327,5.0,0.46611663381042456,8.6522675476497
1740802728.176888559,1.93534671993157,3.1033075659310594,5.0,0.4536912398868311,8.685195717547433
1740802728.186824626,1.9187140536832172,3.092776642890569,5.0,0.4409581525500369,8.717932851653352
1740802728.196788782,1.9024162406711596,3.0839378178241867,5.0,0.4279268910146152,8.750484250494598
1740802728.206870449,1.88649354232368,3.0771896648229236,5.0,0.4146161691033165,8.782861860009328
1740802728.217644454,1.8713164158272741,3.07222923040318,5.0,0.40104651326585056,8.815077209408035
1740802728.228459840,1.8569486848339383,3.06891406611421,5.0,0.38723574955270135,8.847140856378722
1740802728.239724974,1.8431322982098177,3.0668512618281554,5.0,0.37319911532214695,8.879062213710444
1740802728.251751188,1.8295597961767818,3.0658145893862048,5.0,0.35895032487898576,8.91084837967785
1740802728.262864353,1.816218043247324,3.065636055130656,5.0,0.3445016341212941,8.942505338866358
1740802728.274141658,1.8033005762104162,3.0662020627866498,5.0,0.32986402374373947,8.974038341078584
1740802728.285396473,1.791168519835428,3.0674458837092664,5.0,0.31504737343061523,9.005452262156023
1740802728.295926889,1.779810485156461,3.069300965931723,5.0,0.3000611481751196,9.036751895675254
1740802728.306512015,1.7688042022281978,3.071869886641836,5.0,0.2849127154962574,9.067942095167409
1740802728.316528251,1.757980980370478,3.075018510180653,5.0,0.26960950556210483,9.099028696225735
1740802728.327051677,1.7473495716947884,3.078671154243842,5.0,0.2541583583447429,9.130016324129302
1740802728.336953333,1.728102450196181,3.0872278738168046,5.0,0.22283674826897662,9.191711779326958
1740802728.347390499,1.719575919938815,3.0921005977061613,5.0,0.2069765564324303,9.222427697336158
1740802728.357931045,1.7112619606507884,3.0972094644372157,5.0,0.1909885496483721,9.253060914729604
1740802728.368551741,1.7030944147639846,3.1024747522486518,5.0,0.1748759091679452,9.283614053647689
1740802728.378814307,1.6951824603043266,3.107848896724101,5.0,0.15864123333196153,9.31408927492759
1740802728.388870644,1.688022432115497,3.1132965361606804,5.0,0.1422864631389631,9.344488441235244
1740802728.399354240,1.681679796045199,3.118906404023578,5.0,0.12581271255622034,9.37481370325882
1740802728.409259146,1.6759556354620229,3.124540414210265,5.0,0.10922026806065765,9.40506713255369
1740802728.419032983,1.6703860510287862,3.130173687564274,5.0,0.09250936287437474,9.435249899990884
1740802728.428841470,1.6649526955806984,3.1357885234293876,5.0,0.07567990036008072,9.465363004756238
1740802728.439002506,1.6598994402998333,3.141368074434114,5.0,0.058731448630068704,9.495407256728551
1740802728.449699942,1.655677011834164,3.1468983883838217,5.0,0.0416633000939327,9.525383279316264
1740802728.460100868,1.6523017477406514,3.152474029959469,5.0,0.02447432508430763,9.555291990569861
1740802728.470722423,1.6494921035047272,3.1579648116444137,5.0,0.007163042050067342,9.585134174901171
1740802728.480522560,1.6468256461783726,3.163393258259843,5.0,-0.010271702449506863,9.614909905202436
1740802728.490352057,1.6442993995694162,3.16876995072444,5.0,-0.02783115233783226,9.644619395785629
1740802728.500917693,1.6422669406382022,3.1741069128945925,5.0,-0.04551657651810957,9.674262885657967
1740802728.512190438,1.6411008171623727,3.1794007923950542,5.0,-0.06332918508061455,9.703840591749453
1740802728.527308528,1.6408042829323448,3.184775532262839,5.0,-0.0812702889420721,9.733353187896897
1740802728.542622717,1.6415177639699896,3.195477544593894,5.0,-0.1175433449307885,9.792185962358973
1740802728.557120867,1.6420945628440942,3.200712676679627,5.0,-0.13587652024587166,9.821506050011244
1740802728.571016198,1.6451451575611185,3.211354253516005,5.0,-0.1729377996972607,9.879955034047343
1740802728.585526039,1.6479779184305614,3.2166639151959693,5.0,-0.1916662881444749,9.909085006131425
1740802728.605510042,1.6551974745577052,3.227506020065548,5.0,-0.22951758127406002,9.967159380547601
1740802728.620952101,1.6632533554149806,3.2382463527059486,5.0,-0.2678893646529581,10.0249892031492
1740802728.639642096,1.668305758835945,3.2436311095270223,5.0,-0.28726659140371497,10.053813466087894
1740802728.654029487,1.6809167313092506,3.2548404698887863,5.0,-0.3263954064581992,10.111286864845935
1740802728.670326015,1.6951726794371065,3.2660846127836183,5.0,-0.3660103748781358,10.168534940524424
1740802728.686320793,1.702521163946525,3.271728584329988,5.0,-0.38599372960794354,10.197076734605837
1740802728.704268349,1.7192638519598757,3.2833596953760815,5.0,-0.4262983291954885,10.254003073139176
1740802728.718049131,1.7288094292554557,3.289235400500998,5.0,-0.44661444136843464,10.282391241002069
1740802728.735084018,1.7496401994023651,3.3011587056435943,5.0,-0.48755984965337323,10.339025450746504
1740802728.752431874,1.7710902030500777,3.313150384882775,5.0,-0.5289025590625104,10.395479539788008
1740802728.768146033,1.7824514320069909,3.319124455809846,5.0,-0.5497158902705214,10.423642710029275
1740802728.785132501,1.8072892181798406,3.3314743515925893,5.0,-0.5916139765385775,10.479850884982534
1740802728.800587890,1.8346631076257314,3.343552679410129,5.0,-0.6338580734290222,10.535911398269068
1740802728.817405617,1.8486914298071808,3.3495014373458862,5.0,-0.6551034057623996,10.563888440838321
1740802728.834688144,1.8771309550755764,3.3613894740774364,5.0,-0.6978293372953002,10.619741787030984
1740802728.849915353,1.9075912771220185,3.3728391890672134,5.0,-0.7408552551538486,10.675466612187993
1740802728.867061060,1.923721055699509,3.378541796350885,5.0,-0.7624758177465255,10.70328266173606
1740802728.887068273,1.9576444011507872,3.3898983263495457,5.0,-0.8059256005524732,10.758828377663514
1740802728.902886582,1.9924069677262788,3.4007237601740656,5.0,-0.8496437973811585,10.81426281481643
1740802728.935690148,2.0099032046705214,3.405987329214306,5.0,-0.871599383945612,10.84193921370026
1740802728.952213966,2.0651170743880765,3.4212787772378586,5.0,-0.9378350922370263,10.924811521507507
1740802728.969597602,2.104397308852449,3.4310184599839473,5.0,-0.9822866153962916,10.979934655871084
1740802728.987033549,2.1452661638966988,3.440592488288842,5.0,-1.026961884966106,11.034963234740415
1740802729.988980,2.1864980548720894,3.4497875080153904,5.0,-1.0718521213344356,11.089903756837824
1740802729.19569475,2.2072821364908486,3.454219469919098,5.0,-1.0943743840326237,11.117342366165152
1740802729.37316091,2.2500678647347034,3.463005352479685,5.0,-1.1395663058682115,11.172159978929125
1740802729.53915949,2.294445000451379,3.4715923823460906,5.0,-1.1849467234935618,11.226904960857219
1740802729.69496118,2.3172003017512055,3.475737155632653,5.0,-1.2077041550380878,11.254252433819081
1740802729.85596656,2.36375750047157,3.483825790349673,5.0,-1.253345365157695,11.308901121090074
1740802729.102186074,2.4108519077950468,3.491584921973909,5.0,-1.2991435701244058,11.36349329671827
1740802729.118780392,2.4344533100011727,3.495323745008551,5.0,-1.3220973388985706,11.39077053834308
1740802729.133227692,2.482164453928696,3.5026974035984955,5.0,-1.3681052864977128,11.44529203572383
1740802729.152680166,2.506479881746667,3.506157421373816,5.0,-1.3911560057480745,11.472538442803272
1740802729.174432817,2.5559935915314616,3.5129908353799997,5.0,-1.4373411403390397,11.527006770034316
1740802729.199078883,2.6066207679891127,3.519527738687032,5.0,-1.483626216331645,11.581450656378946
1740802729.218002008,2.684404373582981,3.5286574346777315,5.0,-1.5532064155555247,11.663087280797322
1740802729.233874347,2.7366869705750427,3.534298303052072,5.0,-1.599671661074027,11.717504233593665
1740802729.248844106,2.762845928369446,3.5369827078262293,5.0,-1.6229219480564745,11.74471366117823
1740802729.266349673,2.8155201359376942,3.542119011679976,5.0,-1.6694481307053057,11.79913981162512
1740802729.282240272,2.8690313051736447,3.546879832092818,5.0,-1.7159949084907529,11.853582055584022
1740802729.297060152,2.896085050167244,3.549226568439884,5.0,-1.7392715238336849,11.880812367993778
1740802729.316309666,2.9507554870384776,3.553686196969528,5.0,-1.7858228344845282,11.93529801299795
1740802729.332849374,2.9783589419684446,3.5557465335164107,5.0,-1.8090937671850844,11.96255547206474
1740802729.350504900,3.0340615475240518,3.560064009787727,5.0,-1.8556056056321828,12.017114806774527
1740802729.367430087,3.090296387451535,3.5637173895768104,5.0,-1.9020332085637233,12.071763111345518
1740802729.381874547,3.146556894286835,3.566446915793708,5.0,-1.9483688214520543,12.126489980376999
1740802729.397662686,3.1746580176673302,3.5674370826583757,5.0,-1.9715015436464565,12.153879954923498
1740802729.416210611,3.2309443913343805,3.568864950824014,5.0,-2.0176920086091155,12.20870613488988
1740802729.433758158,3.28771025318815,3.569809130805787,5.0,-2.063774365421931,12.263593442999284
1740802729.449689536,3.3162720784312443,3.5703698834325803,5.0,-2.0867709867180744,12.291062950347815
1740802729.472963425,3.3449483606661192,3.570918781329133,5.0,-2.1097367404290166,12.318552458547131
1740802729.489913272,3.4316057350410563,3.571127666567845,5.0,-2.1784190165438213,12.401143946347743
1740802729.505886401,3.489854650483645,3.570906685398604,5.0,-2.2240078213090007,12.456312369028858
1740802729.522269419,3.5484440700513353,3.569568691049511,5.0,-2.2694189136596963,12.51156881317966
1740802729.537631218,3.5778537765372516,3.568669108665663,5.0,-2.2920511742270167,12.539229244363908
1740802729.556105373,3.6366471176316177,3.5660336003369304,5.0,-2.337155250358448,12.594612670315387
1740802729.572706561,3.6952464593063685,3.563388194015103,5.0,-2.3820312501085414,12.650085400875106
1740802729.590117477,3.7244703244525232,3.5617754658479184,5.0,-2.404379101423766,12.677858131903271
1740802729.614764054,3.782992446597587,3.5576292759289068,5.0,-2.448879366923113,12.733472054026382
1740802729.638115233,3.8417190074207004,3.5545245421991494,5.0,-2.493111391727622,12.789189797638993
1740802729.664599837,3.9301586037061504,3.5492921691645543,5.0,-2.5589404921167325,12.872998498774752
1740802729.687780686,3.989311616553247,3.545113536546555,5.0,-2.602454995182947,12.929032249748744
1740802729.707846419,4.078265486370887,3.5380170480902438,5.0,-2.6671249531236723,13.013335363639213
1740802729.731012708,4.137679271670974,3.5326224987308774,5.0,-2.709809715073813,13.069709849755885
1740802729.752627899,4.1971480052953805,3.5260458555169363,5.0,-2.7521267625776296,13.126220516804231
1740802729.768711647,4.256483306039019,3.519129520916764,5.0,-2.7940544241525562,13.182865478767571
1740802729.787954521,4.31548871742489,3.511760682251305,5.0,-2.8355762276653933,13.23964892033779
1740802729.804226319,4.3741702951605905,3.5039735468805797,5.0,-2.8766747183564347,13.29657376699581
1740802729.822421455,4.403469018806751,3.4999075231607217,5.0,-2.8970596876998527,13.325090207067253
1740802729.838328823,4.462043801133989,3.4919329108589405,5.0,-2.9374928934884905,13.382233927370724
1740802729.856921568,4.520584429435587,3.4843672117165627,5.0,-2.9774714946859633,13.439540352734587
1740802729.875021004,4.549837494825639,3.4803359852537143,5.0,-2.9972860205997938,13.468257057124093
1740802729.892596840,4.608296811146253,3.4720130475343565,5.0,-3.0365552476364024,13.52581644328467
1740802729.908384979,4.666680233334732,3.4637733871853738,5.0,-3.075331769500429,13.583547164999896
1740802729.923003149,4.724973697435566,3.454609224171538,5.0,-3.1136015603042284,13.64145365891103
1740802729.938185039,4.754078406717735,3.4499064462439724,5.0,-3.132539113332549,13.670470815316273
1740802729.957133343,4.783153773993548,3.4451476000095447,5.0,-3.1513441014292627,13.699530478316785
1740802729.972723752,4.870177441699515,3.4302680727731203,5.0,-3.206936038790583,13.786967103774463
1740802729.991041248,4.8991126998593195,3.4256497925765603,5.0,-3.2251876451738624,13.81620050357616
1740802730.6388197,4.956691245913688,3.4139952658006187,5.0,-3.2612562896859236,13.874791035168988
1740802730.21399857,4.985303956508109,3.40874969817837,5.0,-3.2790675606457946,13.904145665298984
1740802730.37111636,5.042182232672647,3.3980152979560545,5.0,-3.314244450615098,13.962986743913815
1740802730.53990273,5.098714891171413,3.386836159478977,5.0,-3.34881116086444,14.021999903103678
1740802730.70537211,5.126907339252513,3.3812377808603027,5.0,-3.365861021941822,14.051570996539072
1740802730.85637410,5.183140728348496,3.37024344035987,5.0,-3.3994879845036823,14.110844682367832
1740802730.103421307,5.211180771881234,3.3648105864561106,5.0,-3.4160623722616124,14.14055053284479
1740802730.118262376,5.267102038287855,3.353695925121452,5.0,-3.4487265907794833,14.200099616441857
1740802730.137279451,5.294979400892713,3.3480135535795856,5.0,-3.464812276476886,14.229941964066295
1740802730.154323218,5.378266824315942,3.3309848282412156,5.0,-3.5120645351708695,14.319747941564772
1740802730.171900054,5.405907872199992,3.3255156880712575,5.0,-3.5274736957271413,14.34977347093546
1740802730.189197301,5.46100738920819,3.3139837368593774,5.0,-3.5577743462611675,14.409965972694726
1740802730.207394016,5.515840869713382,3.3017316126694856,5.0,-3.587365103681268,14.470332244835696
1740802730.225439552,5.570395499418128,3.2893198922515756,5.0,-3.616231708190888,14.530867046458006
1740802730.242152240,5.597561504313656,3.2830177100155673,5.0,-3.6303886946599095,14.561196591535861
1740802730.259193907,5.651499848622574,3.2702325273063635,5.0,-3.658143698294667,14.621976591296827
1740802730.275463965,5.704854504736468,3.2573129688418154,5.0,-3.6851407907003413,14.682914749078877
1740802730.291940273,5.731310805268321,3.2507695398395877,5.0,-3.698350778668561,14.713441800274332
1740802730.307579372,5.7839434397732585,3.237517222943796,5.0,-3.724186604467646,14.774607833416388
1740802730.324519219,5.836252532417921,3.224872000648552,5.0,-3.7492356389630115,14.835925562547855
1740802730.339949428,5.862284690069102,3.2184961876686153,5.0,-3.7614619879127074,14.866642505030354
1740802730.358377653,5.914098292830889,3.205564508616401,5.0,-3.7853114409290893,14.928188169085905
1740802730.375351781,5.9655683344497366,3.1924200936891713,5.0,-3.80834592892566,14.989876558365706
1740802730.393858916,5.991170959055009,3.1857844275168867,5.0,-3.8195535181720497,15.020771767842646
1740802730.411666182,6.042105181981127,3.1724400757670232,5.0,-3.8413420866591346,15.082659464031735
1740802730.427990060,6.092673541104378,3.1595408148324347,5.0,-3.8622872079451342,15.144674692403806
1740802730.445832136,6.142869852114219,3.1457988951005373,5.0,-3.8823784309370244,15.206814399397018
1740802730.461267255,6.167822546254671,3.1389940959255123,5.0,-3.892099158144342,15.237924626977993
1740802730.479342941,6.2174333019573,3.12523940008216,5.0,-3.9108851944845986,15.300222615287636
1740802730.495710929,6.266503206612645,3.111392573961661,5.0,-3.9287887167945286,15.362616243610516
1740802730.514710083,6.290776113039983,3.1044257342736667,5.0,-3.93740628883157,15.393845846031954
1740802730.532794259,6.338792333470174,3.090353475766858,5.0,-3.953966635676258,15.456363958547115
1740802730.551601833,6.38628134566117,3.07670256373439,5.0,-3.9696200141858324,15.518954064193336
1740802730.569115620,6.433350672009514,3.063070658717941,5.0,-3.984360122325402,15.581618524194184
1740802730.587085426,6.479988736976932,3.0492690021058646,5.0,-3.9981764366543273,15.64434323292973
1740802730.605624671,6.5261864253080155,3.0353747500464414,5.0,-4.011060209393635,15.707115829862511
1740802730.623989726,6.5491174008314745,3.0284147398698518,5.0,-4.017149770720219,15.738516264077061
1740802730.643694330,6.5719350079464895,3.021380175228352,5.0,-4.023003047483395,15.769924079891402
