timestamp,cross_track_error,current_velocity,goal_velocity,x_m,y_m
1738183829.6437106,1.169694571136565,0.0,5.0,2.0,0.0
1738183829.6582704,1.169694571136565,0.22669930071135555,5.0,2.0,0.0
1738183829.6744597,1.1697072840438991,0.43863467940459233,5.0,2.0000107795522126,0.0
1738183829.692762,1.170241855870941,0.6376219164738015,5.0,2.000464054697659,0.0
1738183829.7098787,1.1708744478230604,0.8243617568504334,5.0,2.0010322582675144,-4.797447218152229e-06
1738183829.7255387,1.1727115014152492,0.9998265908850386,5.0,2.003027329687029,-7.051307329675183e-05
1738183829.7384098,1.175724503583612,1.1647764099528362,5.0,2.0064887488260865,-0.00020742839842569083
1738183829.753588,1.177471234228051,1.319859698268988,5.0,2.008841128088534,-0.00033926687319763005
1738183829.767791,1.1808197363021258,1.4657868050242784,5.0,2.0149827860295773,-0.0008405846892856061
1738183829.7835948,1.1821616217999291,1.60292164882876,5.0,2.018792675808072,-0.0012478710850700736
1738183829.7986827,1.185341625967992,1.7319007529505652,5.0,2.0280494205653667,-0.002260164823383093
1738183829.8177228,1.1871382188278385,1.8529004463588026,5.0,2.033503744751215,-0.002896287012845278
1738183829.835058,1.191823655927031,1.9665395852604421,5.0,2.0461694188416004,-0.004417929798364639
1738183829.853899,1.1979368633286356,2.07284765568555,5.0,2.061171732842922,-0.006297796033322811
1738183829.8747005,1.205325700440285,2.1720715318822617,5.0,2.07848734408617,-0.008594506420195103
1738183829.8989232,1.2141098717076837,2.2644695825319117,5.0,2.098081089556217,-0.011357716284692287
1738183829.9213576,1.2245318599767447,2.3502884877016386,5.0,2.1199066638946533,-0.014636271633207798
1738183829.9469333,1.222221438977011,2.4297648486330083,5.0,2.156693622469902,-0.020572546869516373
1738183829.9699821,1.2328321805115139,2.5098869365410863,5.0,2.1837611496448517,-0.025245090946555138
1738183829.9926379,1.2463321757955577,2.5838487480406065,5.0,2.212789222598076,-0.030526310205459595
1738183830.0192468,1.2627774645665968,2.6517172529877175,5.0,2.2436646968126297,-0.03647448867559433
1738183830.0482023,1.2610719340640764,2.7137121953173584,5.0,2.310646206140518,-0.05060429498553276
1738183830.0755851,1.2810553026930573,2.7757505666150286,5.0,2.346565753221512,-0.058858342468738556
1738183830.100887,1.2650156975062103,2.8319146499817016,5.0,2.403193920850754,-0.07282812148332596
1738183830.1233711,1.2888746174996617,2.8890157007096557,5.0,2.4426808059215546,-0.08326216787099838
1738183830.1576908,1.3358125906610714,2.9402703128606547,5.0,2.5043137669563293,-0.10059171915054321
1738183830.1817784,1.3191840973748707,2.9847495662617662,5.0,2.5686251521110535,-0.12007054686546326
1738183830.207654,1.3827870587820452,3.030254114198631,5.0,2.635311543941498,-0.1418275535106659
1738183830.23387,1.3442437691717688,3.0688562809598343,5.0,2.680936872959137,-0.1576637625694275
1738183830.260635,1.4216278929826005,3.109832331521429,5.0,2.7509466409683228,-0.18351970613002777
1738183830.2877898,1.3817549099993234,3.1439188198928543,5.0,2.798553764820099,-0.2021740972995758
1738183830.3161187,1.3713774985762992,3.1804486397627776,5.0,2.871178984642029,-0.23229548335075378
1738183830.3440447,1.4732502392604379,3.2176756940038898,5.0,2.9450522661209106,-0.26509180665016174
1738183830.383348,1.47474956745099,3.247681389865899,5.0,3.0199133157730103,-0.3006730079650879
1738183830.4109962,1.5254481481357893,3.278453019873262,5.0,3.120872378349304,-0.35245344042778015
1738183830.4421616,1.6160468021129857,3.3080118780238075,5.0,3.1716747283935547,-0.3802061975002289
1738183830.46938,1.6909242061878125,3.331937310287722,5.0,3.2736082077026367,-0.43946555256843567
1738183830.4979274,1.674541919955971,3.3548442135202077,5.0,3.3246405124664307,-0.4709477722644806
1738183830.5293806,1.7744940003065093,3.379931276897957,5.0,3.426586389541626,-0.5375419855117798
1738183830.5592136,1.8887245753642412,3.403399880023571,5.0,3.477399468421936,-0.5726438760757446
1738183830.5909338,1.9503288029531494,3.4213332501419234,5.0,3.5532835721969604,-0.6275404691696167
1738183830.6194303,2.021561210243484,3.4398181263532104,5.0,3.628720283508301,-0.6850190758705139
1738183830.6495872,2.1651334877229305,3.458582215459621,5.0,3.728428363800049,-0.765469491481781
1738183830.680258,2.291918113676152,3.4754974967299472,5.0,3.777868866920471,-0.8072655200958252
1738183830.7064152,2.3832063730487305,3.487114158783928,5.0,3.851426124572754,-0.8718457818031311
1738183830.7347476,2.48118706094626,3.4992688209857494,5.0,3.92419970035553,-0.9386287331581116
1738183830.7652967,2.584152246473933,3.511786251002012,5.0,3.9962795972824097,-1.0073530673980713
1738183830.7925725,2.691443259953671,3.524582988142141,5.0,4.067612171173096,-1.0779352188110352
1738183830.8181825,2.8021591402753914,3.537606201423263,5.0,4.138214588165283,-1.15023934841156
1738183830.8514512,2.9295733471978083,3.550817481084598,5.0,4.184929609298706,-1.1992990970611572
1738183830.8810499,3.040708351346079,3.558851606057396,5.0,4.254526853561401,-1.2740609645843506
1738183830.914076,3.2140999463924675,3.5673531784983292,5.0,4.346572637557983,-1.3756885528564453
1738183830.9438984,3.325194429811374,3.5740673017086713,5.0,4.415133953094482,-1.453184962272644
1738183830.978466,3.4358264238072644,3.5813205932398153,5.0,4.483407735824585,-1.5315948724746704
1738183831.0057971,3.5453240966831023,3.5890867322775297,5.0,4.551527261734009,-1.6107432842254639
1738183831.0371616,3.7200180703994206,3.597345241178512,5.0,4.619671106338501,-1.6904321908950806
1738183831.0647383,3.8244636435580457,3.5984485105085966,5.0,4.687948942184448,-1.770533800125122
1738183831.0973463,3.9275373771411273,3.6004350610140605,5.0,4.756525754928589,-1.8508599996566772
1738183831.1265838,4.033184693771168,3.6032914600457056,5.0,4.8255650997161865,-1.9312138557434082
1738183831.1572254,4.146532222014082,3.6069902651312344,5.0,4.895160913467407,-2.011467456817627
1738183831.1908832,4.268387032158885,3.6115116707924035,5.0,4.96543025970459,-2.0914809703826904
1738183831.2178144,4.397747245539436,3.6168485037207585,5.0,5.036483287811279,-2.171125888824463
1738183831.247272,4.556935401070341,3.623007952438215,5.0,5.10850715637207,-2.250197172164917
1738183831.2724986,4.689251138145818,3.622294997736758,5.0,5.181685447692871,-2.328505039215088
1738183831.307699,4.827588524343572,3.6227857545700304,5.0,5.2561070919036865,-2.4059154987335205
1738183831.3375514,4.971922497836215,3.62458749057091,5.0,5.331861257553101,-2.4822702407836914
1738183831.3673203,5.122038860297213,3.6277879545576974,5.0,5.409025192260742,-2.5574240684509277
1738183831.3965735,5.277266035045912,3.632496689353323,5.0,5.487688779830933,-2.6312193870544434
1738183831.424685,5.425609642156131,3.6388559286143662,5.0,5.568020582199097,-2.703407049179077
1738183831.4544659,5.5731053983419265,3.6470403420417616,5.0,5.650100946426392,-2.7738230228424072
1738183831.4844701,5.72424819381569,3.657243567675849,5.0,5.734048366546631,-2.842247247695923
1738183831.5099528,5.869063687953198,3.6615371928883533,5.0,5.81997275352478,-2.9084534645080566
1738183831.538008,5.967230273672713,3.6681396658853895,5.0,5.878410577774048,-2.9512202739715576
1738183831.5804477,6.158001348606094,3.6794047290352343,5.0,5.998094320297241,-3.033177375793457
1738183831.6117952,6.341667963244398,3.6918433372081987,5.0,6.121606826782227,-3.109837293624878
1738183831.6551423,6.42570057477661,3.70583339448666,5.0,6.184864521026611,-3.1459145545959473
1738183831.6981108,6.634162101245394,3.716207147998624,5.0,6.347480297088623,-3.2286829948425293
1738183831.747717,6.781962695625327,3.735565081019527,5.0,6.4820332527160645,-3.2865219116210938
1738183831.7931287,6.937428216334827,3.7574114448657174,5.0,6.655473232269287,-3.346907138824463
1738183831.8537867,7.064569107604747,3.7797057035006247,5.0,6.834151744842529,-3.3925976753234863
1738183831.8944361,7.174661712293632,3.80242903853877,5.0,7.054018497467041,-3.426041603088379
1738183831.929952,7.218129770874329,3.824096762019532,5.0,7.202794551849365,-3.4343063831329346
1738183831.9743874,7.249125752037786,3.847567493602701,5.0,7.389780044555664,-3.427764654159546
1738183832.0139174,7.2561103567217256,3.871201496015365,5.0,7.539007186889648,-3.4085488319396973
1738183832.0497897,7.273669502135317,3.896207645050237,5.0,7.649999618530273,-3.3857579231262207
1738183832.0828323,7.259266993771309,3.9145482510962046,5.0,7.759729385375977,-3.355811595916748
1738183832.1236873,7.24719984344881,3.9360089834878567,5.0,7.903307914733887,-3.304936408996582
1738183832.16728,7.232362586938095,3.9587094211816782,5.0,8.042767524719238,-3.2416555881500244
1738183832.1986084,7.275175544597715,3.9822353771989802,5.0,8.177095413208008,-3.1663832664489746
1738183832.238178,7.250866129904562,3.9970077621749516,5.0,8.273847103118896,-3.1022822856903076
1738183832.270674,7.255861124976875,4.014413853217583,5.0,8.426438808441162,-2.98174786567688
1738183832.2939546,7.290163488327177,4.0305015879393435,5.0,8.484193801879883,-2.929079294204712
1738183832.3293486,7.288832834577676,4.041503130117727,5.0,8.593587398529053,-2.8166000843048096
1738183832.355293,7.272037284949116,4.053060838636035,5.0,8.670066356658936,-2.726454973220825
1738183832.3882985,7.314596147379854,4.066767230759256,5.0,8.718347549438477,-2.6638503074645996
1738183832.412304,7.303450524989732,4.075509906835888,5.0,8.786607265472412,-2.5664329528808594
1738183832.4367228,7.374540810137114,4.086375398534415,5.0,8.849730491638184,-2.465102195739746
1738183832.454773,7.342746738235008,4.0903527310881636,5.0,8.888939380645752,-2.3955702781677246
1738183832.4791126,7.392303403309072,4.0985175910694265,5.0,8.92586374282837,-2.3245954513549805
1738183832.5070868,7.363900720212838,4.1019895622958495,5.0,8.96048641204834,-2.2522764205932617
1738183832.5305855,7.439608382346275,4.109534425919763,5.0,9.008083820343018,-2.141491651535034
1738183832.5577416,7.412399607819682,4.1102720437236195,5.0,9.036922454833984,-2.0662426948547363
1738183832.5832558,7.48808828234884,4.115057243171817,5.0,9.075851440429688,-1.9515197277069092
1738183832.614616,7.48636881832158,4.113151884880032,5.0,9.109610557556152,-1.8348551988601685
1738183832.648417,7.488452425602708,4.113129757272793,5.0,9.138253211975098,-1.7165553569793701
1738183832.6785815,7.558981461346704,4.114836253192191,5.0,9.16183090209961,-1.5969113111495972
1738183832.7144485,7.5593010593277965,4.11006333733287,5.0,9.180420875549316,-1.476189374923706
1738183832.7442756,7.5770558870320635,4.107105584453992,5.0,9.197566986083984,-1.3139896392822266
1738183832.7754495,7.63991523395809,4.103751171438635,5.0,9.204795360565186,-1.1917239427566528
1738183832.8116312,7.6221307614980125,4.0943889274060155,5.0,9.207288265228271,-1.0691781044006348
1738183832.8418865,7.608179406253835,4.087097523437141,5.0,9.203196048736572,-0.9057325720787048
1738183832.8691037,7.5578213853251555,4.079783028988328,5.0,9.194575786590576,-0.7833992838859558
1738183832.900587,7.589944505569275,4.074631730475977,5.0,9.186225891113281,-0.7021015882492065
1738183832.933331,7.522040289076082,4.065857163999009,5.0,9.169748306274414,-0.5807302594184875
1738183832.966809,7.456500029055675,4.059145598498403,5.0,9.140332698822021,-0.4203859269618988
1738183832.9954722,7.369636399150314,4.052281747796701,5.0,9.112590312957764,-0.30152156949043274
1738183833.0166056,7.407600383791265,4.047150138474738,5.0,9.0799880027771,-0.18409481644630432
1738183833.035398,7.306595871863967,4.036060377932719,5.0,9.055566787719727,-0.10671224445104599
1738183833.0574925,7.332941786856369,4.028752192407922,5.0,9.02900743484497,-0.030154185369610786
1738183833.07958,7.237062743966726,4.017551318102752,5.0,9.000321388244629,0.04548812285065651
1738183833.0999255,7.26604964865389,4.009885798027347,5.0,8.96951961517334,0.12012812495231628
1738183833.1189985,7.181492465839209,3.9982418414435514,5.0,8.93661117553711,0.19368314743041992
1738183833.141754,7.2313402933980795,3.98986882280761,5.0,8.883301734924316,0.3018493354320526
1738183833.1639183,7.1665743069667,3.975365002003908,5.0,8.845152378082275,0.3723844289779663
1738183833.1832929,7.205058255473876,3.963934305367927,5.0,8.804949283599854,0.44155097007751465
1738183833.2061327,7.163229936260687,3.948604954300929,5.0,8.7627854347229,0.5092896223068237
1738183833.2288077,7.207116195959654,3.9361584721660257,5.0,8.718732357025146,0.5755366086959839
1738183833.2447689,7.191259992313275,3.919881266196173,5.0,8.672853946685791,0.6402294039726257
1738183833.2668042,7.239671337402685,3.9063482574872985,5.0,8.625187873840332,0.703288733959198
1738183833.2890499,7.250546217664902,3.8891349613387813,5.0,8.575867652893066,0.7647124528884888
1738183833.3116982,7.301269600732711,3.8746247537715544,5.0,8.524975776672363,0.8244653940200806
1738183833.334323,7.336698262316586,3.856667323220492,5.0,8.472645282745361,0.8825643062591553
1738183833.3523123,7.414401254596226,3.8414958103996746,5.0,8.39158296585083,0.9666448831558228
1738183833.3733978,7.454188288092567,3.826792988578934,5.0,8.335970401763916,1.0206410884857178
1738183833.396125,7.4933651040734315,3.8211274804957642,5.0,8.279256343841553,1.0730546712875366
1738183833.424706,7.521379346340335,3.8205532865917107,5.0,8.221585750579834,1.1240248680114746
1738183833.447461,7.562955977062331,3.8249583097662225,5.0,8.133517742156982,1.1981537342071533
1738183833.4723928,7.581128196419297,3.831567838572987,5.0,8.073911190032959,1.2462983131408691
1738183833.4964507,7.606570520015702,3.8408458512145724,5.0,7.9834303855896,1.3171145915985107
1738183833.5197642,7.620109285598324,3.8499422379808035,5.0,7.922595500946045,1.3636820316314697
1738183833.5432758,7.628047262478197,3.8551235875014878,5.0,7.861438274383545,1.4098711013793945
1738183833.567706,7.646298399649271,3.86190299338172,5.0,7.769237041473389,1.4786555767059326
1738183833.591371,7.652840896819132,3.868979114195583,5.0,7.707599639892578,1.5243736505508423
1738183833.6142056,7.659882413083428,3.873119500179493,5.0,7.645939826965332,1.5701507329940796
1738183833.6380997,7.673485851548923,3.8745070709169114,5.0,7.553618431091309,1.639215350151062
1738183833.6611123,7.6786620291663175,3.8780552628566074,5.0,7.492355823516846,1.685752034187317
1738183833.6853096,7.689365774810031,3.8798483577120093,5.0,7.401188850402832,1.7566697597503662
1738183833.7094939,7.693059827132066,3.8792918872956,5.0,7.341062545776367,1.8048804998397827
1738183833.732215,7.698549814954355,3.883667155351495,5.0,7.281618595123291,1.8540054559707642
1738183833.7563667,7.705250852353469,3.887294997122074,5.0,7.222992897033691,1.9041727781295776
1738183833.7794726,7.706417373949385,3.890132346839946,5.0,7.136854648590088,1.9816069602966309
1738183833.8025486,7.708011458921593,3.899124677722721,5.0,7.080839157104492,2.0348496437072754
1738183833.8242242,7.702897686660884,3.908030223804446,5.0,6.9992852210998535,2.117377758026123
1738183833.8456197,7.702508007183997,3.9169398136697775,5.0,6.946755409240723,2.1742687225341797
1738183833.872007,7.6981640871401265,3.9258465525055053,5.0,6.895876884460449,2.2327404022216797
1738183833.8936625,7.696436413577484,3.9426121942645556,5.0,6.846798896789551,2.2928414344787598
1738183833.9183745,7.691030502316294,3.9597478898015352,5.0,6.776859760284424,2.386082172393799
1738183833.9410872,7.683820419252716,3.977533970445536,5.0,6.73290491104126,2.4503400325775146
1738183833.9636757,7.677477216507481,3.9954515903251027,5.0,6.67134428024292,2.5498783588409424
1738183833.9886596,7.6724583842130745,4.022324698846122,5.0,6.633415699005127,2.61828875541687
1738183834.0134966,7.671138753191446,4.049034050495125,5.0,6.598150253295898,2.68831205368042
1738183834.036962,7.664885001398344,4.075393564753519,5.0,6.550533294677734,2.7962751388549805
1738183834.0600145,7.666674018522795,4.110578241881553,5.0,6.522485256195068,2.8700873851776123
1738183834.0830858,7.661961246714445,4.145099187044241,5.0,6.486285209655762,2.9833831787109375
1738183834.106022,7.662830527924273,4.179252286464709,5.0,6.466235160827637,3.06048583984375
1738183834.1295602,7.666314505134826,4.2124117291830325,5.0,6.449554920196533,3.138726234436035
1738183834.152416,7.674407858483995,4.253340163146782,5.0,6.431094646453857,3.2579727172851562
1738183834.1752644,7.679363549373169,4.293159023335147,5.0,6.426738262176514,3.2981534004211426
1738183834.1986094,7.6907712524021346,4.331110581978482,5.0,6.419151782989502,3.419766426086426
1738183834.222173,7.705691860895387,4.375873090248271,5.0,6.418766021728516,3.501568078994751
1738183834.2461915,7.723386575816457,4.41800649030437,5.0,6.425338268280029,3.6250009536743164
1738183834.2690613,7.743747733760475,4.457527053322299,5.0,6.4345293045043945,3.707531452178955
1738183834.2908185,7.758622890422089,4.5026676997577315,5.0,6.447618007659912,3.7900707721710205
1738183834.31123,7.776992631061672,4.544750615155949,5.0,6.46462869644165,3.8724634647369385
1738183834.3338494,7.811328354367501,4.583821341375987,5.0,6.497476577758789,3.9953854084014893
1738183834.3577027,7.8345427800169665,4.627533096323876,5.0,6.524271011352539,4.07664155960083
1738183834.3810732,7.861748964416124,4.667699547709658,5.0,6.554975509643555,4.157153606414795
1738183834.4042995,7.901072771597432,4.704470623401983,5.0,6.608277797698975,4.276178359985352
1738183834.4290974,7.931910054462867,4.744922464860266,5.0,6.648592472076416,4.354088306427002
1738183834.4529219,7.9628245116140475,4.781288158687627,5.0,6.692685604095459,4.43065071105957
1738183834.4754055,8.00575311515936,4.8138484714502665,5.0,6.765739440917969,4.5425896644592285
1738183834.5015728,8.033508487311506,4.849282388484134,5.0,6.818966865539551,4.615031719207764
1738183834.525177,8.078527255494867,4.880409764764936,5.0,6.90541410446167,4.720013618469238
1738183834.5476766,8.10241503742808,4.9139687397762515,5.0,6.9673004150390625,4.787311553955078
1738183834.5715146,8.127239881748759,4.943031321578983,5.0,7.032495975494385,4.852268218994141
1738183834.5954247,8.157159364579474,4.967962600859841,5.0,7.100907325744629,4.914732456207275
1738183834.6197,8.191347648864486,4.996152968487409,5.0,7.209270000457764,5.003426551818848
1738183834.6424987,8.216223880488329,5.018546060704072,5.0,7.285180568695068,5.058994770050049
1738183834.6643617,8.247226563139005,5.0367496493033075,5.0,7.404244899749756,5.136645317077637
1738183834.680671,8.269509995855149,5.0566034520718,5.0,7.486865997314453,5.184410572052002
1738183834.7033217,8.281267174171681,5.072002129960897,5.0,7.529097557067871,5.207040309906006
1738183834.7274296,8.29577706163805,5.084715619008389,5.0,7.659282684326172,5.2696967124938965
1738183834.7471855,8.315819974992465,5.098930935983839,5.0,7.748760223388672,5.30696439743042
1738183834.7650847,8.30149093487808,5.108346246699666,5.0,7.840188026428223,5.340496063232422
1738183834.7882423,8.319821124394707,5.120761576042161,5.0,7.933379650115967,5.3702239990234375
1738183834.807999,8.342384474786357,5.128409819548413,5.0,8.028139591217041,5.3960795402526855
1738183834.830973,8.307426850264427,5.131791756818542,5.0,8.12428331375122,5.418028354644775
1738183834.8590336,8.335026826712804,5.138135232769237,5.0,8.221621036529541,5.436021327972412
1738183834.8799577,8.388427447552859,5.139877931029694,5.0,8.369441509246826,5.455483436584473
1738183834.9057424,8.360582246480512,5.1355260590384795,5.0,8.51886796951294,5.46580171585083
1738183834.9286115,8.409024807674767,5.132071169279991,5.0,8.619048595428467,5.467563152313232
1738183834.9501872,8.352358211198306,5.124333410377828,5.0,8.719447612762451,5.465227127075195
1738183834.9729776,8.410777473818293,5.119578673414497,5.0,8.819872379302979,5.458817481994629
1738183834.9955406,8.389459228649933,5.11053729788767,5.0,8.970144748687744,5.441676616668701
1738183835.020468,8.46323132332257,5.101981680660227,5.0,9.069809436798096,5.425246238708496
1738183835.042512,8.543578139249949,5.089206408132723,5.0,9.1688551902771,5.404905796051025
1738183835.0668697,8.55024379692386,5.072619248532328,5.0,9.315895557403564,5.367236137390137
1738183835.0865145,8.645892166713173,5.056350471064565,5.0,9.412667751312256,5.337454795837402
1738183835.1052577,8.745906435902324,5.03621879035096,5.0,9.508219242095947,5.304009914398193
1738183835.1255257,8.729825793873012,5.012586422027359,5.0,9.602342128753662,5.267039775848389
1738183835.1494505,8.838673982984293,4.9915586311626745,5.0,9.69482421875,5.226696968078613
1738183835.170515,8.89763941326483,4.966880370919123,5.0,9.830088138580322,5.160078048706055
1738183835.1925986,8.956310164485492,4.941945896906107,5.0,9.874202728271484,5.136293411254883
1738183835.216304,9.135225559018151,4.916160307481843,5.0,10.003410339355469,5.060503005981445
1738183835.2356594,9.167292549094281,4.884599063726363,5.0,10.086761474609375,5.0064215660095215
1738183835.258479,9.294206146972734,4.855273330123663,5.0,10.167768478393555,4.949709415435791
1738183835.2806141,9.351699704273928,4.822916965549549,5.0,10.246315002441406,4.890494346618652
1738183835.3056047,9.484956088546081,4.792560915701513,5.0,10.322328567504883,4.828935623168945
1738183835.3322244,9.684429344068421,4.759375348531381,5.0,10.431485176086426,4.732500076293945
1738183835.3524036,9.84483904059085,4.721066320973018,5.0,10.534784317016602,4.631441593170166
1738183835.3753738,9.980503474360024,4.6824476072925325,5.0,10.600362777709961,4.561707973480225
1738183835.40321,10.098648053142167,4.642089156332621,5.0,10.663244247436523,4.4903178215026855
1738183835.4241922,10.305659015536746,4.604194300171117,5.0,10.752503395080566,4.380545139312744
1738183835.4483256,10.433443200147968,4.566464155658368,5.0,10.80877685546875,4.305787086486816
1738183835.4725542,10.56126886099622,4.532050037028226,5.0,10.862504959106445,4.229973316192627
1738183835.5040226,10.740864127230337,4.496294562333288,5.0,10.938467979431152,4.114587783813477
1738183835.5324662,10.912016009383244,4.468451620557766,5.0,11.009454727172852,3.9975953102111816
1738183835.5576417,11.023479462507833,4.443015517573667,5.0,11.054402351379395,3.9189441204071045
1738183835.5822942,11.178030214016838,4.416877130072957,5.0,11.118877410888672,3.8002798557281494
1738183835.6045156,11.32772467828236,4.38704459942425,5.0,11.180255889892578,3.6811201572418213
1738183835.6280181,11.424494906416067,4.352380765934681,5.0,11.219658851623535,3.601510763168335
1738183835.6538835,11.5231828250362,4.315367375791519,5.0,11.258024215698242,3.5219502449035645
1738183835.6767406,11.657251593681899,4.278073527307741,5.0,11.313972473144531,3.4030227661132812
1738183835.6994634,11.74428170303668,4.238410573679451,5.0,11.350464820861816,3.3241124153137207
1738183835.723775,11.87146315367207,4.198040847187665,5.0,11.404465675354004,3.2067055702209473
1738183835.7487833,11.953933742897057,4.156750158772127,5.0,11.4402494430542,3.1292507648468018
1738183835.7730322,12.02492842306457,4.11583239323486,5.0,11.476090431213379,3.052504301071167
1738183835.7973094,12.131749373797044,4.0783473197045605,5.0,11.530458450317383,2.9388880729675293
1738183835.8206987,12.189668020074656,4.0427037382245565,5.0,11.567361831665039,2.8643581867218018
1738183835.8436704,12.244646217325352,4.009041025601243,5.0,11.604975700378418,2.790947198867798
1738183835.86874,12.318064094730126,3.9777481928413945,5.0,11.663159370422363,2.683173656463623
1738183835.8919218,12.351028641848753,3.9501768270076827,5.0,11.703411102294922,2.612966775894165
1738183835.9168284,12.380698160982034,3.9258015322080646,5.0,11.7449951171875,2.5442092418670654
1738183835.9405231,12.408442881255645,3.9047757155027285,5.0,11.81027889251709,2.443979501724243
1738183835.9652472,12.414431063148074,3.888823060857749,5.0,11.855923652648926,2.379293203353882
1738183835.989432,12.409174202270467,3.876663134115411,5.0,11.927834510803223,2.2857744693756104
1738183836.015215,12.398790703575706,3.877017491697641,5.0,11.978264808654785,2.2259531021118164
1738183836.039092,12.357658148351407,3.881939564382084,5.0,12.057856559753418,2.1403045654296875
1738183836.0638807,12.329320694217405,3.8932705527742093,5.0,12.113653182983398,2.0860917568206787
1738183836.08863,12.26440412706524,3.9086462658248515,5.0,12.201615333557129,2.009486436843872
1738183836.1119018,12.221259997547076,3.930129258174801,5.0,12.26306438446045,1.9617794752120972
1738183836.1351109,12.144038886396016,3.955179891168938,5.0,12.359342575073242,1.8956786394119263
1738183836.1601946,12.096764701302524,3.9942427441656245,5.0,12.426172256469727,1.8555078506469727
1738183836.1852052,12.031301109274597,4.036300487115391,5.0,12.530166625976562,1.8014225959777832
1738183836.208498,11.991613625700417,4.082423843957058,5.0,12.601851463317871,1.769694447517395
1738183836.2313597,11.914720508805926,4.129885272414037,5.0,12.675305366516113,1.7415757179260254
1738183836.2638385,11.858445016924161,4.187351949142778,5.0,12.788530349731445,1.706368088722229
1738183836.288092,11.81362061468773,4.246672516643262,5.0,12.904959678649902,1.6798527240753174
1738183836.3118532,11.790394418363823,4.306934724791231,5.0,12.984094619750977,1.667146921157837
1738183836.337623,11.696633937200867,4.366520450031237,5.0,13.104700088500977,1.6556700468063354
1738183836.3600829,11.681671926790349,4.434872283939062,5.0,13.186112403869629,1.6531741619110107
1738183836.382884,11.671950753856983,4.501292533439755,5.0,13.309368133544922,1.6572233438491821
1738183836.4074492,11.674520361220361,4.56563435269838,5.0,13.392075538635254,1.6651289463043213
1738183836.4319503,11.594705251392798,4.627133872274893,5.0,13.474984169006348,1.67723548412323
1738183836.4543571,11.604193074018147,4.694153390310646,5.0,13.557944297790527,1.6935205459594727
1738183836.478103,11.630156896608025,4.757708271048053,5.0,13.6820707321167,1.7257136106491089
1738183836.501812,11.557599295400708,4.817754355200852,5.0,13.764384269714355,1.7523391246795654
1738183836.526023,11.583154978965858,4.882320850684843,5.0,13.84618091583252,1.7830458879470825
1738183836.5513303,11.631746316705662,4.942797796640542,5.0,13.967522621154785,1.8366186618804932
1738183836.57614,11.585101388623007,4.9988741952508,5.0,14.086785316467285,1.8990849256515503
1738183836.596844,11.625779607253081,5.058212990819084,5.0,14.164875984191895,1.9455373287200928
1738183836.6212337,11.670842869777484,5.113030177328013,5.0,14.241681098937988,1.9957524538040161
1738183836.6443548,11.634344453367582,5.163321399518366,5.0,14.354165077209473,2.0780184268951416
1738183836.6696775,11.684388793479227,5.215836944873276,5.0,14.427128791809082,2.137338876724243
1738183836.6930707,11.737800975569016,5.263364949689746,5.0,14.498332023620605,2.2001402378082275
1738183836.7209008,11.707473146778058,5.306339077974324,5.0,14.601484298706055,2.300689697265625
1738183836.743196,11.763629027869701,5.351077522385053,5.0,14.667652130126953,2.3718039989471436
1738183836.7676172,11.73761543288373,5.390826743351608,5.0,14.76270580291748,2.4843645095825195
1738183836.7901287,11.796110864098697,5.432029101071004,5.0,14.823064804077148,2.563181161880493
1738183836.814135,11.8568110662033,5.4681041059070745,5.0,14.880892753601074,2.6448941230773926
1738183836.8380072,11.833802993445184,5.499439053207988,5.0,14.962610244750977,2.7726352214813232
1738183836.8613322,11.89638861205896,5.53183366660931,5.0,15.013548851013184,2.861093044281006
1738183836.884738,11.994221250990204,5.559223750334695,5.0,15.084392547607422,2.9984230995178223
1738183836.9093158,11.94165826158872,5.580431541676554,5.0,15.127720832824707,3.092885971069336
1738183836.9331274,12.008901791998372,5.604040238633425,5.0,15.167786598205566,3.1895291805267334
1738183836.9531174,11.993426872685069,5.622789129350686,5.0,15.221535682678223,3.3382506370544434
1738183836.9755046,12.064315814308937,5.642099877540942,5.0,15.252959251403809,3.4397060871124268
1738183836.9991267,12.137689157896597,5.656366250606751,5.0,15.280719757080078,3.5428428649902344
1738183837.021637,12.092883450350522,5.665973313333351,5.0,15.304722785949707,3.6475064754486084
1738183837.0443578,12.170630251882413,5.6779087443581755,5.0,15.324872016906738,3.7535312175750732
1738183837.0627906,12.293153736340166,5.684657478430232,5.0,15.347661018371582,3.914734363555908
1738183837.0916467,12.257992481287015,5.684908546362344,5.0,15.357757568359375,4.023392677307129
1738183837.1138115,12.392241803816766,5.687547754291405,5.0,15.36524486541748,4.187681674957275
1738183837.1391892,12.365518801167871,5.683166777437228,5.0,15.365052223205566,4.297796726226807
1738183837.1615071,12.511290084173735,5.6814006267671,5.0,15.356886863708496,4.463369369506836
1738183837.1839993,12.611430669095821,5.672584977407282,5.0,15.346185684204102,4.573734760284424
1738183837.2044053,12.594773817823857,5.659584695409682,5.0,15.33127212524414,4.683858394622803
1738183837.2231846,12.698751449793022,5.649528327784243,5.0,15.312180519104004,4.7935404777526855
1738183837.2456803,12.803048763003687,5.635041760368532,5.0,15.288931846618652,4.902584075927734
1738183837.268772,12.79488103743502,5.616619986362443,5.0,15.261563301086426,5.010796070098877
1738183837.2938907,12.899984831888927,5.6013252162577105,5.0,15.230146408081055,5.117988586425781
1738183837.3165977,12.953939511843304,5.581808428125293,5.0,15.175485610961914,5.276440143585205
1738183837.3424852,13.0573155273443,5.562888117158938,5.0,15.134140968322754,5.380255222320557
1738183837.3649912,13.124750135894477,5.539845971787103,5.0,15.0650634765625,5.53272819519043
1738183837.3849483,13.224191053778041,5.51740344479108,5.0,15.014495849609375,5.631959438323975
1738183837.403928,13.319677086857947,5.491000241259697,5.0,14.96047592163086,5.729032039642334
1738183837.424762,13.35431505063122,5.4610054024313825,5.0,14.903118133544922,5.823757171630859
1738183837.4471648,13.44664170297035,5.4344426949388005,5.0,14.842607498168945,5.915990829467773
1738183837.4645767,13.534613314092782,5.404147183886997,5.0,14.779062271118164,6.005579948425293
1738183837.4874766,13.587511111510578,5.370448510743662,5.0,14.712632179260254,6.092414379119873
1738183837.5127664,13.670852758451863,5.340194150899491,5.0,14.64348316192627,6.176383018493652
1738183837.5369244,13.780721508239468,5.306457064007302,5.0,14.53489875793457,6.296724319458008
1738183837.556784,13.855218604363642,5.273209432211561,5.0,14.45942211151123,6.37315559387207
1738183837.575607,13.92335357988217,5.236782438007833,5.0,14.381683349609375,6.446463108062744
1738183837.5976756,13.976335084985447,5.197355533130124,5.0,14.301843643188477,6.5165534019470215
1738183837.6179168,14.02753661303564,5.161271764906085,5.0,14.220121383666992,6.58339786529541
1738183837.6397588,14.072573148223471,5.122231876908607,5.0,14.136672973632812,6.646934986114502
1738183837.658323,14.102537705625707,5.080413427345641,5.0,14.051643371582031,6.7071123123168945
1738183837.6804426,14.132439695034945,5.04185287667416,5.0,13.965095520019531,6.763935089111328
1738183837.6963704,14.152326692828295,5.000657230689611,5.0,13.877288818359375,6.817320346832275
1738183837.719231,14.168547980762883,4.962559397666171,5.0,13.78831958770752,6.867326259613037
1738183837.7363,14.180029089460618,4.922020132397156,5.0,13.698448181152344,6.913951873779297
1738183837.7560809,14.18555933666172,4.879088189624944,5.0,13.607828140258789,6.957201957702637
1738183837.7768521,14.184642093245863,4.83927897988195,5.0,13.516645431518555,6.997216701507568
1738183837.8016112,14.18591975463661,4.797455741979301,5.0,13.425037384033203,7.034072399139404
1738183837.8234239,14.167401993941322,4.758829332745986,5.0,13.287046432495117,7.0835652351379395
1738183837.8483555,14.149126928904296,4.716024721235817,5.0,13.194735527038574,7.112876892089844
1738183837.8770957,14.131568615907392,4.676939818452651,5.0,13.102325439453125,7.1393232345581055
1738183837.9057093,14.09945795883625,4.63618970568313,5.0,12.963830947875977,7.1740498542785645
1738183837.9400203,14.06740386361528,4.5960540872256725,5.0,12.825607299804688,7.203405857086182
1738183837.9697647,14.033782918273227,4.556950892870163,5.0,12.6878662109375,7.2281999588012695
1738183837.9978652,14.044327680182569,4.522235513098871,5.0,12.550787925720215,7.249228000640869
1738183838.024035,14.050590006985733,4.490377400811681,5.0,12.414339065551758,7.267223358154297
1738183838.0462437,14.024718254537186,4.457585871898406,5.0,12.278739929199219,7.282758712768555
1738183838.0757644,14.051720539877964,4.421140706709199,5.0,12.188844680786133,7.292114734649658
1738183838.0967412,14.037002503364196,4.386149024123805,5.0,12.05493450164795,7.305167198181152
1738183838.1171257,14.033576982438685,4.348984953140077,5.0,11.966285705566406,7.313523769378662
1738183838.1394289,14.069624089767615,4.3111753241410655,5.0,11.8782320022583,7.321909427642822
1738183838.1631083,14.071270179005362,4.27671258624513,5.0,11.790847778320312,7.330532550811768
1738183838.1866076,14.082975835327185,4.242766815837891,5.0,11.661099433898926,7.344385623931885
1738183838.212189,14.096686108540707,4.209457291595284,5.0,11.575444221496582,7.354601860046387
1738183838.236981,14.11478419863266,4.1773847208101955,5.0,11.490528106689453,7.365848541259766
1738183838.2633677,14.157445050149821,4.146822909046305,5.0,11.364516258239746,7.3851094245910645
1738183838.288566,14.188675389192584,4.123979523292786,5.0,11.240346908569336,7.407917022705078
1738183838.3139,14.21275957923205,4.1049431177719615,5.0,11.158626556396484,7.425412654876709
1738183838.3356109,14.2452810488798,4.088707320324213,5.0,11.037790298461914,7.455562591552734
1738183838.3565884,14.258376419877047,4.07694212813248,5.0,10.958473205566406,7.478558540344238
1738183838.3801794,14.27065764266859,4.068465817200597,5.0,10.880258560180664,7.504039287567139
1738183838.4024658,14.277845827437249,4.070648440851815,5.0,10.803247451782227,7.532144546508789
1738183838.4267633,14.280355347458254,4.076693479185549,5.0,10.690199851989746,7.57959508895874
1738183838.447124,14.273578073711242,4.088156063274143,5.0,10.616613388061523,7.61491584777832
1738183838.4717584,14.268173437614879,4.102992208640396,5.0,10.544590950012207,7.6532979011535645
1738183838.4935138,14.246150556317017,4.121068040107839,5.0,10.439881324768066,7.716797828674316
1738183838.516674,14.221941929443037,4.152650612353868,5.0,10.372554779052734,7.763099193572998
1738183838.5396662,14.198884428426489,4.186941110224478,5.0,10.307412147521973,7.8125834465026855
1738183838.5618968,14.17573708019684,4.223119111031201,5.0,10.244646072387695,7.8652777671813965
1738183838.582963,14.142825084534621,4.260680591263761,5.0,10.184416770935059,7.921145915985107
1738183838.6080432,14.096546599486643,4.29941898492454,5.0,10.099224090576172,8.010750770568848
1738183838.6309485,14.06613869966912,4.3493373765612375,5.0,10.046135902404785,8.074275016784668
1738183838.6511948,14.035130723874962,4.399362210355099,5.0,9.996190071105957,8.140727996826172
1738183838.6757734,14.000462847460874,4.449194457378356,5.0,9.949542999267578,8.209981918334961
1738183838.6982872,13.955194239194578,4.4985532337117045,5.0,9.886101722717285,8.318877220153809
1738183838.7168276,13.929002515994439,4.556439571303086,5.0,9.848349571228027,8.394630432128906
1738183838.7336154,13.907074065995731,4.612288119679141,5.0,9.814352989196777,8.472740173339844
1738183838.751617,13.882372377881861,4.665920443980575,5.0,9.784230709075928,8.553068161010742
1738183838.7700944,13.872982867900422,4.717219048397924,5.0,9.770653247833252,8.594015121459961
1738183838.7921922,13.85915093379163,4.765929903811763,5.0,9.746516704559326,8.677369117736816
1738183838.811252,13.848454485615251,4.820604299078169,5.0,9.726453304290771,8.762517929077148
1738183838.836437,13.846920296020782,4.8722499503728836,5.0,9.704168796539307,8.893211364746094
1738183838.8581855,13.845098943783555,4.920760364983334,5.0,9.694589138031006,8.982056617736816
1738183838.8793862,13.85556910337314,4.974201417057847,5.0,9.689257144927979,9.072054862976074
1738183838.9025068,13.86358768325032,5.023982145969549,5.0,9.688212394714355,9.163020133972168
1738183838.925097,13.89066360514486,5.070161208866871,5.0,9.694710731506348,9.300870895385742
1738183838.9472337,13.908535923620441,5.119840997493291,5.0,9.704404354095459,9.393394470214844
1738183838.969251,13.931846094210306,5.165091877687555,5.0,9.718389987945557,9.486200332641602
1738183838.991501,13.959584362024021,5.206348208668137,5.0,9.736654281616211,9.579111099243164
1738183839.014134,14.002547266212058,5.251185374897383,5.0,9.771978855133057,9.718228340148926
1738183839.0392342,14.035886934055485,5.290589116389913,5.0,9.800778865814209,9.81054401397705
1738183839.0637956,14.082028469560226,5.32574765781884,5.0,9.851765632629395,9.947945594787598
1738183839.0892909,14.118175959151596,5.363103623478223,5.0,9.890861988067627,10.03857707977295
1738183839.1156964,14.156364357695432,5.395807021385631,5.0,9.933988571166992,10.128206253051758
1738183839.143729,14.198952691934267,5.424227720660932,5.0,10.006099700927734,10.260361671447754
1738183839.1735156,14.25374774964675,5.454341552186625,5.0,10.086896896362305,10.389272689819336
1738183839.201205,14.287200533753785,5.478434413010946,5.0,10.176170349121094,10.514311790466309
1738183839.2297616,14.335302196610101,5.503760326723732,5.0,10.273618698120117,10.634903907775879
1738183839.255585,14.342430756854949,5.522774356880813,5.0,10.342992782592773,10.712528228759766
1738183839.282858,14.381469827633332,5.54440523521868,5.0,10.453457832336426,10.824386596679688
1738183839.3077884,14.389717980450655,5.559196317105278,5.0,10.57128620147705,10.930254936218262
1738183839.3349314,14.411107772754201,5.57449681441901,5.0,10.653738975524902,10.997236251831055
1738183839.3720622,14.41711539961365,5.584459088312799,5.0,10.827489852905273,11.12179946899414
1738183839.4035645,14.44787777449647,5.5928530690319125,5.0,10.964988708496094,11.206452369689941
1738183839.4345236,14.441580703445602,5.593906001490125,5.0,11.108013153076172,11.283182144165039
1738183839.470118,14.485578195119885,5.595353390549803,5.0,11.256016731262207,11.351600646972656
1738183839.5013337,14.492064436605139,5.589604200864138,5.0,11.408387184143066,11.411437034606934
1738183839.5362673,14.583671826937543,5.584240314513775,5.0,11.617326736450195,11.477324485778809
1738183839.5641,14.60910329874743,5.5694350750479344,5.0,11.777545928955078,11.516098022460938
1738183839.5969856,14.640161849626086,5.555126571664946,5.0,11.940057754516602,11.545638084411621
1738183839.6270862,14.747015725413185,5.541071403575492,5.0,12.104211807250977,11.565922737121582
1738183839.6588984,14.789394824607747,5.520034177339888,5.0,12.269381523132324,11.577009201049805
1738183839.6915655,14.970167174187326,5.499584654579424,5.0,12.490121841430664,11.577691078186035
1738183839.7226868,15.018850743981108,5.469616729687786,5.0,12.655159950256348,11.567721366882324
1738183839.7549624,15.170659606684852,5.440504035394275,5.0,12.819036483764648,11.549052238464355
1738183839.7849443,15.214326517556385,5.404901545422915,5.0,12.981083869934082,11.521903038024902
1738183839.8229444,15.372790932733935,5.370319252379983,5.0,13.140743255615234,11.486614227294922
1738183839.8525546,15.467415935948333,5.329483591386853,5.0,13.349120140075684,11.42748737335205
1738183839.884173,15.507458552262573,5.286954222433692,5.0,13.501571655273438,11.374412536621094
1738183839.9152377,15.672940942830081,5.245515035040924,5.0,13.650219917297363,11.314229965209961
1738183839.9496891,15.716142420912089,5.198235718159858,5.0,13.794730186462402,11.247392654418945
1738183839.981824,15.821935414082935,5.152215634839062,5.0,13.980508804321289,11.148665428161621
1738183840.0132604,15.993158495475615,5.10431260666895,5.0,14.114448547363281,11.06779670715332
1738183840.045614,16.054422925023967,5.051332829663837,5.0,14.243551254272461,10.98166275024414
1738183840.0767868,16.126134215251913,4.999758967694743,5.0,14.367597579956055,10.890715599060059
1738183840.114697,16.300633510325746,4.949509279559185,5.0,14.486420631408691,10.795372009277344
1738183840.1518257,16.443443340940526,4.894850972829487,5.0,14.636606216430664,10.66202163696289
1738183840.1833239,16.599455176678767,4.838971140697871,5.0,14.777652740478516,10.522356033325195
1738183840.214566,16.710523137516024,4.782578571069699,5.0,14.877522468566895,10.413986206054688
1738183840.249511,16.83359373971985,4.729323649441871,5.0,14.972404479980469,10.303149223327637
1738183840.2907014,17.000689326599968,4.679417998993073,5.0,15.091561317443848,10.152438163757324
1738183840.3156455,17.152180066166707,4.635950520614892,5.0,15.175952911376953,10.037806510925293
1738183840.336758,17.300791926764695,4.5965659249408715,5.0,15.256840705871582,9.921989440917969
1738183840.3586452,17.391979392799627,4.562726146340777,5.0,15.309030532836914,9.844470977783203
1738183840.3843188,17.478394949779215,4.526481533810016,5.0,15.360032081604004,9.766936302185059
1738183840.4028907,17.589237021241352,4.492179505171799,5.0,15.434810638427734,9.650967597961426
1738183840.424784,17.655882245850172,4.458229595899554,5.0,15.483733177185059,9.573927879333496
1738183840.4464328,17.711870989740287,4.422689433400185,5.0,15.532044410705566,9.497224807739258
1738183840.4702525,17.758916926773757,4.385696484935737,5.0,15.579903602600098,9.42099380493164
1738183840.4889734,17.801643965004004,4.351940209605014,5.0,15.627462387084961,9.345364570617676
1738183840.511647,17.84066530054033,4.317851747584502,5.0,15.698578834533691,9.233254432678223
1738183840.5351784,17.860031802441963,4.282990294999088,5.0,15.746153831481934,9.159490585327148
1738183840.5585442,17.865188517450985,4.253268086955877,5.0,15.794055938720703,9.08667278289795
1738183840.580783,17.86414652835143,4.224772810313119,5.0,15.842435836791992,9.014925003051758
1738183840.6041577,17.85194095489024,4.197511358687913,5.0,15.891461372375488,8.944356918334961
1738183840.6269758,17.808390737135028,4.171860073515241,5.0,15.966643333435059,8.841001510620117
1738183840.6503582,17.76704346057427,4.148879746589279,5.0,16.01811122894287,8.773869514465332
1738183840.6724632,17.718851141861684,4.134508945791175,5.0,16.070813179016113,8.708317756652832
1738183840.6937985,17.638798213787226,4.123259613432418,5.0,16.15259075164795,8.613226890563965
1738183840.7154205,17.58194607557082,4.11640928086409,5.0,16.20909595489502,8.552165031433105
1738183840.7379763,17.523511489831783,4.1127480691746126,5.0,16.267319679260254,8.493128776550293
1738183840.7614534,17.463964276103212,4.112401747245233,5.0,16.32738971710205,8.436286926269531
1738183840.7865186,17.32080398819446,4.115418297232907,5.0,16.421101570129395,8.355443954467773
1738183840.8076737,17.255543837154733,4.131735455012667,5.0,16.48604965209961,8.304713249206543
1738183840.8298678,17.192871295073797,4.151452763007119,5.0,16.553037643432617,8.256728172302246
1738183840.8537261,17.133998172407754,4.174196716585797,5.0,16.622057914733887,8.211642265319824
1738183840.8765635,16.973373566814185,4.199760832098276,5.0,16.72930335998535,8.149808883666992
1738183840.8995926,16.91902043380655,4.238193487057496,5.0,16.80319118499756,8.112730026245117
1738183840.9229832,16.870915696598797,4.278192540764688,5.0,16.878902435302734,8.079139709472656
1738183840.946523,16.812339380151872,4.319328552524076,5.0,16.995685577392578,8.035590171813965
1738183840.9682832,16.78233807550436,4.362656112941334,5.0,17.075510025024414,8.011347770690918
1738183840.9902637,16.6508056617671,4.406364482610145,5.0,17.156757354736328,7.9910736083984375
1738183841.0136595,16.6317322514249,4.459209703436588,5.0,17.239285469055176,7.974862575531006
1738183841.0359597,16.619968388352525,4.511581711249074,5.0,17.365151405334473,7.958407878875732
1738183841.0588431,16.503378027564132,4.563817713837728,5.0,17.450175285339355,7.9527997970581055
1738183841.0813873,16.51138026393017,4.622997637163691,5.0,17.535888671875,7.951537609100342
1738183841.103478,16.528770395445072,4.679775587132273,5.0,17.62212371826172,7.954686641693115
1738183841.1273422,16.571338401550275,4.734098535441468,5.0,17.751999855041504,7.967750072479248
1738183841.143939,16.48068370610128,4.786010221867104,5.0,17.838661193847656,7.982024192810059
1738183841.1662903,16.52528964254054,4.843385993587498,5.0,17.92516803741455,8.000763893127441
1738183841.194719,16.578028784875176,4.897439390959676,5.0,18.011335372924805,8.02396011352539
1738183841.21315,16.538803490444725,4.948179527529029,5.0,18.139556884765625,8.067017555236816
1738183841.2348297,16.60775532866985,5.003216040913115,5.0,18.224035263061523,8.101170539855957
1738183841.2583158,16.68315036795026,5.054329836186489,5.0,18.307504653930664,8.139626502990723
1738183841.2776089,16.76470283026634,5.101418464328694,5.0,18.389801025390625,8.182310104370117
1738183841.2984793,16.717536368839518,5.144557227270164,5.0,18.470760345458984,8.229143142700195
1738183841.3194938,16.80868634558709,5.191369037554654,5.0,18.550193786621094,8.280068397521973
1738183841.340795,16.904677563401584,5.233735232773142,5.0,18.62795066833496,8.334983825683594
1738183841.366487,16.923118002617333,5.272013055619011,5.0,18.741100311279297,8.424604415893555
1738183841.3892062,17.028359508194004,5.312699211050163,5.0,18.813940048217773,8.489031791687012
1738183841.4109056,17.136945889848544,5.348792563150865,5.0,18.88453483581543,8.557066917419434
1738183841.4344873,17.173563643610915,5.380665710226858,5.0,18.985919952392578,8.66561508178711
1738183841.4572546,17.288929681610625,5.4144125307706945,5.0,19.050260543823242,8.742133140563965
1738183841.4798317,17.27717580553487,5.44351558299556,5.0,19.11185073852539,8.821821212768555
1738183841.4951,17.39736184979828,5.475475705756906,5.0,19.170568466186523,8.90454387664795
1738183841.512736,17.5198371890159,5.502594876103386,5.0,19.226276397705078,8.990181922912598
1738183841.5273426,17.517270897946595,5.525182234268742,5.0,19.278844833374023,9.078605651855469
1738183841.5488286,17.580509674540824,5.550434874510529,5.0,19.303918838500977,9.123814582824707
1738183841.5702922,17.708641850642675,5.5724646527630695,5.0,19.351577758789062,9.21615219116211
1738183841.5885363,17.838781235275,5.589926764641438,5.0,19.39580535888672,9.310930252075195
1738183841.6058886,17.84651268364218,5.602982361508554,5.0,19.436477661132812,9.40799617767334
1738183841.627868,17.981202720630197,5.618638386179584,5.0,19.47348976135254,9.50717830657959
1738183841.6480803,18.11772713350753,5.629218354678441,5.0,19.50673484802246,9.608305931091309
1738183841.6672606,18.134623845450758,5.635489609962934,5.0,19.53615379333496,9.711194038391113
1738183841.689535,18.275542888398167,5.644375965363368,5.0,19.56167984008789,9.815654754638672
1738183841.707541,18.41780782462102,5.64830666393646,5.0,19.583209991455078,9.9215087890625
1738183841.7294858,18.443442896913567,5.647973956801926,5.0,19.600656509399414,10.028571128845215
1738183841.7504406,18.58935543627664,5.650348968026672,5.0,19.613998413085938,10.136640548706055
1738183841.765029,18.735680771837774,5.647909989818819,5.0,19.623199462890625,10.245519638061523
1738183841.784737,18.76743547916334,5.641282931431486,5.0,19.628238677978516,10.35501480102539
1738183841.8064084,18.91492799010337,5.6374891938702785,5.0,19.62911605834961,10.464925765991211
1738183841.8254244,19.061473618384433,5.629061221800576,5.0,19.62578773498535,10.575057029724121
1738183841.8405168,19.095206848603773,5.616560800736345,5.0,19.61825942993164,10.685211181640625
1738183841.864793,19.16789385102893,5.60705105635834,5.0,19.612953186035156,10.74023723602295
1738183841.8860643,19.38201007204817,5.595451005080405,5.0,19.590831756591797,10.904806137084961
1738183841.9072556,19.415075552139015,5.5774645462656425,5.0,19.570951461791992,11.013870239257812
1738183841.9287746,19.552845351493335,5.562587187544487,5.0,19.547014236450195,11.122198104858398
1738183841.9466457,19.586931989593523,5.543465596829234,5.0,19.519044876098633,11.229598999023438
1738183841.975269,19.719641286207608,5.5275712358690665,5.0,19.48714828491211,11.335887908935547
1738183841.9931822,19.909645800499305,5.507386306065403,5.0,19.432138442993164,11.492850303649902
1738183842.0148876,19.942285610648778,5.4807360394756275,5.0,19.39083480834961,11.595535278320312
1738183842.038644,20.0618880833952,5.457561214303867,5.0,19.345975875854492,11.696410179138184
1738183842.0658402,20.153673337470572,5.430449682125902,5.0,19.27228546142578,11.843961715698242
1738183842.0816195,20.26438117043574,5.404145498552677,5.0,19.219030380249023,11.939665794372559
1738183842.1043496,20.317648833177362,5.374027773982061,5.0,19.19121742248535,11.986665725708008
1738183842.1254468,20.402545294195825,5.343143564226042,5.0,19.103229522705078,12.124040603637695
1738183842.1463861,20.500297925789813,5.3131687131267515,5.0,19.040985107421875,12.2124605178833
1738183842.1650612,20.533773214981593,5.2795759208506885,5.0,18.976022720336914,12.298216819763184
1738183842.1852922,20.624140321273686,5.2497255770396265,5.0,18.908458709716797,12.381196022033691
1738183842.2043538,20.708486064138704,5.2162169510126555,5.0,18.838449478149414,12.461331367492676
1738183842.2203376,20.740193428602254,5.179371309495003,5.0,18.766143798828125,12.538567543029785
1738183842.2414896,20.778832780750776,5.146387729246408,5.0,18.729169845581055,12.576067924499512
1738183842.2624996,20.852268776143752,5.112722350890024,5.0,18.65373992919922,12.648731231689453
1738183842.2780175,20.91576298861344,5.075697352733379,5.0,18.53697967529297,12.751998901367188
1738183842.3017902,20.97606973933719,5.039660467622133,5.0,18.45693588256836,12.816993713378906
1738183842.3227458,21.00339305311161,5.000398915500325,5.0,18.37529182434082,12.878846168518066
1738183842.3438528,21.05426128832962,4.965023237336169,5.0,18.29222297668457,12.937555313110352
1738183842.3651457,21.09837945001542,4.926341571638345,5.0,18.207889556884766,12.993138313293457
1738183842.3847518,21.11973038118142,4.884621954274284,5.0,18.12242317199707,13.045583724975586
1738183842.4025714,21.154772164666124,4.846847796646995,5.0,18.03597068786621,13.094881057739258
1738183842.4247334,21.1740871063972,4.805927015436097,5.0,17.948668479919434,13.14103889465332
1738183842.4463823,21.20117825378305,4.768856943789152,5.0,17.860651969909668,13.184082984924316
1738183842.4711103,21.222388534231133,4.7286165196503385,5.0,17.772077560424805,13.224119186401367
1738183842.494943,21.235170763210334,4.685459120028301,5.0,17.683080673217773,13.261239051818848
1738183842.5221581,21.248897643214313,4.646262044049696,5.0,17.548895835876465,13.311678886413574
1738183842.5488307,21.243456468136067,4.601235161864242,5.0,17.41423988342285,13.356013298034668
1738183842.5781033,21.22317356644421,4.557530154593941,5.0,17.279370307922363,13.394673347473145
1738183842.6042593,21.196552175441834,4.515114285848946,5.0,17.144529342651367,13.428007125854492
1738183842.6324446,21.178357416219868,4.474051014619748,5.0,17.05477523803711,13.447494506835938
1738183842.6597826,21.15219757055348,4.437206937344758,5.0,16.92066478729248,13.472997665405273
1738183842.691279,21.135719732961483,4.401659851769397,5.0,16.831637382507324,13.487747192382812
1738183842.723862,21.102516735769363,4.370279731258954,5.0,16.654743194580078,13.512748718261719
1738183842.7543101,21.0689810942893,4.33759983475543,5.0,16.522950172424316,13.528434753417969
1738183842.788642,21.013208538543257,4.306672356436523,5.0,16.391955375671387,13.542196273803711
1738183842.8223276,20.90418392278877,4.277524597003926,5.0,16.218624114990234,13.558853149414062
1738183842.8606422,20.805986695277216,4.247726082498964,5.0,16.089567184448242,13.571089744567871
1738183842.896151,20.661569302756106,4.219922680597076,5.0,15.91887378692627,13.588325500488281
1738183842.9289346,20.53600741864706,4.191615785835934,5.0,15.791903495788574,13.602879524230957
1738183842.9611337,20.399638438324747,4.1651489836925,5.0,15.665980339050293,13.619523048400879
1738183842.9972732,20.218602055651758,4.14047001373898,5.0,15.49982738494873,13.646148681640625
1738183843.0284948,20.064664930197328,4.115350169013015,5.0,15.376799583435059,13.670234680175781
1738183843.0597744,19.905026823833534,4.091884534970867,5.0,15.255411148071289,13.698460578918457
1738183843.0878959,19.74210185416912,4.06998880196559,5.0,15.135870933532715,13.731375694274902
1738183843.1165268,19.578238950238358,4.049567698002746,5.0,15.018549919128418,13.769436836242676
1738183843.1441963,19.41712589426876,4.030531276882846,5.0,14.903884887695312,13.812850952148438
1738183843.1718462,19.263779240227137,4.012810450159796,5.0,14.792168617248535,13.861700057983398
1738183843.2005954,19.12148275874686,3.9963580234076406,5.0,14.683747291564941,13.916112899780273
1738183843.2313836,18.999432614933728,3.9811356823084507,5.0,14.61345100402832,13.955461502075195
1738183843.260725,18.880508514096334,3.9693335173362794,5.0,14.511271476745605,14.019004821777344
1738183843.29067,18.789052074455313,3.9585594736472727,5.0,14.381298065185547,14.111809730529785
1738183843.3211038,18.699120631510027,3.9464432682895545,5.0,14.319145202636719,14.161537170410156
1738183843.3510487,18.658185861937646,3.9377714648987534,5.0,14.200743675231934,14.26718807220459
1738183843.378483,18.618213253894094,3.927540399164845,5.0,14.117179870605469,14.351381301879883
1738183843.407024,18.560299339847862,3.918291868204354,5.0,14.063968658447266,14.409651756286621
1738183843.4353743,18.544332196494665,3.9123601508847567,5.0,13.987720489501953,14.499800682067871
1738183843.4625957,18.540465852170367,3.907045086251686,5.0,13.91557788848877,14.592896461486816
1738183843.4918978,18.546542948698594,3.902351610958559,5.0,13.847267150878906,14.688551902770996
1738183843.5229826,18.680358948120265,3.898265564132514,5.0,13.78238582611084,14.786334991455078
1738183843.5506716,18.7012913756061,3.8875614024138483,5.0,13.720335006713867,14.885746002197266
1738183843.5805023,18.678167238486445,3.877668739102567,5.0,13.680367469787598,14.952752113342285
1738183843.612397,18.70625011579638,3.8710697931145224,5.0,13.622210502624512,15.054079055786133
1738183843.6379542,18.78749467247591,3.8651982103547726,5.0,13.547160148620605,15.190099716186523
1738183843.666495,18.77059170159908,3.857718034231994,5.0,13.510300636291504,15.258309364318848
1738183843.6947849,18.922872708317463,3.8534889511638384,5.0,13.455388069152832,15.36060619354248
1738183843.7245076,18.959188490266047,3.842562645222957,5.0,13.400474548339844,15.462666511535645
1738183843.754669,18.997759773328106,3.8328078144621687,5.0,13.344976425170898,15.56415843963623
1738183843.7848074,19.038767647396217,3.8242464893067325,5.0,13.288468360900879,15.664791107177734
1738183843.8126261,19.082649519107047,3.8168694450608056,5.0,13.230508804321289,15.76428508758545
1738183843.8398428,19.13005188203522,3.8106535441872116,5.0,13.170652389526367,15.862351417541504
1738183843.8675358,19.230191552463598,3.8055627927724176,5.0,13.129485130310059,15.926788330078125
1738183843.894777,19.281695430458253,3.796113869211685,5.0,13.065567970275879,16.02178955078125
1738183843.9223127,19.33768458188531,3.788180667953732,5.0,12.998831748962402,16.114593505859375
1738183843.9490075,19.398201107262178,3.7815710301564867,5.0,12.92912483215332,16.204862594604492
1738183843.9794233,19.41491251965408,3.776165660820744,5.0,12.880948066711426,16.26350975036621
1738183844.009616,19.483805943811195,3.773985113359403,5.0,12.806081771850586,16.349029541015625
1738183844.0357382,19.555536247954823,3.7727523860978973,5.0,12.728025436401367,16.43138313293457
1738183844.0637045,19.68605580555508,3.7723434380672116,5.0,12.646761894226074,16.510393142700195
1738183844.092182,19.753644910159228,3.765234628539739,5.0,12.562295913696289,16.58584976196289
1738183844.1193945,19.820144466574583,3.759348331624519,5.0,12.474870681762695,16.657695770263672
1738183844.1448257,19.850703944720614,3.754488543389074,5.0,12.415005683898926,16.703475952148438
1738183844.173323,19.917251720538854,3.752766580817549,5.0,12.322965621948242,16.76885223388672
1738183844.2060907,19.979847588519313,3.7517394595092197,5.0,12.22848892211914,16.830400466918945
1738183844.2357938,20.03701084748339,3.751318603102382,5.0,12.131782531738281,16.888202667236328
1738183844.2654095,20.08753535644261,3.7514333717574524,5.0,12.033065795898438,16.942378997802734
1738183844.2959056,20.130397120416642,3.7520219468425213,5.0,11.93256950378418,16.993104934692383
1738183844.3241658,20.1648299636619,3.7530298733773093,5.0,11.83051872253418,17.040603637695312
1738183844.3580177,20.20164586784061,3.7544096838972734,5.0,11.727082252502441,17.085002899169922
1738183844.3826745,20.219629395560375,3.748677159991908,5.0,11.622458457946777,17.126544952392578
1738183844.4106863,20.230166926059518,3.7436678990059797,5.0,11.516901969909668,17.165586471557617
1738183844.4395719,20.230845047096075,3.7393504618659765,5.0,11.446126937866211,17.190370559692383
1738183844.4701612,20.229491799000332,3.7381093088730495,5.0,11.30387020111084,17.2374210357666
1738183844.5001373,20.21888965290701,3.7349704691543972,5.0,11.196706771850586,17.27088165283203
1738183844.5304892,20.205828678575564,3.732490034241867,5.0,11.125092506408691,17.292476654052734
1738183844.556804,20.195133682896955,3.7330439594778873,5.0,11.017529487609863,17.32411003112793
1738183844.5881221,20.170027467190504,3.726464117771024,5.0,10.909867286682129,17.355180740356445
1738183844.6141944,20.140169054734383,3.7208032553002077,5.0,10.802209854125977,17.385974884033203
1738183844.6433573,20.106207118636224,3.7160640046518827,5.0,10.694692611694336,17.416790008544922
1738183844.6728885,20.068820832933174,3.712235827642709,5.0,10.587410926818848,17.44791603088379
1738183844.7010207,20.028449610536192,3.7093012955569344,5.0,10.480447769165039,17.47964859008789
1738183844.7333903,19.985608785829985,3.7072374557806316,5.0,10.373872756958008,17.512258529663086
1738183844.765559,19.93860020651409,3.706015382603525,5.0,10.2677583694458,17.546016693115234
1738183844.7977974,19.882086510428657,3.7055944422137013,5.0,10.162174224853516,17.581165313720703
1738183844.829377,19.811891430356038,3.7059081373335263,5.0,10.057198524475098,17.617937088012695
1738183844.8656316,19.727085698526665,3.7068585181294718,5.0,9.91831636428833,17.66983985900879
1738183844.8977828,19.63719132960963,3.706030926402933,5.0,9.815084457397461,17.711153030395508
1738183844.9327996,19.54147472122446,3.705717880262493,5.0,9.71271276473999,17.754547119140625
1738183844.9650342,19.444859287257056,3.7057994861797288,5.0,9.577730178833008,17.815818786621094
1738183844.9968975,19.344663815362622,3.703834913318756,5.0,9.477696418762207,17.864328384399414
1738183845.0288203,19.245301848316853,3.702231642817679,5.0,9.378722667694092,17.914928436279297
1738183845.0658805,19.16279037688939,3.7009743548616214,5.0,9.248422145843506,17.985445022583008
1738183845.1113427,19.073782659201626,3.697744317343821,5.0,9.151939392089844,18.04049301147461
1738183845.1519785,19.030684782513646,3.6952382503498304,5.0,8.993468761444092,18.135990142822266
1738183845.1999125,18.836657711706074,3.6889729851711657,5.0,8.868611335754395,18.215301513671875
1738183845.233771,18.819777259718094,3.6890163646086216,5.0,8.714504718780518,18.317102432250977
1738183845.2783747,18.75705078398023,3.688041051492528,5.0,8.62278699874878,18.379146575927734
1738183845.342486,18.583871631896564,3.691038501407413,5.0,8.500938415527344,18.46242332458496
1738183845.3879523,18.486812014589972,3.7042864406102587,5.0,8.286092281341553,18.60572052001953
1738183845.4337726,18.43712373917956,3.7225806546406757,5.0,8.161173343658447,18.684406280517578
1738183845.4796312,18.388540471463752,3.7428114725111223,5.0,8.001845359802246,18.77797508239746
1738183845.5223265,18.444938459179575,3.764131923685586,5.0,7.871306896209717,18.847932815551758
1738183845.5758166,18.359226475754262,3.780584426253207,5.0,7.703646659851074,18.927602767944336
1738183845.6197898,18.256201036160046,3.8001604989495115,5.0,7.5306572914123535,18.99665069580078
1738183845.6776252,18.140529316065198,3.8240427151657146,5.0,7.352390289306641,19.052980422973633
1738183845.7320194,18.017404533203166,3.8528859515775116,5.0,7.169275283813477,19.09454917907715
1738183845.7837617,18.037976617465297,3.887033202820393,5.0,6.944525241851807,19.122278213500977
1738183845.847801,17.912444406762823,3.917088257467981,5.0,6.754717826843262,19.125003814697266
1738183845.9000854,17.797271424109734,3.952139725515659,5.0,6.526662826538086,19.1019287109375
1738183845.947729,17.689373564923333,3.991015201131487,5.0,6.3389997482299805,19.059701919555664
1738183845.9946332,17.593892404763867,4.0334219222714225,5.0,6.156069755554199,18.996068954467773
1738183846.0415184,17.511782848725517,4.07852651720661,5.0,5.980432033538818,18.910987854003906
1738183846.0874653,17.546254750390418,4.125095504547013,5.0,5.814683437347412,18.804903030395508
1738183846.1354063,17.47408168615909,4.163416264067968,5.0,5.690949440002441,18.705453872680664
1738183846.1830978,17.4190015681628,4.2030488872205325,5.0,5.549496412277222,18.563894271850586
1738183846.2159808,17.37327109946876,4.242047696417021,5.0,5.425004482269287,18.404748916625977
1738183846.2758763,17.40260727148091,4.279429102031533,5.0,5.339148283004761,18.266096115112305
1738183846.3103771,17.3616896081322,4.307663772040416,5.0,5.2504332065582275,18.080595016479492
1738183846.3447018,17.31073393888781,4.333563162569762,5.0,5.194939851760864,17.924209594726562
1738183846.3763783,17.201279545789152,4.358160082358654,5.0,5.162620306015015,17.803176879882812
1738183846.4149823,17.104048612503885,4.375237803880729,5.0,5.13199520111084,17.637910842895508
1738183846.4498947,17.053369217283183,4.391238304906898,5.0,5.118377685546875,17.511798858642578
1738183846.4819596,16.888028833498353,4.407713130119361,5.0,5.112596035003662,17.341815948486328
1738183846.5154414,16.843523564989496,4.41465597926199,5.0,5.117282867431641,17.213638305664062
1738183846.5408108,16.719085865093753,4.4223223161595335,5.0,5.129417181015015,17.08539581298828
1738183846.571025,16.67727010208849,4.422794037637587,5.0,5.1486876010894775,16.9575138092041
1738183846.6068404,16.634468038063964,4.424145546314169,5.0,5.174835205078125,16.83039665222168
1738183846.6347146,16.51590377560464,4.426176239650153,5.0,5.207490682601929,16.704381942749023
1738183846.6632938,16.475693355823424,4.421058210002285,5.0,5.246378421783447,16.579782485961914
1738183846.6924477,16.364458944735976,4.41684959825027,5.0,5.291208028793335,16.45688247680664
1738183846.7217288,16.328899650471804,4.40572881418513,5.0,5.341655492782593,16.335922241210938
1738183846.7508206,16.228336383894433,4.39572562294214,5.0,5.397400379180908,16.217117309570312
1738183846.780829,16.229191180244914,4.379043810842699,5.0,5.437340497970581,16.139205932617188
1738183846.809,16.13918268212173,4.366139106304539,5.0,5.501176118850708,16.02438735961914
1738183846.8386898,16.113103512530547,4.346618450480492,5.0,5.569424629211426,15.912191390991211
1738183846.8661947,16.066517219967636,4.328396808367473,5.0,5.6416707038879395,15.802891731262207
1738183846.8986375,16.00940773733975,4.311173254853076,5.0,5.7175915241241455,15.69664478302002
1738183846.9281878,15.958565899860853,4.287467514818931,5.0,5.796915054321289,15.593517303466797
1738183846.958171,15.913280642189008,4.264912071925763,5.0,5.879385232925415,15.493596076965332
1738183846.9929998,15.865494394878876,4.243141709144568,5.0,5.993825197219849,15.365457534790039
1738183847.022613,15.834827372763268,4.21931500422102,5.0,6.082807540893555,15.273159980773926
1738183847.0570817,15.803609869913245,4.189408416380378,5.0,6.174262523651123,15.184187889099121
1738183847.086406,15.789040197930055,4.16038711727081,5.0,6.267944812774658,15.098610877990723
1738183847.117463,15.765323990102054,4.13208082401173,5.0,6.363536357879639,15.016375541687012
1738183847.1522555,15.757808141844237,4.104578349326449,5.0,6.460849285125732,14.937484741210938
1738183847.1852374,15.742902556520171,4.078167075933751,5.0,6.592852592468262,14.837209701538086
1738183847.2235394,15.743693510029319,4.0508166056542,5.0,6.693228244781494,14.765265464782715
1738183847.4195726,15.779440460063508,4.026132350853767,5.0,6.828431606292725,14.673303604125977
1738183847.453085,16.186091431355024,4.0151239832737255,5.0,7.512608051300049,14.244510650634766
1738183847.475061,16.21873495325617,4.008530721040589,5.0,7.580792427062988,14.201794624328613
1738183847.4983346,16.33206776464578,4.004011292798445,5.0,7.682293891906738,14.13672161102295
1738183847.5229802,16.37095509615463,4.003179832307152,5.0,7.749187469482422,14.092336654663086
1738183847.5424106,16.437399069224323,4.001172835926476,5.0,7.848143100738525,14.023945808410645
1738183847.5628548,16.486970543668352,3.9976642717352355,5.0,7.913086891174316,13.977005004882812
1738183847.5834153,16.579717583761315,3.993502580840645,5.0,7.977079391479492,13.92885971069336
1738183847.6057625,16.62954876487972,3.996030270041144,5.0,8.039998531341553,13.879416465759277
1738183847.629702,16.68213901869109,3.998718131899147,5.0,8.101747989654541,13.82858943939209
1738183847.652901,16.789486964769594,4.001491597248313,5.0,8.191950798034668,13.749529838562012
1738183847.6725175,16.838534458343556,4.012457237851892,5.0,8.250271320343018,13.694811820983887
1738183847.6981595,16.88815301817328,4.024145045317532,5.0,8.306995868682861,13.638418197631836
1738183847.7260826,16.962316702135077,4.0364159396166635,5.0,8.388792514801025,13.550559043884277
1738183847.7491632,17.00918891023322,4.050042891370211,5.0,8.440902709960938,13.489733695983887
1738183847.7697074,17.047473397851185,4.0727503894403645,5.0,8.49092149734497,13.42708683013916
1738183847.7953835,17.087835875465547,4.096361506940461,5.0,8.56169843673706,13.329683303833008
1738183847.8184962,17.10248519178843,4.121212041248521,5.0,8.60582447052002,13.262441635131836
1738183847.8403618,17.106315689282585,4.146237819196347,5.0,8.647355079650879,13.193376541137695
1738183847.8612518,17.10473713108591,4.1802335584601265,5.0,8.686155796051025,13.122522354125977
1738183847.8876898,17.070781410335076,4.214248639420677,5.0,8.738887310028076,13.012950897216797
1738183847.9096863,17.04177467150571,4.248688249139304,5.0,8.770216941833496,12.937826156616211
1738183847.934608,16.997419086910135,4.282650854976837,5.0,8.798348426818848,12.861126899719238
1738183847.95614,16.907801538015324,4.324990956218097,5.0,8.834228992462158,12.743307113647461
1738183847.9802783,16.842061802080007,4.366917344329234,5.0,8.853793144226074,12.66309642791748
1738183848.000913,16.76130646633342,4.407588888711659,5.0,8.869763374328613,12.581682205200195
1738183848.0258925,16.624398641409666,4.455513411459125,5.0,8.88672399520874,12.45756721496582
1738183848.0478685,16.524789009284,4.501346502383865,5.0,8.893270492553711,12.373723983764648
1738183848.0687468,16.416208710368053,4.544659193467043,5.0,8.8959379196167,12.28916072845459
1738183848.0961595,16.305591881115994,4.593936827008784,5.0,8.89463472366333,12.204021453857422
1738183848.1188362,16.119092479345493,4.640221727070842,5.0,8.885168552398682,12.07557487487793
1738183848.1397917,15.992455203832249,4.6833497964888435,5.0,8.873816013336182,11.989715576171875
1738183848.16016,15.858027887056416,4.731549587529438,5.0,8.858372211456299,11.903871536254883
1738183848.1812265,15.723897042618669,4.776236203318593,5.0,8.838842868804932,11.818204879760742
1738183848.2080193,15.584724969614893,4.817484864887766,5.0,8.815237998962402,11.732874870300293
1738183848.235469,15.371035921309684,4.855364889857688,5.0,8.772192478179932,11.60595417022705
1738183848.257065,15.145209716037934,4.896872374618995,5.0,8.720062732696533,11.480863571166992
1738183848.280492,14.99745487234048,4.9334925324352135,5.0,8.680349826812744,11.398797988891602
1738183848.3023484,14.843396168376996,4.973758962745943,5.0,8.636693477630615,11.318007469177246
1738183848.3252597,14.615351780784348,5.0096115797247736,5.0,8.563965797424316,11.199565887451172
1738183848.344815,14.458342403518378,5.040412141807987,5.0,8.510769844055176,11.122692108154297
1738183848.3659499,14.304298502942261,5.074513799578509,5.0,8.45386552810669,11.04770278930664
1738183848.3860812,14.151438741366574,5.104133383071843,5.0,8.393346786499023,10.974751472473145
1738183848.4108539,13.99088606056445,5.129579726102719,5.0,8.329309463500977,10.9039888381958
1738183848.4329805,13.758353651719776,5.158173173074964,5.0,8.226850986480713,10.802334785461426
1738183848.4559166,13.59953275537527,5.180897739233762,5.0,8.154444217681885,10.73780632019043
1738183848.4781816,13.446305932491223,5.206514010619696,5.0,8.07889986038208,10.676037788391113
1738183848.499528,13.286196092878122,5.227467781859978,5.0,8.000324726104736,10.617196083068848
1738183848.5218105,13.128834136428596,5.244091721770465,5.0,7.918841361999512,10.561430931091309
1738183848.542528,12.900980863883213,5.256368751280931,5.0,7.7914862632751465,10.483853340148926
1738183848.5642529,12.747109041228528,5.269837488017918,5.0,7.703396797180176,10.43638801574707
1738183848.5866807,12.599924001391656,5.278444509266292,5.0,7.61294412612915,10.39248275756836
1738183848.6112835,12.448853339792567,5.289983049073977,5.0,7.520291805267334,10.35226821899414
1738183848.6315606,12.3045242839732,5.296654027551397,5.0,7.425647258758545,10.315771102905273
1738183848.6552312,12.091446378203335,5.299050316277102,5.0,7.280357837677002,10.268146514892578
1738183848.6749086,11.9623523662204,5.302371074185929,5.0,7.181556701660156,10.241239547729492
1738183848.7017148,11.818306935080656,5.30102663708995,5.0,7.081411838531494,10.218320846557617
1738183848.726968,11.645081005099428,5.302696228302601,5.0,6.929091930389404,10.191560745239258
1738183848.7539563,11.542532200141656,5.297629283174551,5.0,6.826440334320068,10.178763389587402
1738183848.7771935,11.357822854522066,5.288426998757626,5.0,6.671280384063721,10.167183876037598
1738183848.796659,11.277089093746085,5.280139248487677,5.0,6.567331790924072,10.164546966552734
1738183848.8210223,11.10220228717607,5.267594150716325,5.0,6.411130428314209,10.168257713317871
1738183848.8455477,11.071254806044157,5.255859355143791,5.0,6.3590850830078125,10.171515464782715
1738183848.8707783,10.993345203811714,5.242287904065859,5.0,6.203328609466553,10.18732738494873
1738183848.8890476,10.861561101422236,5.222542552064799,5.0,6.100032806396484,10.202831268310547
1738183848.916489,10.829132387437385,5.205950768731969,5.0,5.997366189956665,10.222227096557617
1738183848.9418728,10.691276062198858,5.185389625734895,5.0,5.8449883460998535,10.258500099182129
1738183848.965283,10.674533334160397,5.165289422602807,5.0,5.6952128410339355,10.303064346313477
1738183848.9870808,10.55593913699154,5.138834695047274,5.0,5.59708309173584,10.337240219116211
1738183849.0111165,10.560397595690823,5.115332606875774,5.0,5.500542163848877,10.374841690063477
1738183849.0280702,10.57226597561638,5.088169133105696,5.0,5.405752658843994,10.415731430053711
1738183849.0529742,10.478039708918415,5.057655186016048,5.0,5.267050504684448,10.483051300048828
1738183849.0750299,10.50837935373919,5.027316381860229,5.0,5.177096605300903,10.531694412231445
1738183849.095673,10.414652560227312,4.993823850658595,5.0,5.089328765869141,10.583210945129395
1738183849.116232,10.45801612078386,4.963020738038223,5.0,5.0038816928863525,10.637482643127441
1738183849.1431923,10.507499188055561,4.9291318896596215,5.0,4.920865297317505,10.694388389587402
1738183849.166572,10.463804848753142,4.892373755900554,5.0,4.800896167755127,10.784421920776367
1738183849.1927068,10.531169648420223,4.8555165077012425,5.0,4.724107503890991,10.847372055053711
1738183849.2104304,10.515021605000333,4.816272253531492,5.0,4.613908290863037,10.945817947387695
1738183849.2313228,10.59992929892319,4.77699335579973,5.0,4.543697834014893,11.013887405395508
1738183849.2559319,10.56739259118815,4.735850084425631,5.0,4.476167678833008,11.083717346191406
1738183849.2739248,10.665442565526787,4.697459882779546,5.0,4.411347389221191,11.15512466430664
1738183849.2945266,10.652309066758862,4.6573001244953325,5.0,4.3492431640625,11.227945327758789
1738183849.3234305,10.761520457943723,4.619986874488852,5.0,4.289871454238892,11.30204963684082
1738183849.3459792,10.826924057214951,4.581307699474424,5.0,4.205668926239014,11.415199279785156
1738183849.369418,10.849468828791853,4.5430947218798,5.0,4.152520179748535,11.491774559020996
1738183849.398265,10.884327168143551,4.508118141134173,5.0,4.101680040359497,11.569083213806152
1738183849.4295669,10.861609702792963,4.476238209424828,5.0,4.029465198516846,11.68626880645752
1738183849.456048,10.99650774629507,4.450790989416094,5.0,3.961487054824829,11.804404258728027
1738183849.4817345,11.12581660525615,4.423079119090341,5.0,3.896856904029846,11.923226356506348
1738183849.504209,11.229741320840205,4.392717764869442,5.0,3.8553977012634277,12.002663612365723
1738183849.5304415,11.330684247157297,4.359775737421615,5.0,3.79530131816864,12.121987342834473
1738183849.5522852,11.410688165632967,4.325067246911597,5.0,3.7563822269439697,12.201425552368164
1738183849.5826073,11.514837229241738,4.28885224624848,5.0,3.6993253231048584,12.320074081420898
1738183849.6094663,11.600211132919421,4.25045572685452,5.0,3.643260955810547,12.43790054321289
1738183849.6344717,11.588794660844494,4.210768735591743,5.0,3.6060739755630493,12.515829086303711
1738183849.6617534,11.633075708582355,4.174057597038617,5.0,3.5501060485839844,12.631572723388672
1738183849.6877682,11.65882282879065,4.138146687409461,5.0,3.4933438301086426,12.745467185974121
1738183849.7149196,11.666349317943244,4.103748914241424,5.0,3.454721689224243,12.820222854614258
1738183849.7412462,11.664491439240038,4.07124480302448,5.0,3.395214080810547,12.930274963378906
1738183849.7665272,11.648423339225776,4.041673116376943,5.0,3.3331899642944336,13.037555694580078
1738183849.7960513,11.525075070222377,4.0157063435920355,5.0,3.290170669555664,13.107380867004395
1738183849.8226826,11.48115645867145,3.998182160027752,5.0,3.2227967977523804,13.209205627441406
1738183849.8501794,11.431705172303607,3.9860240746061764,5.0,3.151515245437622,13.307220458984375
1738183849.8755565,11.397790985314998,3.979289121276898,5.0,3.101618528366089,13.370271682739258
1738183849.9033756,11.347852895932492,3.9764119888200673,5.0,3.0229153633117676,13.461066246032715
1738183849.931146,11.301833505412922,3.9794447719926196,5.0,2.939366638660431,13.546875
1738183849.9564507,11.117788652446045,3.9884199181388222,5.0,2.850819170475006,13.627203941345215
1738183849.9844081,11.094320361656548,4.011383431220576,5.0,2.7889633774757385,13.677428245544434
1738183850.0121527,11.068956982830608,4.038106701946127,5.0,2.6920067071914673,13.747394561767578
1738183850.0378923,11.055850918571677,4.070154941885367,5.0,2.5901957154273987,13.810382843017578
1738183850.0652955,10.909075494001712,4.106962118296771,5.0,2.519757568836212,13.848227500915527
1738183850.09109,10.919773884795845,4.15467176049152,5.0,2.410495162010193,13.8984375
1738183850.116354,10.943572936204028,4.2053584801118715,5.0,2.2972494065761566,13.940324783325195
1738183850.1429307,10.965837652983366,4.258130727104838,5.0,2.219772920012474,13.96343994140625
1738183850.1681106,10.880047253133165,4.311111010249321,5.0,2.1009224206209183,13.990649223327637
1738183850.197551,10.91713579992106,4.374123784122417,5.0,2.0201746989041567,14.003658294677734
1738183850.2228808,10.977935163637065,4.436193057551601,5.0,1.8972439169883728,14.015328407287598
1738183850.2497919,10.935093884880741,4.497625572696237,5.0,1.772614061832428,14.017404556274414
1738183850.2752829,10.984865166737837,4.56591870215012,5.0,1.6888972222805023,14.01339340209961
1738183850.2994845,11.058600868916505,4.63119025106418,5.0,1.5628691911697388,13.999269485473633
1738183850.3260336,11.043478281812755,4.693612852012033,5.0,1.4367853999137878,13.975358963012695
1738183850.3567135,11.093381652522774,4.761040857699862,5.0,1.3529762625694275,13.954018592834473
1738183850.380981,11.161946228948109,4.8245588809007,5.0,1.2281214594841003,13.91399097442627
1738183850.4065995,11.135379912733294,4.883945767711188,5.0,1.1457346677780151,13.882007598876953
1738183850.4390275,11.199913971119452,4.947371957254449,5.0,1.0238835215568542,13.826266288757324
1738183850.462445,11.248899455266956,5.005788682212486,5.0,0.9045805931091309,13.76136302947998
1738183850.4846263,11.203841896401268,5.05901360702537,5.0,0.7883909940719604,13.687560081481934
1738183850.513501,11.13825487097372,5.114475903508384,5.0,0.7129266262054443,13.633578300476074
1738183850.5357296,11.034970002120172,5.164828369179099,5.0,0.603101372718811,13.545604705810547
1738183850.5588765,11.037122591540308,5.209597583950353,5.0,0.5323402881622314,13.48245620727539
1738183850.583768,10.968242804953048,5.257038920420886,5.0,0.4636918306350708,13.415824890136719
1738183850.6121352,10.942779556587274,5.299350518793581,5.0,0.36499953269958496,13.309530258178711
1738183850.634062,10.836919329725845,5.34301002091431,5.0,0.2718331813812256,13.196011543273926
1738183850.6631186,10.76321599963535,5.380094556723903,5.0,0.2130265235900879,13.116518020629883
1738183850.6915648,10.747104134970751,5.412254853862772,5.0,0.13007652759552002,12.991836547851562
1738183850.7155344,10.6726831849317,5.445295696802445,5.0,0.07845711708068848,12.905296325683594
1738183850.7379272,10.66334643047599,5.473189626759598,5.0,0.006887674331665039,12.770691871643066
1738183850.7638686,10.550903127441947,5.501649170530269,5.0,-0.05731606483459473,12.630727767944336
1738183850.7860596,10.473232524195849,5.523251309824539,5.0,-0.09585952758789062,12.534676551818848
1738183850.808844,10.511231984730676,5.539834979468843,5.0,-0.1308307647705078,12.436602592468262
1738183850.8290305,10.434891937013473,5.558628197183077,5.0,-0.16213607788085938,12.336664199829102
1738183850.8486824,10.356901796658752,5.5719406731303165,5.0,-0.18967652320861816,12.23503589630127
1738183850.8786485,10.363145296728348,5.5805739390588025,5.0,-0.22376704216003418,12.079793930053711
1738183850.9034438,10.283528379758412,5.589404982776152,5.0,-0.2416088581085205,11.974693298339844
1738183850.9282188,10.290154568721682,5.59298767445215,5.0,-0.2608630657196045,11.815081596374512
1738183850.9553568,10.205938846952558,5.596880336392127,5.0,-0.2687113285064697,11.707647323608398
1738183850.9759223,10.206572322500906,5.595611819402855,5.0,-0.27286720275878906,11.545416831970215
1738183851.0021756,10.115141810842609,5.594637956418121,5.0,-0.2705838680267334,11.436814308166504
1738183851.0273132,9.969389790005197,5.588660094734938,5.0,-0.259584903717041,11.273697853088379
1738183851.0486913,10.004353084354692,5.575992706348129,5.0,-0.24719858169555664,11.165075302124023
1738183851.0737047,9.899776599300571,5.566151856129201,5.0,-0.23079562187194824,11.056769371032715
1738183851.0957572,9.87355348274528,5.551771119373056,5.0,-0.198699951171875,10.895310401916504
1738183851.1201885,9.760606591124766,5.537845021614976,5.0,-0.1724681854248047,10.788567543029785
1738183851.1432621,9.643935925728671,5.519464981993896,5.0,-0.14241719245910645,10.68274211883545
1738183851.1630497,9.60030589924825,5.49711138259302,5.0,-0.09035301208496094,10.526073455810547
1738183851.1842635,9.477287883638084,5.475399142997685,5.0,-0.05110478401184082,10.423246383666992
1738183851.2081394,9.488317625654272,5.449605209162567,5.0,-0.008327484130859375,10.321969032287598
1738183851.231906,9.365040069036231,5.427220013904006,5.0,0.03782463073730469,10.222453117370605
1738183851.2561722,9.179793921767729,5.400740882243197,5.0,0.11313819885253906,10.076742172241211
1738183851.2795029,9.190276487762238,5.367829124279735,5.0,0.1672142744064331,9.982181549072266
1738183851.3092558,9.008524770425435,5.3385826555753315,5.0,0.2537573575973511,9.844554901123047
1738183851.3296638,9.019495617514572,5.302884907884735,5.0,0.31495416164398193,9.755745887756348
1738183851.3519058,8.901982893015676,5.270917447086856,5.0,0.37886595726013184,9.669376373291016
1738183851.372058,8.857357181718847,5.235411748073558,5.0,0.4795098304748535,9.544692993164062
1738183851.3967278,8.746345375818834,5.200660537203495,5.0,0.5495254993438721,9.464937210083008
1738183851.419354,8.708765208718596,5.162611372820974,5.0,0.6585615873336792,9.350569725036621
1738183851.443567,8.656684774278503,5.12530260595533,5.0,0.6958885192871094,9.313871383666992
1738183851.4685986,8.504824394686903,5.087778031018476,5.0,0.8106064796447754,9.208135604858398
1738183851.4969428,8.479684838324191,5.044397023197669,5.0,0.9292775392532349,9.108953475952148
1738183851.5217314,8.387698286182301,5.001907059208209,5.0,1.010435163974762,9.046525955200195
1738183851.5444577,8.372739028744025,4.9569428740338015,5.0,1.1348249912261963,8.958585739135742
1738183851.5648503,8.291634945285546,4.9128425200386205,5.0,1.2193496227264404,8.903729438781738
1738183851.5850039,8.324629491203257,4.866613641699684,5.0,1.304917812347412,8.851893424987793
1738183851.605436,8.253088736247596,4.824055339787617,5.0,1.3913581371307373,8.8031005859375
1738183851.6306684,8.290041350618099,4.779386298254774,5.0,1.4784889817237854,8.75728702545166
1738183851.6580222,8.198640177123343,4.7382689383304015,5.0,1.6101986467838287,8.694008827209473
1738183851.6812277,8.239691545840808,4.692618984133822,5.0,1.6986204981803894,8.655339241027832
1738183851.7062697,8.16633473146303,4.650940095513198,5.0,1.8318489640951157,8.602437973022461
1738183851.7296772,8.209536894095724,4.605426757320547,5.0,1.9209664538502693,8.570392608642578
1738183851.7548451,8.249619188447106,4.5643318088889195,5.0,2.0101458821445704,8.540809631347656
1738183851.784812,8.275719198532988,4.527399223019972,5.0,2.1439004093408585,8.500618934631348
1738183851.8135374,8.395171764086777,4.492516377165293,5.0,2.277334064245224,8.464940071105957
1738183851.8412104,8.455643317290333,4.463850715552777,5.0,2.4102873504161835,8.43283462524414
1738183851.866921,8.533116348970989,4.434810146404555,5.0,2.5426888465881348,8.403480529785156
1738183851.8961613,8.629093553963077,4.4053040479000725,5.0,2.6306461095809937,8.385208129882812
1738183851.935185,8.742220533110379,4.377470345823486,5.0,2.8055521845817566,8.350990295410156
1738183851.960425,8.770539959355009,4.348557807024735,5.0,2.935828685760498,8.326558113098145
1738183851.9851427,8.802339018951695,4.317313651338476,5.0,3.022268295288086,8.3104829788208
1738183852.0103981,8.961817882232456,4.285160378674333,5.0,3.1511716842651367,8.286083221435547
1738183852.033833,9.043022084218732,4.256342418761731,5.0,3.278864622116089,8.260760307312012
1738183852.0629458,9.10870783252055,4.227694339913438,5.0,3.3632452487945557,8.242987632751465
1738183852.0906415,9.29960876592678,4.199670243655967,5.0,3.4884930849075317,8.214462280273438
1738183852.1191006,9.377653325449545,4.178306323850767,5.0,3.571060061454773,8.193914413452148
1738183852.1466472,9.505839995160892,4.158857991029,5.0,3.6933964490890503,8.160249710083008
1738183852.1705763,9.644375731383153,4.142062267903107,5.0,3.8136695623397827,8.122615814208984
1738183852.2003646,9.740633649521483,4.128496319194389,5.0,3.8925974369049072,8.095039367675781
1738183852.2221882,9.96574936761322,4.117473813752266,5.0,4.047007083892822,8.033087730407715
1738183852.2470405,10.054505627024762,4.119319832229497,5.0,4.12225079536438,7.998467922210693
1738183852.2768202,10.141573652920389,4.124356475147467,5.0,4.196049690246582,7.96121883392334
1738183852.2999675,10.266839739436318,4.132321918911252,5.0,4.303802251815796,7.900149822235107
1738183852.32561,10.34348656496882,4.144829584801242,5.0,4.373471260070801,7.855863571166992
1738183852.3500962,10.438272155020847,4.168533540610631,5.0,4.4742865562438965,7.783912658691406
1738183852.3747656,10.479691614091756,4.196630139602404,5.0,4.538769483566284,7.732232093811035
1738183852.403547,10.524765961613634,4.2265890519071085,5.0,4.630961656570435,7.649168968200684
1738183852.427905,10.536612398706305,4.259344041296045,5.0,4.717149972915649,7.5594801902771
1738183852.4506016,10.521938086838901,4.303353328227309,5.0,4.770982027053833,7.496109485626221
1738183852.4777963,10.500474383528259,4.347794095210126,5.0,4.821727514266968,7.4299516677856445
1738183852.5007305,10.438209587510723,4.392383687076114,5.0,4.89163875579834,7.3256659507751465
1738183852.5288093,10.349828945295457,4.437829786342896,5.0,4.953694820404053,7.2156572341918945
1738183852.5510743,10.279712903417803,4.492201382547717,5.0,4.9904539585113525,7.139339923858643
1738183852.572674,10.146796829259298,4.544828785150367,5.0,5.038325786590576,7.020789623260498
1738183852.6015055,10.049003397404242,4.595778957122506,5.0,5.065239667892456,6.939295768737793
1738183852.6282642,9.885862499553326,4.6528816925987595,5.0,5.0978381633758545,6.8137688636779785
1738183852.6516447,9.767066479723024,4.707170575186935,5.0,5.114260911941528,6.72817850112915
1738183852.6761074,9.643219940775342,4.758423263336701,5.0,5.126375675201416,6.641268253326416
1738183852.698091,9.438639672607323,4.814841403644577,5.0,5.1363136768341064,6.5088911056518555
1738183852.7241342,9.300734819665449,4.867322527785327,5.0,5.137393951416016,6.419575214385986
1738183852.7528424,9.08398540265635,4.916098044164043,5.0,5.130669832229614,6.284472942352295
1738183852.7787938,8.862420788584561,4.968294320553865,5.0,5.113863945007324,6.148679256439209
1738183852.8069944,8.706107498936701,5.015249997343226,5.0,5.097090482711792,6.058124542236328
1738183852.8331804,8.473429816687187,5.057944520104978,5.0,5.063628673553467,5.9227294921875
1738183852.8587482,8.233944357481302,5.1031649004885145,5.0,5.020287990570068,5.788504123687744
1738183852.8865511,8.072515404634029,5.142667918329317,5.0,4.9860053062438965,5.700008392333984
1738183852.9095814,7.828816703319257,5.1851804907617245,5.0,4.926607847213745,5.569215774536133
1738183852.9412305,7.5800395267503236,5.221536402997722,5.0,4.857851505279541,5.441349983215332
1738183852.9672515,7.416093403590777,5.259260944900082,5.0,4.806960105895996,5.358039379119873
1738183852.9949121,7.166937767849654,5.291834430689524,5.0,4.723211050033569,5.236472129821777
1738183853.0154023,6.91599736582526,5.318127717633132,5.0,4.630866765975952,5.1194610595703125
1738183853.0404007,6.747486558686579,5.345382328824152,5.0,4.564688682556152,5.044292449951172
1738183853.0582838,6.578571218050724,5.367151048781006,5.0,4.494931936264038,4.971595287322998
1738183853.084528,6.331694997838451,5.39141748316167,5.0,4.383908748626709,4.867467880249023
1738183853.1103084,6.166270902995372,5.408265978135738,5.0,4.305839776992798,4.80154275894165
1738183853.137931,5.93296113414346,5.420247816960069,5.0,4.183028221130371,4.7082295417785645
1738183853.1619985,5.777077837197324,5.432704307323695,5.0,4.097565174102783,4.6499247550964355
1738183853.1819448,5.56152452185147,5.439839408486443,5.0,3.9643818140029907,4.568608283996582
1738183853.2076435,5.420073908227846,5.447459295111844,5.0,3.8725273609161377,4.518618106842041
1738183853.2334418,5.286680088790408,5.449831345224059,5.0,3.7784180641174316,4.472108840942383
1738183853.2588956,5.107521922504254,5.447685891668821,5.0,3.6333887577056885,4.40907621383667
1738183853.278959,4.940154787634825,5.445948197486072,5.0,3.484320282936096,4.3541765213012695
1738183853.3029394,4.846326769707026,5.437034218827502,5.0,3.382982850074768,4.3222126960754395
1738183853.3286402,4.758525997478443,5.4309891941369886,5.0,3.2802982330322266,4.293973445892334
1738183853.3538983,4.676069384522485,5.420231270797486,5.0,3.176440954208374,4.26951265335083
1738183853.3802557,4.571432839638119,5.405248743265207,5.0,3.0188528299331665,4.239914417266846
1738183853.405351,4.484554809944754,5.390804463788501,5.0,2.8596274852752686,4.218836307525635
1738183853.4321449,4.439630448149344,5.376585812361773,5.0,2.752861201763153,4.209474563598633
1738183853.4595077,4.403699230526973,5.357874366488024,5.0,2.6457873582839966,4.2038493156433105
1738183853.4915557,4.351995406971749,5.335080324270196,5.0,2.431358516216278,4.20359992980957
1738183853.5224638,4.328277348903707,5.310235989143934,5.0,2.2710243463516235,4.2128729820251465
1738183853.5571885,4.301556080112788,5.278705914078441,5.0,2.1118073612451553,4.230095863342285
1738183853.5887103,4.269597686639385,5.2481513053010325,5.0,1.9542514011263847,4.25494384765625
1738183853.6247997,4.2799284205372805,5.2183479928109096,5.0,1.747543454170227,4.299549579620361
1738183853.6622767,4.256409351577142,5.179198035799841,5.0,1.5953875184059143,4.341219425201416
1738183853.6967185,4.242585601183475,5.141247605200935,5.0,1.3970882296562195,4.407192707061768
1738183853.7290127,4.288647752795229,5.101372115032297,5.0,1.2521641254425049,4.464179039001465
1738183853.764387,4.28707523194297,5.055622805513084,5.0,1.0646488666534424,4.549543857574463
1738183853.794076,4.2632918071776515,5.008295187825904,5.0,0.9286227226257324,4.620040416717529
1738183853.8260026,4.339139409933134,4.962255240804794,5.0,0.7965360879898071,4.695878505706787
1738183853.8588994,4.31788993121461,4.910964839606009,5.0,0.6688791513442993,4.776556491851807
1738183853.897089,4.322710889939261,4.861052471528165,5.0,0.5056997537612915,4.891181468963623
1738183853.929124,4.293611793996394,4.809532410462392,5.0,0.38894903659820557,4.981852054595947
1738183853.9620225,4.300012795746866,4.759672910852649,5.0,0.24055099487304688,5.108429908752441
1738183854.0002117,4.413392167550592,4.708802692389492,5.0,0.13467192649841309,5.207272529602051
1738183854.0343885,4.297035751008797,4.654922888418863,5.0,0.0005686283111572266,5.343343257904053
1738183854.0739896,4.287005582672495,4.606337728311391,5.0,-0.09505534172058105,5.44805383682251
1738183854.1255672,4.189832866276742,4.56232392308047,5.0,-0.21635675430297852,5.590315341949463
1738183854.1631293,4.16356287122413,4.526200064918297,5.0,-0.35976123809814453,5.7711615562438965
1738183854.1927257,4.230631274446309,4.494098471901428,5.0,-0.4696986675262451,5.917267322540283
1738183854.2246099,4.242290844082183,4.46091682482054,5.0,-0.5502996444702148,6.0270280838012695
1738183854.255345,4.244068194067033,4.428895645157537,5.0,-0.6298646926879883,6.136444091796875
1738183854.2855148,4.3584884731656475,4.398713186875249,5.0,-0.7088449001312256,6.245135307312012
1738183854.311513,4.461462324991537,4.366701410926478,5.0,-0.7877399921417236,6.35273551940918
1738183854.3396702,4.388511920465911,4.333435323982122,5.0,-0.8405771255493164,6.423643589019775
1738183854.3679106,4.469554876058819,4.305410398491498,5.0,-0.9205632209777832,6.528470039367676
1738183854.3993602,4.5435337115340735,4.278104903171204,5.0,-1.0018599033355713,6.63092565536499
1738183854.4336424,4.489561808207731,4.251977835547179,5.0,-1.1132500171661377,6.7631402015686035
1738183854.461499,4.5568417478312995,4.234832652625345,5.0,-1.1997087001800537,6.858419418334961
1738183854.4971657,4.629771653484187,4.221098452723505,5.0,-1.2892460823059082,6.949900150299072
1738183854.5294528,4.711633693122886,4.210993631507478,5.0,-1.3822176456451416,7.03706693649292
1738183854.5584464,4.664283178748514,4.204956711560696,5.0,-1.47894287109375,7.119332790374756
1738183854.5905035,4.779388371082633,4.211288600445295,5.0,-1.5796175003051758,7.196164608001709
1738183854.6206439,4.912402806041834,4.222481827800399,5.0,-1.684403657913208,7.266948699951172
1738183854.6524348,5.006948702271606,4.238183609611833,5.0,-1.8304944038391113,7.350960731506348
1738183854.6856656,5.193644941320544,4.268486626868892,5.0,-1.9446678161621094,7.405369758605957
1738183854.712996,5.395312367399458,4.302090917446627,5.0,-2.062474250793457,7.4517951011657715
1738183854.7483943,5.542368125074993,4.338200071021747,5.0,-2.183568000793457,7.489682674407959
1738183854.7823598,5.781199915459375,4.385356322322442,5.0,-2.3075003623962402,7.518547058105469
1738183854.8116705,5.942190415141392,4.43377618543266,5.0,-2.4762349128723145,7.542304039001465
1738183854.8398476,5.998326098613288,4.483659894606562,5.0,-2.5616812705993652,7.5476179122924805
1738183854.8653646,6.0142208741158445,4.540862798996883,5.0,-2.6906495094299316,7.547190189361572
1738183854.8989286,6.035786177516797,4.596305721834107,5.0,-2.820030689239502,7.536462783813477
1738183854.9328017,6.161768945674577,4.649604718180687,5.0,-2.9491233825683594,7.515358924865723
1738183854.9604297,6.217300574021659,4.708597680831258,5.0,-3.119478225708008,7.471005916595459
1738183854.991782,6.381485934899728,4.764036796935798,5.0,-3.2448997497558594,7.425698757171631
1738183855.0179152,6.414977712609126,4.823461805048181,5.0,-3.3270187377929688,7.389823913574219
1738183855.0509686,6.595248436506794,4.878376244428943,5.0,-3.447350025177002,7.327686786651611
1738183855.0801477,6.660065667112134,4.936066903336099,5.0,-3.6015052795410156,7.229732036590576
1738183855.1125124,6.688579349441074,4.987212920879624,5.0,-3.675405502319336,7.174506187438965
1738183855.1494925,6.8818501304966615,5.0335135675576925,5.0,-3.816002368927002,7.052145481109619
1738183855.182191,7.068705590040033,5.080532217280951,5.0,-3.9456825256347656,6.914842128753662
1738183855.218201,7.09017463923781,5.127383309727551,5.0,-4.034964561462402,6.802839756011963
1738183855.246946,7.2537864261575375,5.167385065378201,5.0,-4.116816997528076,6.683665752410889
1738183855.2764065,7.258475842666755,5.208004652426069,5.0,-4.190805912017822,6.5579023361206055
1738183855.3101096,7.403348948201984,5.2408037538582555,5.0,-4.256482124328613,6.4261298179626465
1738183855.345636,7.37790031733876,5.273819729932715,5.0,-4.33064603805542,6.242249965667725
1738183855.3748887,7.48948240904788,5.29709260096737,5.0,-4.375919342041016,6.0991106033325195
1738183855.4125414,7.438768732019019,5.320273472395342,5.0,-4.412100315093994,5.9522271156311035
1738183855.4444966,7.487653311461032,5.3355650396390635,5.0,-4.446086883544922,5.751742839813232
1738183855.4783833,7.396753538262162,5.348626107437542,5.0,-4.460880756378174,5.598785877227783
1738183855.5154555,7.3869609993716985,5.353872006412638,5.0,-4.46622371673584,5.392608642578125
1738183855.5471473,7.2575854739664525,5.356785140285929,5.0,-4.459632873535156,5.237123966217041
1738183855.5805647,7.189743361437087,5.352092521238439,5.0,-4.437053680419922,5.029825687408447
1738183855.6158993,7.1501889949186275,5.345026825325949,5.0,-4.41003942489624,4.87509298324585
1738183855.6448312,6.967801307810338,5.337769076183531,5.0,-4.374581813812256,4.721604824066162
1738183855.6766238,6.8966125357952714,5.323028757734405,5.0,-4.331058025360107,4.569823741912842
1738183855.71565,6.6152049960092985,5.3085026334723935,5.0,-4.261114597320557,4.370838642120361
1738183855.7487156,6.511930251124812,5.283958430477479,5.0,-4.200091361999512,4.2246785163879395
1738183855.7758882,6.27790638636146,5.25996594416982,5.0,-4.132190227508545,4.081511497497559
1738183855.809156,6.07140557218454,5.229039129737821,5.0,-4.031693935394287,3.8960437774658203
1738183855.8392663,5.93827586879459,5.196085027489323,5.0,-3.9495348930358887,3.7615153789520264
1738183855.8749878,5.682694461973024,5.1639592563087096,5.0,-3.861940860748291,3.631202459335327
1738183855.9080703,5.5398548624694,5.125233662559531,5.0,-3.7693772315979004,3.505342483520508
1738183855.9395497,5.305903435914315,5.087742081192111,5.0,-3.638883590698242,3.3447985649108887
1738183855.9717436,5.039719374699529,5.048447447163439,5.0,-3.5360751152038574,3.2299625873565674
1738183856.00537,4.888234525188229,5.002981466776667,5.0,-3.429440975189209,3.1200737953186035
1738183856.0389335,4.619895452905638,4.959157516201991,5.0,-3.3193507194519043,3.015289545059204
1738183856.076747,4.377601518550443,4.909488551535079,5.0,-3.167752265930176,2.883671522140503
1738183856.1084964,4.2252216332493475,4.858849049981821,5.0,-3.0507407188415527,2.7910397052764893
1738183856.138739,3.9849431714306602,4.810124957294746,5.0,-2.8909759521484375,2.675827980041504
1738183856.1731277,3.835964906662076,4.760283767654447,5.0,-2.7686023712158203,2.595621109008789
1738183856.2089846,3.569415748802352,4.712282456126017,5.0,-2.6444740295410156,2.520700454711914
1738183856.2430458,3.335834701889357,4.658851879419638,5.0,-2.476768970489502,2.4289028644561768
1738183856.275053,3.1934979686935385,4.6046795994769365,5.0,-2.3495359420776367,2.3660526275634766
1738183856.3091204,3.054974663417396,4.552653039568202,5.0,-2.221445083618164,2.308359146118164
1738183856.3469496,2.9560682803495757,4.502659922712914,5.0,-2.049849510192871,2.2391695976257324
1738183856.3816397,2.8262898148293614,4.458847013866426,5.0,-1.9207441806793213,2.1926651000976562
1738183856.4158268,2.620884062952057,4.416952700763729,5.0,-1.7482070922851562,2.1374855041503906
1738183856.4486268,2.5037927550038974,4.374128913029266,5.0,-1.6188647747039795,2.1007802486419678
1738183856.4800375,2.3941152803153,4.333466318033627,5.0,-1.4898505210876465,2.067613363265991
1738183856.5108693,2.340499331141088,4.294943236514672,5.0,-1.3186159133911133,2.0281665325164795
1738183856.5481355,2.2532716187723305,4.263186313607239,5.0,-1.1908109188079834,2.0015335083007812
1738183856.5792305,2.178546189964112,4.233536691820343,5.0,-1.0636746883392334,1.9768600463867188
1738183856.6179667,2.0651228010912765,4.205848564382624,5.0,-0.8951272964477539,1.9460519552230835
1738183856.6575327,2.026105880204543,4.17750929997315,5.0,-0.7695636749267578,1.923840880393982
1738183856.692317,1.9392416124011682,4.151168795532283,5.0,-0.5621585845947266,1.8866358995437622
1738183856.732312,1.9455145526689108,4.121929435358961,5.0,-0.4388713836669922,1.8632900714874268
1738183856.7671297,2.0062279594944954,4.094768639199908,5.0,-0.2760348320007324,1.8296489715576172
1738183856.802533,2.023011444736629,4.074608251156319,5.0,-0.1552581787109375,1.8018144369125366
1738183856.8426917,2.0403134787795536,4.055702474374737,5.0,0.003638744354248047,1.760288953781128
1738183856.8753426,2.0663626151813275,4.035781373670229,5.0,0.15985679626464844,1.7128264904022217
1738183856.9102545,2.066498839653217,4.0148902690364725,5.0,0.2749340534210205,1.6726666688919067
1738183856.944639,2.0085884710596993,3.995307738652099,5.0,0.4249762296676636,1.6124632358551025
1738183856.9820626,1.9233991146036014,3.9819245737897013,5.0,0.5346360206604004,1.562096118927002
1738183857.0208874,1.760425284186872,3.9693664221965026,5.0,0.6765012741088867,1.4877899885177612
1738183857.058308,1.5529746253189372,3.955397917300372,5.0,0.8130108118057251,1.4053442478179932
1738183857.0896623,1.3755577083475317,3.940142173337438,5.0,0.911524772644043,1.338201880455017
1738183857.127857,1.1197067398174039,3.926653549854673,5.0,1.037253737449646,1.2419183254241943
1738183857.1562278,0.9215046172746775,3.9118839065339945,5.0,1.1272404789924622,1.165022611618042
1738183857.1962862,0.6566880304619992,3.899322012271352,5.0,1.2412771582603455,1.056799292564392
1738183857.229059,0.4637068561822349,3.8933355763040844,5.0,1.3224848508834839,0.9719164967536926
1738183857.2616189,0.27941118130017334,3.888351756388227,5.0,1.4002307057380676,0.8842254281044006
1738183857.2982302,0.050912471105856276,3.884744418386791,5.0,1.4989923238754272,0.7635448575019836
1738183857.3296425,0.1561540371096867,3.8793323201857657,5.0,1.592829406261444,0.6393526196479797
1738183857.3662705,0.25160899272703907,3.8726513992544,5.0,1.6381566226482391,0.5762060880661011
1738183857.3982718,0.4264463509401548,3.869267214567325,5.0,1.7262647449970245,0.4483491778373718
1738183857.432987,0.5452386113159686,3.8642368087710564,5.0,1.790514349937439,0.35142260789871216
1738183857.4696474,0.6883411667836613,3.8598998480499667,5.0,1.8746633380651474,0.2214430272579193
1738183857.5046787,0.8094889107939774,3.853833512328269,5.0,1.9580637030303478,0.09123167395591736
1738183857.5365872,0.9013630606259101,3.853743568264939,5.0,2.0208623744547367,-0.00610104575753212
1738183857.5641937,0.975212118592241,3.846476691373701,5.0,2.084374725818634,-0.10284587740898132
1738183857.6023188,1.0777996127360778,3.8400841705117306,5.0,2.1489957869052887,-0.1987190693616867
1738183857.6351027,1.131814392383619,3.826923105564474,5.0,2.237336963415146,-0.324761301279068
1738183857.66909,1.1856144538358309,3.82040676707048,5.0,2.3056373298168182,-0.41754481196403503
1738183857.7067647,1.2719102975368248,3.814713815645028,5.0,2.399817258119583,-0.5384376645088196
1738183857.7407854,1.3207661697114994,3.8076095194550814,5.0,2.473137676715851,-0.6266688704490662
1738183857.7714329,1.3689157043689146,3.8014394013072175,5.0,2.548907995223999,-0.7125939130783081
1738183857.7966564,1.41713264711553,3.7961875190111467,5.0,2.627210795879364,-0.7959413528442383
1738183857.8354688,1.5147545658353352,3.7918106611714144,5.0,2.735621929168701,-0.9027840495109558
1738183857.8673716,1.5707180374551992,3.7859704440186848,5.0,2.8199185729026794,-0.9795040488243103
1738183857.9028807,1.631207655533921,3.781013146208919,5.0,2.906662106513977,-1.0532082319259644
1738183857.9372432,1.7561217065617252,3.7768880233751676,5.0,3.0259357690811157,-1.1467052698135376
1738183857.9707718,1.8298586887290937,3.7712041271148213,5.0,3.1179572343826294,-1.2131630182266235
1738183858.0025046,1.9742680446726024,3.7663704826648163,5.0,3.243710517883301,-1.2969791889190674
1738183858.0405107,2.0595674602998004,3.7599577031620535,5.0,3.340145230293274,-1.3562567234039307
1738183858.0760837,2.1483836271969814,3.7544174054472625,5.0,3.438192367553711,-1.4125322103500366
1738183858.1139328,2.311386813423291,3.749682785873076,5.0,3.5710275173187256,-1.4832442998886108
1738183858.1473122,2.3609243341547215,3.743304497337606,5.0,3.7058544158935547,-1.5495412349700928
1738183858.1807117,2.459351309774022,3.7429230967015923,5.0,3.808078646659851,-1.5965925455093384
1738183858.2102387,2.6324751565711875,3.7431140253399175,5.0,3.945552349090576,-1.6562955379486084
1738183858.2439227,2.7337121949195295,3.741401972855832,5.0,4.04939079284668,-1.6991856098175049
1738183858.2777457,2.835711783190178,3.7403173421845315,5.0,4.153702735900879,-1.7408063411712646
1738183858.3143544,3.05763689925552,3.739823004364541,5.0,4.25832986831665,-1.7815194129943848
1738183858.346203,3.1160106855187806,3.7322298157213516,5.0,4.398143768310547,-1.8348640203475952
1738183858.3798687,3.2199889354779025,3.7309190715000233,5.0,4.503066539764404,-1.874485969543457
1738183858.4132185,3.3990105340380787,3.730249436543367,5.0,4.642815589904785,-1.9272929430007935
1738183858.44995,3.5068415237093866,3.727827522769353,5.0,4.747427701950073,-1.9672348499298096
1738183858.4801643,3.6949297565883823,3.726111584136079,5.0,4.8864665031433105,-2.021419048309326
1738183858.513312,3.817317069658261,3.722687033722867,5.0,4.990285873413086,-2.063063621520996
1738183858.5417142,3.950163374568432,3.719944434280495,5.0,5.093585252761841,-2.105818033218384
1738183858.5805812,4.095378732570444,3.7177816346365042,5.0,5.196256160736084,-2.149866819381714
1738183858.6060812,4.329959314740094,3.7160910279111197,5.0,5.332093000411987,-2.2107229232788086
1738183858.6393044,4.503960623048141,3.7124168236088364,5.0,5.433075904846191,-2.2581393718719482
1738183858.6720958,4.692869963613246,3.709205664249414,5.0,5.533245801925659,-2.307100772857666
1738183858.7033675,4.897009889670631,3.7064418821335297,5.0,5.632510423660278,-2.3576900959014893
1738183858.7415195,5.115787063257398,3.704168194529617,5.0,5.730831146240234,-2.409907579421997
1738183858.7672007,5.415568731398975,3.7025047194572447,5.0,5.860501527786255,-2.4818954467773438
1738183858.8050067,5.626662303289025,3.699293598199344,5.0,5.956797122955322,-2.5374345779418945
1738183858.8353255,5.839509990317863,3.697467833267744,5.0,6.0523600578308105,-2.5940945148468018
1738183858.8666713,6.039851919244331,3.6973964147784706,5.0,6.147301197052002,-2.6516566276550293
1738183858.8988056,6.241787650442658,3.699542865098946,5.0,6.2419023513793945,-2.709681987762451
1738183858.9356208,6.4905650657011735,3.704435295353214,5.0,6.3679094314575195,-2.7872202396392822
1738183858.974399,6.674068770805288,3.7107073755754842,5.0,6.462732315063477,-2.844881057739258
1738183859.011839,6.911089315611527,3.721100701385798,5.0,6.5900959968566895,-2.9203109741210938
1738183859.0454402,7.135543798727553,3.7330985654861837,5.0,6.719054698944092,-2.9931998252868652
1738183859.0816069,7.29500351963299,3.746783037359538,5.0,6.817089557647705,-3.0457005500793457
1738183859.1218812,7.501271081988863,3.763740771978996,5.0,6.949898719787598,-3.112107276916504
1738183859.1560042,7.695743464098425,3.7830211975098003,5.0,7.0854387283325195,-3.173480987548828
1738183859.2019918,7.826902138192918,3.8052615957894504,5.0,7.18904972076416,-3.215587615966797
1738183859.2343485,8.033772521518625,3.823449660660795,5.0,7.365686893463135,-3.276912212371826
1738183859.2686834,8.142936838334384,3.844810757153532,5.0,7.473991394042969,-3.307664632797241
1738183859.3173923,8.296112707179665,3.871494663019019,5.0,7.658108234405518,-3.347362756729126
1738183859.358785,8.372077893221876,3.8932664345051142,5.0,7.770467281341553,-3.363602876663208
1738183859.3988335,8.469671908255872,3.9205457056068296,5.0,7.9600653648376465,-3.3767600059509277
1738183859.4413826,8.505316042085942,3.9519127173225956,5.0,8.074694633483887,-3.3757708072662354
1738183859.4804091,8.541666157634074,3.979152527491848,5.0,8.265952110290527,-3.3584189414978027
1738183859.522372,8.536574606795904,4.010226911968483,5.0,8.417901992797852,-3.3298137187957764
1738183859.5606105,8.517320032261528,4.045292521287436,5.0,8.56764030456543,-3.2877817153930664
1738183859.6063004,8.476744849671702,4.0748514459592995,5.0,8.713912010192871,-3.232114553451538
1738183859.6400547,8.418464712950641,4.1076504217261895,5.0,8.855413436889648,-3.162856340408325
1738183859.6859498,8.378203456283543,4.1428458562284955,5.0,8.990777969360352,-3.0801796913146973
1738183859.7209022,8.294497277143309,4.171189250079051,5.0,9.118656635284424,-2.9844532012939453
1738183859.7534761,8.199684498126683,4.201357793595712,5.0,9.237722396850586,-2.8762476444244385
1738183859.7966785,8.095627381789738,4.232739025202624,5.0,9.346633434295654,-2.7562649250030518
1738183859.8341634,8.049385203439462,4.264552602554974,5.0,9.4442138671875,-2.625430107116699
1738183859.862237,7.951925085237751,4.287822618888692,5.0,9.50936508178711,-2.520808458328247
1738183859.8965755,7.930126215582154,4.312673147044309,5.0,9.567250728607178,-2.411226272583008
1738183859.9337943,7.832885418696148,4.330582467973476,5.0,9.632630348205566,-2.2583322525024414
1738183859.9655004,7.745806213404825,4.348271398505919,5.0,9.672606945037842,-2.139348030090332
1738183859.9962687,7.750368858913415,4.366992127518038,5.0,9.704708576202393,-2.017347574234009
1738183860.0345113,7.682781073192161,4.378592730742291,5.0,9.735249996185303,-1.8509835004806519
1738183860.0631633,7.708929786031942,4.389418882201088,5.0,9.749040603637695,-1.724169373512268
1738183860.1006463,7.647124585921895,4.39326860744465,5.0,9.755138397216797,-1.5962163209915161
1738183860.1312683,7.598429560107355,4.398388549958282,5.0,9.751551628112793,-1.4247157573699951
1738183860.1627288,7.638575647576516,4.402367154424164,5.0,9.740295886993408,-1.2960385084152222
1738183860.1978745,7.57442167943265,4.399468154833229,5.0,9.721887588500977,-1.1677991151809692
1738183860.2286282,7.51870982559906,4.397800626971012,5.0,9.6867995262146,-0.9981542229652405
1738183860.2606757,7.562285416829383,4.394905311789721,5.0,9.652922630310059,-0.8723836541175842
1738183860.2929108,7.486171616209594,4.385300316062956,5.0,9.612850666046143,-0.7482150197029114
1738183860.330143,7.530236205630412,4.377023750079477,5.0,9.56695556640625,-0.6259012222290039
1738183860.3615408,7.451633326666122,4.3622477072067,5.0,9.51547622680664,-0.5057151913642883
1738183860.3901632,7.388798980250417,4.348948229937423,5.0,9.43861436843872,-0.34918731451034546
1738183860.429988,7.43201498617404,4.33443922355767,5.0,9.37520980834961,-0.2348821759223938
1738183860.4621055,7.360009159428452,4.313612150877323,5.0,9.307231426239014,-0.1235058531165123
1738183860.4967027,7.311224292062253,4.294220586821486,5.0,9.210031986236572,0.020071903243660927
1738183860.5290964,7.259747374082276,4.27340783133527,5.0,9.132541179656982,0.12389756739139557
1738183860.5645642,7.3065043963317855,4.253446513198588,5.0,9.051403045654297,0.224249929189682
1738183860.5958962,7.28931415821117,4.227287090747282,5.0,8.937978267669678,0.3525037169456482
1738183860.6293728,7.291295735680754,4.199568162236988,5.0,8.81917953491211,0.4744245409965515
1738183860.6628535,7.296182282332312,4.170061452804566,5.0,8.726916313171387,0.5615496039390564
1738183860.6981666,7.32084606285678,4.141323966281206,5.0,8.632139205932617,0.644941508769989
1738183860.7285552,7.383249206976586,4.113358494319517,5.0,8.502470016479492,0.7503886818885803
1738183860.7598622,7.4373211750862,4.0838116838275935,5.0,8.403133869171143,0.8253377079963684
1738183860.7918174,7.477584820321243,4.0559772498653315,5.0,8.302328109741211,0.8970713019371033
1738183860.8317645,7.5152063861150005,4.036353862444149,5.0,8.200418949127197,0.9658405780792236
1738183860.8773706,7.550929181120634,4.0213695771836795,5.0,8.063282489776611,1.0535731315612793
1738183860.9219327,7.568408062903927,4.015723443482658,5.0,7.92537260055542,1.138266921043396
1738183860.9573057,7.583487111701791,4.011439293175914,5.0,7.752931118011475,1.2424039840698242
1738183860.9890752,7.589668134600565,4.011160182511726,5.0,7.649744033813477,1.3048359155654907
1738183861.019379,7.586205651520355,4.006811635427253,5.0,7.546982288360596,1.367727279663086
1738183861.0416355,7.587598715636237,4.004795673160188,5.0,7.44494104385376,1.4315892457962036
1738183861.0770855,7.580014201919919,3.9999788585968665,5.0,7.343917369842529,1.4968688488006592
1738183861.1029065,7.572033097227846,3.999225719417683,5.0,7.244284152984619,1.5640689134597778
1738183861.1347911,7.56208408104323,3.9970580582224966,5.0,7.14641809463501,1.6336592435836792
1738183861.1614606,7.542164785363318,4.000671370473239,5.0,7.050703048706055,1.7060614824295044
1738183861.190878,7.530196732945957,4.004029510987739,5.0,6.988306045532227,1.7561144828796387
1738183861.215994,7.508197927333264,4.007188990941046,5.0,6.897124767303467,1.8341107368469238
1738183861.2468095,7.487912171348699,4.01819341612472,5.0,6.809291839599609,1.915884017944336
1738183861.2775974,7.456223084146504,4.029941350098598,5.0,6.725302219390869,2.001666784286499
1738183861.308277,7.427443390241953,4.042382035288581,5.0,6.645646095275879,2.091604709625244
1738183861.3403804,7.395130946783843,4.064036114185392,5.0,6.570874214172363,2.185802936553955
1738183861.3759255,7.367115682755529,4.086433415147534,5.0,6.501478672027588,2.2842469215393066
1738183861.4149764,7.324399355229638,4.109118087006214,5.0,6.41826057434082,2.422020196914673
1738183861.6117313,7.2800856624208095,4.141531396477848,5.0,6.346763610839844,2.56679630279541
1738183861.6490722,7.1079996062180175,4.174416788945402,5.0,6.2003960609436035,3.320917844772339
1738183861.6907127,7.06657574545599,4.23374188766862,5.0,6.215464115142822,3.484487295150757
1738183861.7300012,7.019314744959001,4.289335110753086,5.0,6.247486114501953,3.646286964416504
1738183861.768009,6.970505160813489,4.348071347842318,5.0,6.29656457901001,3.8046767711639404
1738183861.8055294,6.924691049307631,4.408247087375134,5.0,6.362509250640869,3.958033561706543
1738183861.8478088,6.882639032251755,4.461022465687596,5.0,6.445021152496338,4.104793548583984
1738183861.886069,6.864243376845865,4.513993040359903,5.0,6.543454647064209,4.2433390617370605
1738183861.9185717,6.833827821485227,4.558822602554644,5.0,6.656980037689209,4.372068405151367
1738183861.950244,6.8085885557838495,4.60266682246896,5.0,6.78451681137085,4.489517688751221
1738183861.9884212,6.824511813119993,4.644544895987882,5.0,6.888554096221924,4.5695414543151855
1738183862.0212789,6.8134406227088204,4.678293123711104,5.0,6.9990692138671875,4.642209529876709
1738183862.0529366,6.8770697725491585,4.712001407208661,5.0,7.155381202697754,4.727190971374512
1738183862.0911882,6.897414062563394,4.735766567317258,5.0,7.2783918380737305,4.781859874725342
1738183862.1221805,7.018716648055428,4.75935560660205,5.0,7.448921203613281,4.84237003326416
1738183862.1536012,7.0709601375850655,4.772972127933999,5.0,7.580846309661865,4.878467082977295
1738183862.1871433,7.197437516196304,4.786532245334392,5.0,7.715537071228027,4.906698703765869
1738183862.2222025,7.316634931527485,4.792365276762484,5.0,7.898451805114746,4.932157516479492
1738183862.2545576,7.3912909742550115,4.795998389367048,5.0,8.037410736083984,4.942347526550293
1738183862.2913024,7.5502744824582555,4.799540588427374,5.0,8.177326202392578,4.94509220123291
1738183862.324489,7.682546828964275,4.79544676022027,5.0,8.364585399627686,4.937653541564941
1738183862.359886,7.8601180652102345,4.789085236272509,5.0,8.505043983459473,4.924261569976807
1738183862.3923662,7.936226910450805,4.775425050241128,5.0,8.645112991333008,4.904487133026123
1738183862.4252338,8.069794512392694,4.762335030457961,5.0,8.830697059631348,4.868667125701904
1738183862.460782,8.26105334894837,4.74693485336599,5.0,8.968640327453613,4.835080146789551
1738183862.4961298,8.395929790019572,4.724519586038803,5.0,9.150436401367188,4.781888008117676
1738183862.531096,8.530206997035453,4.700117647843812,5.0,9.329227924346924,4.719761848449707
1738183862.5677848,8.72565120132937,4.673558703332521,5.0,9.460894584655762,4.667778491973877
1738183862.603178,8.795976287325221,4.640527573246831,5.0,9.5902738571167,4.61149787902832
1738183862.6385338,8.93591548994471,4.6084026812613725,5.0,9.75895881652832,4.53021240234375
1738183862.6683874,9.132912791515265,4.574047788025623,5.0,9.882261753082275,4.464848041534424
1738183862.703857,9.281215744002017,4.53375116199084,5.0,10.042030334472656,4.372125148773193
1738183862.7430196,9.375981556071242,4.491615528107192,5.0,10.158376693725586,4.298779487609863
1738183862.7749286,9.554001324315369,4.450360563689819,5.0,10.308585166931152,4.196399211883545
1738183862.815354,9.681623537441078,4.407222455054974,5.0,10.417497634887695,4.116328239440918
1738183862.8555799,9.899534845748361,4.3654296005754665,5.0,10.557612419128418,4.005692958831787
1738183862.8848195,10.103290213625527,4.322718815718277,5.0,10.69218635559082,3.8911681175231934
1738183862.9135973,10.30221340493057,4.285757784157472,5.0,10.789735794067383,3.8031716346740723
1738183862.9676678,10.58616475645127,4.2547129972115405,5.0,10.915616035461426,3.683781862258911
1738183863.020237,10.85227913067154,4.233870591353922,5.0,11.037514686584473,3.56276273727417
1738183863.0528316,11.15112000854027,4.220961754245621,5.0,11.186729431152344,3.410597801208496
1738183863.07981,11.365966805993558,4.205537052296224,5.0,11.30516242980957,3.2891674041748047
1738183863.1060863,11.460116828168859,4.190192543659579,5.0,11.364364624023438,3.2287800312042236
1738183863.13463,11.596733486993955,4.1731542529438626,5.0,11.45337963104248,3.13896107673645
1738183863.154838,11.71358882454354,4.159166893140482,5.0,11.542976379394531,3.0504097938537598
1738183863.1862755,11.785527536980279,4.143841390250648,5.0,11.603249549865723,2.992311477661133
1738183863.215355,11.882236925915933,4.128036410449965,5.0,11.694709777832031,2.9069137573242188
1738183863.2430966,11.966975519225166,4.118102273163923,5.0,11.787803649902344,2.8240606784820557
1738183863.2701745,12.028498675256644,4.108950594934149,5.0,11.882920265197754,2.7442305088043213
1738183863.3009064,12.076906699315602,4.100861288150771,5.0,11.980395317077637,2.6678991317749023
1738183863.324609,12.110364155821078,4.101571169475088,5.0,12.080523490905762,2.595627784729004
1738183863.3531983,12.121166029248743,4.104741434478007,5.0,12.148857116699219,2.549941062927246
1738183863.38627,12.124149178874276,4.109423349572667,5.0,12.253907203674316,2.4855539798736572
1738183863.4079626,12.113123120667055,4.116741194273037,5.0,12.362090110778809,2.4266223907470703
1738183863.4341285,12.099834146743811,4.135127496949448,5.0,12.473358154296875,2.37369441986084
1738183863.4641948,12.090309661752643,4.15647130166158,5.0,12.549205780029297,2.342041492462158
1738183863.4925737,12.044273791039867,4.179175028176565,5.0,12.665353775024414,2.3003573417663574
1738183863.5167232,12.020242315280692,4.212727265525853,5.0,12.784132957458496,2.2661044597625732
1738183863.5478284,11.999577053155345,4.247854741932943,5.0,12.905230522155762,2.2397501468658447
1738183863.5703351,11.989080551809456,4.284141120543641,5.0,12.987080574035645,2.226752519607544
1738183863.5972757,11.911897809987652,4.320407151062988,5.0,13.111161231994629,2.2144625186920166
1738183863.626033,11.900624604861974,4.366300463430315,5.0,13.194552421569824,2.2111871242523193
1738183863.6437669,11.891675744358052,4.411407497690637,5.0,13.320292472839355,2.213855028152466
1738183863.668971,11.81051368616684,4.456023990561887,5.0,13.404301643371582,2.22080659866333
1738183863.6915216,11.807951337827362,4.507563980771083,5.0,13.488268852233887,2.231940269470215
1738183863.7184882,11.81077753044796,4.556724022775217,5.0,13.571998596191406,2.247281789779663
1738183863.7439277,11.731792286561882,4.603503848699688,5.0,13.696762084960938,2.278287887573242
1738183863.7648985,11.750322746487551,4.656145404035813,5.0,13.82000732421875,2.3188490867614746
1738183863.7931952,11.781658147951518,4.705467619562095,5.0,13.94105052947998,2.3689186573028564
1738183863.826004,11.703571503233178,4.751342493013137,5.0,14.020188331604004,2.4075167179107666
1738183863.8489583,11.748037134892794,4.801930376282617,5.0,14.13611888885498,2.473088264465332
1738183863.8744135,11.692921892943732,4.848149999300322,5.0,14.248112678527832,2.54768443107605
1738183863.9058716,11.73186021268808,4.897391331783118,5.0,14.320286750793457,2.602266788482666
1738183863.9257472,11.79955555588438,4.941988229291021,5.0,14.424410820007324,2.6911911964416504
1738183863.9506967,11.733837863226384,4.981527845593515,5.0,14.490803718566895,2.755026340484619
1738183863.973497,11.785406485468036,5.024302442962333,5.0,14.554611206054688,2.8223612308502197
1738183863.993468,11.870445668331168,5.062343713543202,5.0,14.64511489868164,2.929628372192383
1738183864.0284781,11.811980375560115,5.094899793709977,5.0,14.701760292053223,3.005143880844116
1738183864.062841,11.907207360893981,5.130405323640892,5.0,14.780877113342285,3.124052047729492
1738183864.0861347,11.923281742832415,5.1598627165329995,5.0,14.874674797058105,3.292285203933716
1738183864.1167922,11.994869266558833,5.189146584344904,5.0,14.916269302368164,3.3801560401916504
1738183864.1503725,12.023934017283658,5.213575366106457,5.0,14.988285064697266,3.5625674724578857
1738183864.1838639,12.143178628443264,5.2372102767945465,5.0,15.03207015991211,3.704496383666992
1738183864.218217,12.146444533356279,5.253649709179898,5.0,15.066764831542969,3.8500654697418213
1738183864.256114,12.202386858718027,5.270718169109018,5.0,15.098663330078125,4.048633575439453
1738183864.2914035,12.341549573018465,5.28575232637505,5.0,15.111666679382324,4.20002555847168
1738183864.319872,12.414442499831821,5.293380599701241,5.0,15.114275932312012,4.403918743133545
1738183864.3580446,12.563105329400596,5.299174511710242,5.0,15.105246543884277,4.557502269744873
1738183864.3926034,12.644189718451731,5.297675981947324,5.0,15.078767776489258,4.761951446533203
1738183864.432211,12.793004906305297,5.294308200940179,5.0,15.04826545715332,4.914238452911377
1738183864.468187,12.874015043908411,5.283894631444694,5.0,14.993752479553223,5.1147589683532715
1738183864.5027227,12.910367982531447,5.271638986845605,5.0,14.942898750305176,5.2625627517700195
1738183864.5397465,13.091328312441531,5.259710131354516,5.0,14.86226749420166,5.455188274383545
1738183864.576531,13.173463797720109,5.238308044280822,5.0,14.767815589904785,5.641781806945801
1738183864.6072161,13.261199145240074,5.214978000990214,5.0,14.660585403442383,5.821475505828857
1738183864.642604,13.371431288204908,5.189476864693099,5.0,14.572420120239258,5.951095104217529
1738183864.6828544,13.425602775610352,5.157512607409141,5.0,14.478222846984863,6.075962543487549
1738183864.71264,13.52460897550616,5.126309036398932,5.0,14.344098091125488,6.234433650970459
1738183864.7536948,13.615449256810166,5.092776952235816,5.0,14.237624168395996,6.347004413604736
1738183864.7876048,13.72030370895833,5.053180114982528,5.0,14.088645935058594,6.488326549530029
1738183864.8203523,13.796659055140537,5.011464933479351,5.0,13.97214126586914,6.587586402893066
1738183864.8552737,13.88141370429037,4.970357520645892,5.0,13.811344146728516,6.710692882537842
1738183864.891896,13.934125030107486,4.921031310528258,5.0,13.687170028686523,6.796175479888916
1738183864.9336953,13.99161357891887,4.872674863415096,5.0,13.517683029174805,6.900879383087158
1738183864.9634387,14.02495515087776,4.822321845714318,5.0,13.344383239746094,6.9950385093688965
1738183865.0022976,14.04450161398141,4.770425409131731,5.0,13.212422370910645,7.058928489685059
1738183865.0357974,14.052554549781744,4.715382225894389,5.0,13.034703254699707,7.135378360748291
1738183865.0687366,14.049101937270315,4.664340987163011,5.0,12.90049934387207,7.186542987823486
1738183865.1087391,14.040273775739081,4.617232673395497,5.0,12.721145629882812,7.247097015380859
1738183865.1504917,14.025294966879843,4.576544907176679,5.0,12.541935920715332,7.300205707550049
1738183865.1896338,14.053984084110319,4.542893307687229,5.0,12.362998962402344,7.347650051116943
1738183865.2237523,14.043529578051352,4.51131316484005,5.0,12.229214668273926,7.380538463592529
1738183865.261226,14.071209745009957,4.475702251212978,5.0,12.051568031311035,7.422029495239258
1738183865.292555,14.112943760756922,4.438885451300169,5.0,11.875165939331055,7.4619340896606445
1738183865.318978,14.122911187101282,4.402715729148058,5.0,11.74386978149414,7.491735935211182
1738183865.347716,14.135556465871087,4.365653228830983,5.0,11.656954765319824,7.511882305145264
1738183865.3782773,14.163753816624265,4.328805077986405,5.0,11.527830123901367,7.543067455291748
1738183865.4064596,14.21998511949177,4.292403471649098,5.0,11.400330543518066,7.575968265533447
1738183865.439243,14.258691760454687,4.262479614959312,5.0,11.274659156799316,7.611301898956299
1738183865.46736,14.305591651664855,4.2353163438736425,5.0,11.151017189025879,7.649743556976318
1738183865.5015063,14.359326835800069,4.21132969633761,5.0,11.029622077941895,7.691921234130859
1738183865.5323377,14.420895991987763,4.191239539257117,5.0,10.871760368347168,7.755070686340332
1738183865.5716193,14.450792851276189,4.184235585114026,5.0,10.756749153137207,7.808311939239502
1738183865.6022773,14.48305216646612,4.182830048173245,5.0,10.608697891235352,7.888085842132568
1738183865.6294916,14.493688538298008,4.188833433092143,5.0,10.502172470092773,7.9549946784973145
1738183865.653967,14.492970957242099,4.200369155757429,5.0,10.433595657348633,8.003158569335938
1738183865.6794047,14.486216982306006,4.223870012203395,5.0,10.334792137145996,8.08083724975586
1738183865.710539,14.468232212836941,4.252717663002751,5.0,10.241436958312988,8.165112495422363
1738183865.731936,14.452101857445824,4.285819760590683,5.0,10.182546615600586,8.224943161010742
1738183865.754489,14.433500021286696,4.320635238346058,5.0,10.126543045043945,8.28763198852539
1738183865.7803864,14.39240151252781,4.365916003181428,5.0,10.048369407653809,8.386930465698242
1738183865.804696,14.369343351664119,4.413608405550887,5.0,10.000386238098145,8.456542015075684
1738183865.8309581,14.327713457187125,4.461641620637546,5.0,9.934979915618896,8.565840721130371
1738183865.849853,14.295455776133435,4.519721831738502,5.0,9.896018028259277,8.641786575317383
1738183865.8670385,14.266650868267472,4.576940574889159,5.0,9.860939502716064,8.720010757446289
1738183865.8881917,14.243860481074485,4.632609638894533,5.0,9.829856395721436,8.800371170043945
1738183865.9062254,14.215798545584727,4.686363021138446,5.0,9.802881240844727,8.882767677307129
1738183865.923135,14.197536410090038,4.738108807473623,5.0,9.780116558074951,8.967048645019531
1738183865.9457898,14.177509628373619,4.795955118366549,5.0,9.761639595031738,9.053031921386719
1738183865.9712162,14.16629793767165,4.8509799781368885,5.0,9.747516632080078,9.140531539916992
1738183865.9931798,14.16326082631023,4.903142057180295,5.0,9.737837314605713,9.229366302490234
1738183866.0302553,14.159540701852283,4.952392836618939,5.0,9.731722831726074,9.364609718322754
1738183866.0620856,14.16928768789375,5.006346410085702,5.0,9.739372730255127,9.547525405883789
1738183866.1077325,14.187082099635562,5.05600564401458,5.0,9.757007598876953,9.685611724853516
1738183866.151458,14.2159230865775,5.108799172534815,5.0,9.796245098114014,9.869516372680664
1738183866.2074053,14.254973468077102,5.155742941562652,5.0,9.870155334472656,10.096450805664062
1738183866.2528346,14.288351202694436,5.203102801236552,5.0,9.97092056274414,10.317048072814941
1738183866.304688,14.309758542489309,5.249684306553954,5.0,10.097411155700684,10.528107643127441
1738183866.3508801,14.315345794082528,5.294419673948586,5.0,10.248331069946289,10.726590156555176
1738183866.4018054,14.330675754800497,5.336396449158215,5.0,10.422192573547363,10.909570693969727
1738183866.4550512,14.307488225629287,5.367617966376993,5.0,10.617259979248047,11.074234008789062
1738183866.5021849,14.27362544943248,5.394506546251204,5.0,10.831440925598145,11.217928886413574
1738183866.5531073,14.244721964371656,5.416342889141048,5.0,11.062131881713867,11.338509559631348
1738183866.5974848,14.242735627998664,5.4327770063623895,5.0,11.306385040283203,11.434511184692383
1738183866.6393912,14.317139507801038,5.443547876523569,5.0,11.509486198425293,11.492998123168945
1738183866.6809325,14.361258692874388,5.443931049377726,5.0,11.717753410339355,11.534902572631836
1738183866.7224271,14.470540836306677,5.44138821556452,5.0,11.982942581176758,11.564244270324707
1738183866.7691474,14.647241432301074,5.43304594913899,5.0,12.197185516357422,11.56940746307373
1738183866.812668,14.815872960690143,5.4144614765647425,5.0,12.46536636352539,11.554051399230957
1738183866.8562007,15.001892578481442,5.390379054916017,5.0,12.731796264648438,11.515811920166016
1738183866.914149,15.130662302217113,5.3606122582388185,5.0,12.942294120788574,11.469640731811523
1738183866.9485502,15.317754172970263,5.328161982172511,5.0,13.200323104858398,11.394172668457031
1738183866.9847326,15.503525817593829,5.289990337147018,5.0,13.35179615020752,11.340279579162598
1738183867.0227818,15.624842574219393,5.245266258239208,5.0,13.549055099487305,11.259345054626465
1738183867.0567212,15.740898221511383,5.198434328682749,5.0,13.74046802520752,11.168896675109863
1738183867.0907505,15.918114137843085,5.149457838805164,5.0,13.87986946105957,11.095233917236328
1738183867.119837,16.024126235026575,5.094697409326141,5.0,14.059762954711914,10.990026473999023
1738183867.1425607,16.072981032831112,5.038231117704317,5.0,14.190110206604004,10.906305313110352
1738183867.1642733,16.18550186484843,4.983124926927216,5.0,14.27470874786377,10.848432540893555
1738183867.1841302,16.18124703715864,4.926008075695893,5.0,14.357317924499512,10.78911018371582
1738183867.2074747,16.292041262054475,4.873148915145049,5.0,14.43783950805664,10.728485107421875
1738183867.2305288,16.294624428211826,4.818187059549022,5.0,14.516217231750488,10.666674613952637
1738183867.2493653,16.40500871347394,4.767306789416085,5.0,14.592448234558105,10.603811264038086
1738183867.2782338,16.47488139083582,4.714487556020395,5.0,14.702972412109375,10.507590293884277
1738183867.3000836,16.586250429844657,4.662960373511157,5.0,14.774105072021484,10.442304611206055
1738183867.319041,16.671559036103496,4.6101982618679465,5.0,14.876997947692871,10.342917442321777
1738183867.3436916,16.727636738733693,4.559364936400805,5.0,14.910318374633789,10.309398651123047
1738183867.364744,16.770832957325446,4.510530726791545,5.0,15.007259368896484,10.208076477050781
1738183867.3925488,16.84036516218643,4.469751941838758,5.0,15.069581031799316,10.139920234680176
1738183867.4183257,16.97785780194034,4.435573819574967,5.0,15.160005569458008,10.03711223602295
1738183867.4417775,17.067574446235838,4.405560198196459,5.0,15.218459129333496,9.968189239501953
1738183867.465425,17.212982785604737,4.379571181309715,5.0,15.303878784179688,9.864530563354492
1738183867.4893193,17.307530230194267,4.354089195727321,5.0,15.359675407409668,9.795376777648926
1738183867.513755,17.388522984406013,4.331032803405989,5.0,15.414749145507812,9.726320266723633
1738183867.5378177,17.495542610564502,4.305346136191139,5.0,15.496194839477539,9.623003005981445
1738183867.5667336,17.553506467192037,4.280546294011979,5.0,15.549901962280273,9.554352760314941
1738183867.5936384,17.630005507751292,4.258758218487252,5.0,15.629942893981934,9.4520263671875
1738183867.61791,17.68397302237674,4.2345117495859075,5.0,15.709806442260742,9.350666046142578
1738183867.6371908,17.71302731180449,4.213420230780485,5.0,15.763235092163086,9.283804893493652
1738183867.6633835,17.728328809414293,4.192127477029493,5.0,15.816978454589844,9.217692375183105
1738183867.6855605,17.734607978247336,4.1707368559502465,5.0,15.898478507995605,9.120199203491211
1738183867.7092252,17.727785022937844,4.149504244686347,5.0,15.953653335571289,9.056498527526855
1738183867.7334168,17.71338360479151,4.134979943281646,5.0,16.009657859802246,8.994025230407715
1738183867.7570548,17.684097864148402,4.12189422480501,5.0,16.0955228805542,8.902851104736328
1738183867.7792358,17.66008186273933,4.110758563157346,5.0,16.154205322265625,8.843978881835938
1738183867.8102388,17.63304410515755,4.101317931309563,5.0,16.214173316955566,8.786818504333496
1738183867.8324056,17.548824413860377,4.0938083431821894,5.0,16.306730270385742,8.70459270477295
1738183867.8557742,17.490014900794826,4.096965236656673,5.0,16.40272617340088,8.627033233642578
1738183867.8812573,17.45073002017384,4.103893912075919,5.0,16.468745231628418,8.578186988830566
1738183867.9108982,17.33281728454038,4.1130762680793485,5.0,16.57094669342041,8.509540557861328
1738183867.937078,17.269484459248208,4.134231186550762,5.0,16.67700481414795,8.44699478149414
1738183867.965398,17.231160750906096,4.159113198022318,5.0,16.749794960021973,8.408957481384277
1738183867.9980829,17.18114438285685,4.185760955966856,5.0,16.862006187438965,8.3577880859375
1738183868.0271602,17.047863196134237,4.214985478406066,5.0,16.97763442993164,8.314188003540039
1738183868.050907,17.00967606988745,4.255157413322389,5.0,17.096322059631348,8.278618812561035
1738183868.075626,16.984765411971974,4.296858202762356,5.0,17.217671394348145,8.251572608947754
1738183868.1047492,16.86699199013656,4.339538098916251,5.0,17.29981803894043,8.238452911376953
1738183868.1314101,16.859961245698106,4.390838486113572,5.0,17.42455768585205,8.226386070251465
1738183868.1523619,16.86470733745249,4.441997312204563,5.0,17.508488655090332,8.22356128692627
1738183868.1742408,16.76500041191435,4.491584410597484,5.0,17.63508892059326,8.227289199829102
1738183868.1983125,16.785391860877283,4.548094290139101,5.0,17.719714164733887,8.235170364379883
1738183868.221883,16.814204043916792,4.601855586759801,5.0,17.80432415008545,8.247419357299805
1738183868.249471,16.74568306282436,4.652938743496566,5.0,17.930834770202637,8.273987770080566
1738183868.2757795,16.81784258196429,4.709501687671465,5.0,18.05622100830078,8.31040096282959
1738183868.3009527,16.875169252926074,4.762379304615269,5.0,18.138839721679688,8.340110778808594
1738183868.3271596,16.842562366784225,4.811732116930489,5.0,18.26087188720703,8.392714500427246
1738183868.3501036,16.914832123480107,4.8650436965967225,5.0,18.340652465820312,8.433080673217773
1738183868.3787174,17.034833369769913,4.914020552621699,5.0,18.457530975341797,8.501399993896484
1738183868.4043715,16.989238475595776,4.95820205277691,5.0,18.53331756591797,8.551987648010254
1738183868.43034,17.127499953538948,5.00586296690648,5.0,18.64334487915039,8.63525104522705
1738183868.4586248,17.2255102209245,5.047991277962678,5.0,18.714014053344727,8.695501327514648
1738183868.483842,17.24823209117874,5.085694530805922,5.0,18.815568923950195,8.792688369750977
1738183868.5035684,17.4106032710634,5.125526148980145,5.0,18.911306381225586,8.897710800170898
1738183868.5316465,17.39348456440756,5.159409091856068,5.0,18.971656799316406,8.97183895111084
1738183868.5547564,17.509083865091572,5.196128264645458,5.0,19.0290584564209,9.049115180969238
1738183868.5831401,17.687893767412408,5.2278535734625615,5.0,19.109312057495117,9.170598983764648
1738183868.602223,17.74613583210302,5.2535157043794385,5.0,19.182199478149414,9.298317909240723
1738183868.6322665,17.87287540582751,5.280305716960707,5.0,19.226459503173828,9.38666820526123
1738183868.6538248,17.943417191388097,5.3019673505010685,5.0,19.28607940673828,9.523589134216309
1738183868.674529,18.076594837386153,5.324439650343701,5.0,19.3211612701416,9.617535591125488
1738183868.696859,18.211746432371328,5.34139348423284,5.0,19.352399826049805,9.713412284851074
1738183868.7198231,18.228097298302778,5.35372877227474,5.0,19.379741668701172,9.811033248901367
1738183868.7447324,18.367500365357103,5.368536133142356,5.0,19.403196334838867,9.910191535949707
1738183868.7757351,18.460225215611537,5.378104735185122,5.0,19.430919647216797,10.061417579650879
1738183868.806592,18.67341205352639,5.388228613537874,5.0,19.449600219726562,10.215043067932129
1738183868.8346863,18.770945197119108,5.3910336757581785,5.0,19.459068298339844,10.370426177978516
1738183868.866929,19.05351361431498,5.394273776720189,5.0,19.457366943359375,10.579209327697754
1738183868.8987775,19.148490411518463,5.388028905387197,5.0,19.445472717285156,10.73618221282959
1738183868.9364114,19.35119543420106,5.382239402392944,5.0,19.424583435058594,10.892801284790039
1738183868.9637337,19.43982530542563,5.369436266456247,5.0,19.394811630249023,11.04845905303955
1738183869.0058296,19.62843495631407,5.357236291641758,5.0,19.35651969909668,11.202631950378418
1738183869.0386674,19.765992209598696,5.338152298961244,5.0,19.29251480102539,11.404953956604004
1738183869.0741317,19.839691228917715,5.317241580925737,5.0,19.235185623168945,11.553655624389648
1738183869.1085174,20.051105547402457,5.296896627111969,5.0,19.14685821533203,11.746992111206055
1738183869.141162,20.112498347073387,5.267123753263506,5.0,19.072246551513672,11.887737274169922
1738183869.1721082,20.217301979190285,5.238366173648328,5.0,18.962369918823242,12.068891525268555
1738183869.2064862,20.34815752971743,5.207642445392179,5.0,18.87272071838379,12.19926643371582
1738183869.2370636,20.400470814916627,5.170537249401009,5.0,18.77739143371582,12.32461166381836
1738183869.2682688,20.51626640194837,5.134686292415035,5.0,18.67685890197754,12.444683074951172
1738183869.29716,20.563111023100706,5.092722100567126,5.0,18.57149887084961,12.559215545654297
1738183869.332497,20.642369133358752,5.0522142917344475,5.0,18.424299240112305,12.703049659729004
1738183869.3594825,20.734346370692844,5.010101958495918,5.0,18.3093318939209,12.804082870483398
1738183869.3925128,20.77193296800237,4.962260115030706,5.0,18.19076919555664,12.899239540100098
1738183869.4234173,20.80888743846369,4.916092439123134,5.0,18.06906509399414,12.988357543945312
1738183869.4542122,20.879442361458995,4.871364554420148,5.0,17.944626808166504,13.071319580078125
1738183869.488573,20.910656354566676,4.821054378047799,5.0,17.817870140075684,13.148174285888672
1738183869.5213697,20.94023577969683,4.772458711740107,5.0,17.689208030700684,13.218986511230469
1738183869.5522676,20.98368175477461,4.725376353804243,5.0,17.51524066925049,13.304021835327148
1738183869.584758,21.02104664154725,4.676859504396408,5.0,17.383252143859863,13.36104679107666
1738183869.617777,21.025736136807673,4.623201116695163,5.0,17.250374794006348,13.41240406036377
1738183869.6493325,21.047750403120833,4.578271578441985,5.0,17.072470664978027,13.472431182861328
1738183869.6801257,21.0552084902212,4.532092563619287,5.0,16.938715934753418,13.511530876159668
1738183869.7125864,21.055974518663717,4.487863711212068,5.0,16.805068016052246,13.545966148376465
1738183869.7417896,21.04840073742846,4.445609598366114,5.0,16.671916007995605,13.576217651367188
1738183869.7737448,21.030108235973376,4.40539366420686,5.0,16.539234161376953,13.602827072143555
1738183869.8040223,21.001622070986656,4.367270930925686,5.0,16.407193183898926,13.626215934753418
1738183869.833118,20.96113473109347,4.331294335274516,5.0,16.275933265686035,13.64700698852539
1738183869.866913,20.90586681905233,4.29750158723811,5.0,16.145572662353516,13.666014671325684
1738183869.8991659,20.837111152838354,4.2658847067481185,5.0,16.01614284515381,13.68371868133545
1738183869.933744,20.755140058126308,4.23639627562718,5.0,15.887673377990723,13.700728416442871
1738183869.9700131,20.630282165686616,4.20904205547575,5.0,15.717913627624512,13.723617553710938
1738183870.00449,20.517521281424482,4.181280883550384,5.0,15.591696739196777,13.741888046264648
1738183870.0378144,20.36076133443936,4.155432449911224,5.0,15.42490005493164,13.768834114074707
1738183870.0678585,20.224406079498394,4.129134122331484,5.0,15.301164627075195,13.791826248168945
1738183870.0990984,20.079336656931677,4.1046653925118965,5.0,15.178810119628906,13.817846298217773
1738183870.134083,19.926803005396255,4.0818620589615575,5.0,15.058073043823242,13.847514152526855
1738183870.168568,19.739327022713365,4.060573249439161,5.0,14.900039672851562,13.893701553344727
1738183870.1999707,19.476404587218397,4.038568065517671,5.0,14.745831489562988,13.94825553894043
1738183870.2316654,19.320079338321655,4.022671125961493,5.0,14.633124351501465,13.99509334564209
1738183870.2637005,19.171108640910138,4.007605410236838,5.0,14.52340030670166,14.047280311584473
1738183870.298008,19.03326873258387,3.993510614109359,5.0,14.416990280151367,14.104869842529297
1738183870.3311386,18.91060474608406,3.980412200145423,5.0,14.314146995544434,14.167705535888672
1738183870.3619187,18.811018765166875,3.968305813436565,5.0,14.1830415725708,14.259432792663574
1738183870.391636,18.73022974783225,3.954852921812512,5.0,14.089531898498535,14.333993911743164
1738183870.4319048,18.66695271757618,3.9425083333426,5.0,14.00036334991455,14.413145065307617
1738183870.6326375,18.648033505332968,3.9312051486584103,5.0,13.888339042663574,14.525123596191406
1738183870.663341,18.6297618502536,3.9184667355897145,5.0,13.436723709106445,15.167295455932617
1738183870.687126,18.655426331891007,3.9047565604858447,5.0,13.382338523864746,15.27183723449707
1738183870.7131395,18.753144770628104,3.897595252262829,5.0,13.3475923538208,15.342153549194336
1738183870.750464,18.781046329608355,3.8882424888357323,5.0,13.297383308410645,15.448262214660645
1738183870.782845,18.859345845347228,3.8807605005611343,5.0,13.23274040222168,15.590327262878418
1738183870.8097017,18.88919518399773,3.8730495234819275,5.0,13.18482494354248,15.696829795837402
1738183870.8357718,18.98808774199881,3.8672626779317616,5.0,13.152726173400879,15.767621040344238
1738183870.865003,19.01850812793163,3.8578207335667756,5.0,13.104058265686035,15.873368263244629
1738183870.8910234,19.05000538853019,3.8502721792141767,5.0,13.054338455200195,15.97834587097168
1738183870.9195123,19.083436351322444,3.844465191207793,5.0,13.003144264221191,16.082324981689453
1738183870.9461997,19.12012791517191,3.840267334413024,5.0,12.949967384338379,16.185041427612305
1738183870.9686856,19.217650532177164,3.8375654544787436,5.0,12.913176536560059,16.252674102783203
1738183870.9959927,19.259711327060163,3.830799993450821,5.0,12.855660438537598,16.352663040161133
1738183871.0264034,19.308480195285526,3.825928219454948,5.0,12.794936180114746,16.45054054260254
1738183871.0575585,19.3151495479664,3.8226433377401188,5.0,12.75251293182373,16.51442527770996
1738183871.091976,19.380394447744298,3.8224034165473055,5.0,12.685726165771484,16.6079158782959
1738183871.1233022,19.506820459950756,3.8231499931316204,5.0,12.590415954589844,16.72763442993164
1738183871.1505027,19.591641478029416,3.8227345526708323,5.0,12.514080047607422,16.813270568847656
1738183871.1803687,19.685054530153153,3.8229040322743626,5.0,12.433521270751953,16.894916534423828
1738183871.211643,19.785389212715938,3.8236163275407495,5.0,12.348823547363281,16.972240447998047
1738183871.243793,19.890123345868613,3.824793484997564,5.0,12.260157585144043,17.04497718811035
1738183871.2823465,20.03744539360755,3.8263587457548924,5.0,12.136292457580566,17.134628295898438
1738183871.3171616,20.136534108963307,3.8260945906805675,5.0,12.03946590423584,17.196117401123047
1738183871.3446674,20.23003468505235,3.8261958032085057,5.0,11.939652442932129,17.25265121459961
1738183871.380635,20.31635044450326,3.8266214040924695,5.0,11.837164878845215,17.304197311401367
1738183871.4082031,20.372041919333096,3.82732210989626,5.0,11.696974754333496,17.365392684936523
1738183871.4448242,20.370486042145632,3.8259139350279723,5.0,11.589608192443848,17.40587043762207
1738183871.4748354,20.3702729573519,3.824863948824567,5.0,11.480677604675293,17.441953659057617
1738183871.5090342,20.37134794199553,3.8241233145414264,5.0,11.370504379272461,17.474037170410156
1738183871.5409155,20.36997519428509,3.82367069779422,5.0,11.222131729125977,17.511306762695312
1738183871.5707846,20.37228209862229,3.8210737137441053,5.0,11.110029220581055,17.535701751708984
1738183871.608807,20.37502527945808,3.8189293323614812,5.0,10.99740982055664,17.557443618774414
1738183871.6402662,20.37560790576568,3.8172278483408006,5.0,10.846726417541504,17.58312225341797
1738183871.6720512,20.379331441021165,3.8135810407078554,5.0,10.733484268188477,17.60065460205078
1738183871.7048287,20.38307887255053,3.810577751142218,5.0,10.620160102844238,17.617210388183594
1738183871.743562,20.38473893784901,3.808233365404569,5.0,10.506851196289062,17.63332176208496
1738183871.7763536,20.3813362426001,3.7989965185562937,5.0,10.355923652648926,17.65500831604004
1738183871.8060403,20.336846812054098,3.796111573592063,5.0,10.242964744567871,17.671987533569336
1738183871.8416083,20.21727987635439,3.7864041489757803,5.0,10.092845916748047,17.69638442993164
1738183871.8706682,20.16052748376985,3.7832061391970013,5.0,9.980749607086182,17.71653938293457
1738183871.9027345,20.056922731585516,3.77314455796802,5.0,9.869208335876465,17.738725662231445
1738183871.937413,19.94056357443723,3.764283863298217,5.0,9.758359909057617,17.763301849365234
1738183871.973373,19.799452780080202,3.756402691496316,5.0,9.611947059631348,17.800352096557617
1738183872.0059154,19.666832078836485,3.7470578189937336,5.0,9.503323078155518,17.83159637451172
1738183872.0393088,19.40316674616504,3.738407750352021,5.0,9.360419750213623,17.878280639648438
1738183872.0758948,19.25985527565795,3.7347523957511846,5.0,9.25489330291748,17.917190551757812
1738183872.1101084,19.257391088882247,3.7313687416706287,5.0,9.150865077972412,17.9594669342041
1738183872.1430016,19.002642197771873,3.7215743287204486,5.0,9.014573574066162,18.020904541015625
1738183872.175178,18.893352501691208,3.716546719391292,5.0,8.914235591888428,18.070558547973633
1738183872.2051158,18.816472836536544,3.712890700090577,5.0,8.783063888549805,18.141202926635742
1738183872.245373,18.716242524249225,3.7084382388360977,5.0,8.718563556671143,18.178268432617188
1738183872.275935,18.67455305060363,3.7086596121925437,5.0,8.59138298034668,18.255128860473633
1738183872.324652,18.51608875737461,3.70923962435744,5.0,8.466029644012451,18.334659576416016
1738183872.3642755,18.49960811248963,3.7188390577242485,5.0,8.34180498123169,18.415849685668945
1738183872.4032722,18.478369307007437,3.730425194887277,5.0,8.217761993408203,18.49735450744629
1738183872.435797,18.44439991917316,3.742078622931635,5.0,8.093234539031982,18.57830238342285
1738183872.4789922,18.376892132319455,3.7544620681255463,5.0,7.999153137207031,18.638141632080078
1738183872.5127304,18.311684227893476,3.76963237256619,5.0,7.872220516204834,18.715919494628906
1738183872.5467727,18.35584853416308,3.787100153742505,5.0,7.743010520935059,18.790424346923828
1738183872.5832102,18.249051012278827,3.8005495299747194,5.0,7.644247055053711,18.84343910217285
1738183872.6116853,18.270787632824852,3.818736590596421,5.0,7.509732723236084,18.909393310546875
1738183872.6493678,18.14125505820559,3.8341187310425497,5.0,7.441170692443848,18.93998908996582
1738183872.684263,18.147557685420974,3.855659083893984,5.0,7.3013458251953125,18.9957218170166
1738183872.7179353,18.006682857771036,3.875180458149204,5.0,7.157928943634033,19.043161392211914
1738183872.74889,18.00294847964345,3.9011078730999573,5.0,7.0481133460998535,19.072662353515625
1738183872.780551,17.855203870401443,3.9254002922907545,5.0,6.93651008605957,19.0964298248291
1738183872.8161585,17.84809819166369,3.9567821370290166,5.0,6.823328495025635,19.114093780517578
1738183872.847241,17.6971380806723,3.9864932771185804,5.0,6.670413970947266,19.127439498901367
1738183872.875301,17.689802127081094,4.023225034524597,5.0,6.554676532745361,19.129404067993164
1738183872.9012306,17.682407132281227,4.057831783872601,5.0,6.43844747543335,19.124107360839844
1738183872.9278793,17.542201109760295,4.090188800106394,5.0,6.36088752746582,19.116443634033203
1738183872.956556,17.53676511196424,4.129217896499164,5.0,6.24477481842041,19.098600387573242
1738183872.9800065,17.40212000440716,4.165234792720288,5.0,6.129327774047852,19.072973251342773
1738183873.0023046,17.40010202958251,4.206880043407825,5.0,6.052972316741943,19.05152702331543
1738183873.0257134,17.395986697624696,4.245263978632919,5.0,5.93970799446106,19.012741088867188
1738183873.0465686,17.27274535054509,4.280080675077044,5.0,5.865276098251343,18.98246192932129
1738183873.0667682,17.27128292360826,4.3203997689615115,5.0,5.79187273979187,18.948667526245117
1738183873.0845811,17.268659561937667,4.357202063217257,5.0,5.719651699066162,18.911352157592773
1738183873.1075146,17.153295245660857,4.390578120922902,5.0,5.648762464523315,18.870534896850586
1738183873.1256964,17.15144636255255,4.429035278654697,5.0,5.579351186752319,18.826265335083008
1738183873.144003,17.147707241208263,4.463574805824689,5.0,5.5115649700164795,18.778593063354492
1738183873.1669436,17.03898424644426,4.49425130847538,5.0,5.445571660995483,18.727542877197266
1738183873.1889274,17.035590288659524,4.529407304633167,5.0,5.381515026092529,18.673198699951172
1738183873.212752,17.0299887614035,4.560306462783264,5.0,5.319536209106445,18.615642547607422
1738183873.232668,16.924335783015632,4.5872392181748065,5.0,5.23081111907959,18.523448944091797
1738183873.2528138,16.918112577407555,4.617258543233976,5.0,5.174720764160156,18.458240509033203
1738183873.2738893,16.90981849433178,4.642896753917355,5.0,5.121230840682983,18.390169143676758
1738183873.2921057,16.813710168691486,4.664523731977108,5.0,5.070490598678589,18.319334030151367
1738183873.3159962,16.80634813607846,4.69008761170449,5.0,5.02263879776001,18.245859146118164
1738183873.3334792,16.797157007337514,4.711286404062034,5.0,4.977792739868164,18.169879913330078
1738183873.348525,16.707222696381194,4.728404503530491,5.0,4.93606972694397,18.09153175354004
1738183873.3657324,16.70354318246461,4.749277562703226,5.0,4.916431188583374,18.051509857177734
1738183873.3868828,16.694966624196514,4.767147489734703,5.0,4.879650831222534,17.9698543548584
1738183873.4050922,16.609774909873554,4.780894711799312,5.0,4.846288442611694,17.88618278503418
1738183873.422264,16.602572240844317,4.798164818067808,5.0,4.816442251205444,17.800662994384766
1738183873.445048,16.59376510483071,4.810732397326027,5.0,4.790205001831055,17.713462829589844
1738183873.4638305,16.512301948474068,4.819074409851714,5.0,4.767632722854614,17.6247615814209
1738183873.4849637,16.503538287674417,4.830912058893638,5.0,4.748777866363525,17.534744262695312
1738183873.5102425,16.467888923466628,4.838137008348429,5.0,4.733716249465942,17.44359016418457
1738183873.5316865,16.397218123692106,4.841193350649097,5.0,4.718256711959839,17.305139541625977
1738183873.556568,16.307036786978845,4.845903776172795,5.0,4.712719678878784,17.211971282958984
1738183873.5831473,16.28882793667275,4.8461284671911296,5.0,4.711036920547485,17.118328094482422
1738183873.611041,16.15748969633393,4.849839593338956,5.0,4.715726613998413,16.977371215820312
1738183873.6403282,16.10358923223149,4.847121589063521,5.0,4.729055643081665,16.836368560791016
1738183873.6690154,16.018217365620654,4.845734691493718,5.0,4.742684602737427,16.742631912231445
1738183873.7008262,15.970518147421986,4.8399859879791975,5.0,4.770097255706787,16.602846145629883
1738183873.7351768,15.804516026165393,4.835557157239584,5.0,4.819432973861694,16.41884422302246
1738183873.767509,15.766138227831933,4.822496012689837,5.0,4.865776062011719,16.283302307128906
1738183873.7950153,15.647651811983115,4.810719023293877,5.0,4.919816017150879,16.150407791137695
